team_name,label,date,points,Home_Away,teamId,competitionId,seasonId,roundId,matchId,average_accelerations,average_aerialDuels,average_assists,average_attackingActions,average_backPasses,average_ballLosses,average_ballRecoveries,average_concededGoals,average_corners,average_crosses,average_dangerousOpponentHalfRecoveries,average_dangerousOwnHalfLosses,average_defensiveActions,average_defensiveDuels,average_defensiveDuelsWon,average_directFreeKicks,average_directFreeKicksOnTarget,average_directRedCards,average_dribbleDistanceFromOpponentGoal,average_dribbles,average_duels,average_duelsWon,average_fieldAerialDuels,average_fieldAerialDuelsWon,average_forwardPasses,average_fouls,average_freeKicks,average_freeKicksOnTarget,average_gkAerialDuels,average_gkAerialDuelsWon,average_gkExits,average_gkGoalKicks,average_gkGoalKicksSuccess,average_gkSaves,average_gkSuccessfulExits,average_goals,average_headShots,average_interceptions,average_keyPasses,average_lateralPasses,average_linkupPlays,average_longGoalKicks,average_longPassLength,average_longPasses,average_looseBallDuels,average_looseBallDuelsWon,average_missedBalls,average_newDefensiveDuelsWon,average_newDuelsWon,average_newOffensiveDuelsWon,average_newSuccessfulDribbles,average_offensiveDuels,average_offensiveDuelsWon,average_offsides,average_opponentHalfRecoveries,average_opponentOffsides,average_ownHalfLosses,average_passLength,average_passes,average_passesToFinalThird,average_penalties,average_possessionPercent,average_progressiveRun,average_receivedPass,average_redCards,average_shortGoalKicks,average_shotAssists,average_shotOnTargetAssists,average_shots,average_shotsAgainst,average_smartPasses,average_successfulAttackingActions,average_successfulBackPasses,average_successfulCrosses,average_successfulDefensiveAction,average_successfulDribbles,average_successfulForwardPasses,average_successfulKeyPasses,average_successfulLateralPasses,average_successfulLinkupPlays,average_successfulLongPasses,average_successfulPasses,average_successfulPassesToFinalThird,average_successfulPenalties,average_successfulSmartPasses,average_successfulThroughPasses,average_successfulVerticalPasses,average_throughPasses,average_touchInBox,average_verticalPasses,average_xgShot,average_xgShotAgainst,average_yellowCards,percent_aerialDuelsWon,percent_defensiveDuelsWon,percent_directFreeKicksOnTarget,percent_duelsWon,percent_fieldAerialDuelsWon,percent_gkAerialDuelsWon,percent_gkSaves,percent_gkSuccessfulExits,percent_goalConversion,percent_headShotsOnTarget,percent_newDefensiveDuelsWon,percent_newDuelsWon,percent_newOffensiveDuelsWon,percent_newSuccessfulDribbles,percent_offensiveDuelsWon,percent_penaltiesConversion,percent_shotsOnTarget,percent_successfulBackPasses,percent_successfulCrosses,percent_successfulDribbles,percent_successfulForwardPasses,percent_successfulKeyPasses,percent_successfulLateralPasses,percent_successfulLinkupPlays,percent_successfulLongPasses,percent_successfulPasses,percent_successfulPassesToFinalThird,percent_successfulShotAssists,percent_successfulSmartPasses,percent_successfulThroughPasses,percent_successfulTouchInBox,percent_successfulVerticalPasses,percent_win,percent_yellowCardsPerFoul,total_accelerations,total_aerialDuels,total_aerialDuelsWon,total_assists,total_attackingActions,total_backPasses,total_cleanSheets,total_concededGoals,total_corners,total_crosses,total_dangerousOpponentHalfRecoveries,total_dangerousOwnHalfLosses,total_defensiveActions,total_defensiveDuels,total_defensiveDuelsWon,total_directFreeKicks,total_directFreeKicksOnTarget,total_directRedCards,total_dribbles,total_duels,total_duelsWon,total_fieldAerialDuels,total_fieldAerialDuelsWon,total_forwardPasses,total_fouls,total_freeKicks,total_freeKicksOnTarget,total_gkAerialDuels,total_gkAerialDuelsWon,total_gkExits,total_gkGoalKicks,total_gkGoalKicksSuccess,total_gkSaves,total_gkSuccessfulExits,total_goals,total_headShots,total_interceptions,total_keyPasses,total_lateralPasses,total_linkupPlays,total_longGoalKicks,total_longPasses,total_looseBallDuels,total_looseBallDuelsWon,total_losses,total_matches,total_matchesTagged,total_missedBalls,total_newDefensiveDuelsWon,total_newDuelsWon,total_newOffensiveDuelsWon,total_newSuccessfulDribbles,total_offensiveDuels,total_offensiveDuelsWon,total_offsides,total_opponentHalfRecoveries,total_opponentOffsides,total_ownHalfLosses,total_passes,total_passesToFinalThird,total_penalties,total_ppda,total_pressingDuels,total_pressingDuelsWon,total_progressiveRun,total_receivedPass,total_recoveries,total_redCards,total_shortGoalKicks,total_shotAssists,total_shotOnTargetAssists,total_shots,total_shotsAgainst,total_smartPasses,total_successfulAttackingActions,total_successfulBackPasses,total_successfulCrosses,total_successfulDefensiveActions,total_successfulDribbles,total_successfulForwardPasses,total_successfulKeyPasses,total_successfulLateralPasses,total_successfulLinkupPlays,total_successfulLongPasses,total_successfulPasses,total_successfulPassesToFinalThird,total_successfulPenalties,total_successfulSmartPasses,total_successfulThroughPasses,total_successfulVerticalPasses,total_throughPasses,total_touchInBox,total_verticalPasses,total_xgShot,total_xgShotAgainst,total_yellowCards
Unirea Slobozia,"CFR Cluj - Unirea Slobozia, 2-1",2025-07-13 20:30:00,0,Away,11663,719,191642,4435361,5715686,2.52,41.21,0.84,29.44,38.69,94.21,73.18,1.68,1.68,9.25,0.84,5.05,115.2,49.63,4.21,0,0,0,20.31,11.78,176.6,59.72,36.17,15.14,97.57,13.46,3.36,2.52,2.52,1.68,4.21,9.25,5.89,0.84,0,0.84,1.68,24.39,0,68.97,2.52,9.25,24.26,35.33,37.85,15.14,1.68,26.92,74.02,13.46,3.36,47.94,21.87,0.84,17.66,1.68,27.76,17.89,241.4,34.49,0,40,4.21,152.2,0,0,3.36,0,7.57,7.57,0.84,8.41,36.17,2.52,69.81,5.89,64.77,0,60.56,0.84,17.66,187.6,19.35,0,0,0,60.56,0.84,6.73,68.97,0.45,1.24,0.84,44.9,8.47,0,33.81,41.86,66.67,0,0,11.11,50,54.24,41.9,28.07,28.57,45.61,0,33.33,93.48,27.27,50,66.38,0,87.8,33.33,50,77.7,56.1,50,0,0,75,87.8,0,6.25,3,49,22,1,35,46,0,2,2,11,1,6,137,59,5,0,0,0,14,210,71,43,18,116,16,4,3,3,2,5,11,7,1,0,1,2,29,0,82,3,11,42,45,18,112,1,1,2,32,88,16,4,57,26,1,21,2,33,287,41,0,11.34,3,0,5,181,87,0,0,4,0,9,9,1,10,43,3,83,7,77,0,72,1,21,223,23,0,0,0,72,1,8,82,0.54,1.48,1
Hermannstadt,"FCS Bucureşti - Hermannstadt, 1-1",2025-07-12 20:30:00,1,Away,55427,719,191642,4435361,5715684,0,44.55,0,25.84,43.66,118.5,83.76,0.89,0.89,6.24,4.46,8.02,163.1,72.18,19.6,0,0,0,17.72,13.37,201.4,70.4,40.1,14.26,119.4,7.13,0.89,0,3.56,3.56,11.58,3.56,2.67,4.46,0,0.89,1.78,46.34,0.89,94.46,0,3.56,27.78,49.01,22.28,8.91,4.46,56.14,105.2,21.39,8.91,62.38,23.17,0,22.28,0.89,56.14,20.51,298.5,36.53,0,35.7,7.13,191.6,0,0,2.67,0.89,6.24,16.04,0,15.15,39.21,3.56,121.2,10.69,85.54,0.89,82.87,0,35.64,238.8,25.84,0,0,0.89,82.87,2.67,8.02,94.46,0.66,1.7,0.89,42,27.16,0,34.96,35.56,100,0,0,14.29,100,77.78,52.21,34.29,66.67,37.14,0,42.86,89.8,57.14,80,71.64,100,87.74,0,72.73,80,70.73,100,0,33.33,55.56,87.74,0,12.5,0,50,21,0,29,49,0,1,1,7,5,9,183,81,22,0,0,0,15,226,79,45,16,134,8,1,0,4,4,13,4,3,5,0,1,2,52,1,106,0,4,55,25,10,133,1,1,5,63,118,24,10,70,26,0,25,1,63,335,41,0,22.12,6,0,8,215,94,0,0,3,1,7,18,0,17,44,4,136,12,96,1,93,0,40,268,29,0,0,1,93,3,9,106,0.74,1.91,1
Argeș,"Dinamo Bucureşti - Argeș, 0-1",2026-03-01 17:00:00,3,Away,23334,719,191642,4435361,5715906,0.91,40.91,0,36.36,60,97.27,80.91,0,2.73,12.73,2.73,4.55,142.7,60,10,0,0,0,35.12,17.27,188.2,66.36,33.64,17.27,109.1,10,1.82,0,2.73,2.73,3.64,10.91,7.27,3.64,0,0.91,0,41.82,0.91,66.36,0,9.09,21.54,47.27,26.36,10,7.27,38.18,86.36,18.18,4.55,60.91,26.36,0,24.55,2.73,33.64,19.03,271.8,35.45,0,40.4,13.64,171.8,0,1.82,4.55,0.91,6.36,10,0,9.09,55.45,0.91,100,10,70,0.91,54.55,0,27.27,209.1,15.45,0,0,0,54.55,0,8.18,66.36,0.57,1.3,2.73,48.89,16.67,0,35.27,51.35,100,0,0,14.29,0,63.64,45.89,29.85,26.32,43.28,0,57.14,92.42,7.14,57.89,64.17,100,82.19,0,57.69,76.92,43.59,80,0,0,66.67,82.19,100,27.27,1,45,22,0,40,66,1,0,3,14,3,5,157,66,11,0,0,0,19,207,73,37,19,120,11,2,0,3,3,4,12,8,4,0,1,0,46,1,73,0,10,52,29,11,107,1,1,8,42,95,20,5,67,29,0,27,3,37,299,39,0,16.87,9,0,15,189,89,0,2,5,1,7,11,0,10,61,1,110,11,77,1,60,0,30,230,17,0,0,0,60,0,9,73,0.63,1.43,3
Csikszereda Miercurea Ciuc,"Oţelul - Csikszereda Miercurea Ciuc, 3-0",2026-01-26 16:00:00,0,Away,22731,719,191642,4435361,5715857,0,30.97,0,32.9,42.58,107.4,73.55,2.9,2.9,5.81,3.87,8.71,118.1,47.42,8.71,0,0,0,24.04,17.42,166.4,63.87,25.16,8.71,110.3,15.48,2.9,1.94,2.9,1.94,3.87,11.61,7.74,2.9,0,0,0,39.68,0.97,71.61,0.97,8.71,23.44,47.42,36.77,10.65,0.97,23.23,70.65,25.16,10.65,51.29,32.9,0,22.26,1.94,53.23,18.98,261.3,33.87,0,30,11.61,157.7,0,2.9,4.84,0.97,9.68,19.35,0,14.52,38.71,2.9,74.52,11.61,63.87,0.97,61.94,0,21.29,192.6,21.29,0,0,0,61.94,2.9,8.71,71.61,0.34,3.21,3.87,37.5,18.37,0,38.37,34.62,66.67,0,0,0,0,48.98,42.44,49.06,61.11,64.15,0,10,90.91,50,66.67,57.89,100,86.49,0,44.9,73.7,62.86,20,0,0,22.22,86.49,0,25,0,32,12,0,34,44,0,3,3,6,4,9,122,49,9,0,0,0,18,172,66,26,9,114,16,3,2,3,2,4,12,8,3,0,0,0,41,1,74,1,9,49,38,11,111,1,1,1,24,73,26,11,53,34,0,23,2,55,270,35,0,16.41,4,0,12,163,76,0,3,5,1,10,20,0,15,40,3,77,12,66,1,64,0,22,199,22,0,0,0,64,3,9,74,0.35,3.32,4
Oţelul,"Oţelul - Dinamo Bucureşti, 2-1",2025-07-27 20:30:00,3,Home,11571,719,191642,4435361,5715701,3.36,30.28,0.84,26.92,37.01,101.8,66.45,0.84,6.73,9.25,3.36,5.89,106,51.31,13.46,0,0,0,13.58,8.41,140.5,49.63,29.44,10.93,92.52,10.09,0,0,0.84,0,2.52,7.57,5.89,4.21,0,1.68,2.52,24.39,1.68,68.13,5.05,7.57,32.78,41.21,23.55,10.09,7.57,31.96,65.61,12.62,3.36,35.33,15.14,0.84,18.5,0,31.96,22.62,234.7,31.12,0,38.3,8.41,140.5,0,0,4.21,1.68,8.41,13.46,0.84,12.62,35.33,5.89,67.29,5.05,57.2,1.68,58.88,4.21,23.55,172.4,13.46,0,0,0,58.88,4.21,11.78,68.13,0.87,2.62,0.84,36.11,26.23,0,35.33,37.14,0,0,0,20,33.33,62.3,46.71,35.71,40,42.86,0,40,95.45,63.64,60,61.82,100,86.42,83.33,57.14,73.48,43.24,40,0,0,50,86.42,100,8.333,4,36,13,1,32,44,0,1,8,11,4,7,126,61,16,0,0,0,10,167,59,35,13,110,12,0,0,1,0,3,9,7,5,0,2,3,29,2,81,6,9,49,28,12,121,1,1,9,38,78,15,4,42,18,1,22,0,38,279,37,0,21.18,13,0,10,167,79,0,0,5,2,10,16,1,15,42,7,80,6,68,2,70,5,28,205,16,0,0,0,70,5,14,81,1.04,3.12,1
FCS Bucureşti,"FCS Bucureşti - Universitatea Craiova, 1-0",2025-10-05 19:30:00,3,Home,11565,719,191642,4435361,5715773,0,28.87,0,30.57,34.81,92.55,65.38,0,8.49,10.19,1.7,3.4,105.3,50.09,10.19,0,0,0,14.54,11.89,158.8,55.19,27.17,15.28,95.94,12.74,0,0,0.85,0.85,1.7,8.49,5.09,1.7,0,0.85,1.7,26.32,1.7,78.11,1.7,6.79,23.42,32.26,31.42,7.64,0.85,28.87,71.32,18.68,6.79,48.4,21.23,1.7,22.08,1.7,32.26,20.71,246.2,22.92,1.7,41.9,11.04,153.7,0,1.7,5.94,1.7,8.49,7.64,0,14.43,31.42,3.4,71.32,7.64,68.77,1.7,62.83,0.85,16.13,188.5,12.74,0.85,0,0,62.83,1.7,11.04,78.11,2.13,0.52,3.4,55.88,20.34,0,34.76,56.25,100,0,0,10,0,57.63,44.92,38.6,57.14,43.86,50,50,90.24,33.33,64.29,71.68,100,80.43,50,50,76.55,55.56,28.57,0,0,46.15,80.43,100,26.67,0,34,19,0,36,41,1,0,10,12,2,4,124,59,12,0,0,0,14,187,65,32,18,113,15,0,0,1,1,2,10,6,2,0,1,2,31,2,92,2,8,38,37,9,109,1,1,1,34,84,22,8,57,25,2,26,2,38,290,27,2,10.17,5,0,13,181,77,0,2,7,2,10,9,0,17,37,4,84,9,81,2,74,1,19,222,15,1,0,0,74,2,13,92,2.51,0.61,4
CFR Cluj,"Hermannstadt - CFR Cluj, 0-1",2026-02-16 16:00:00,3,Away,11611,719,191642,4435361,5715888,0,41.14,0.86,31.71,46.29,114,76.29,0,3.43,6.86,2.57,4.29,132.9,50.57,10.29,0.86,0,0,15.38,14.57,186,68.57,38.57,18.86,114,13.71,0.86,0,1.71,1.71,1.71,6,3.43,4.29,0,0.86,0.86,41.14,1.71,115.7,3.43,4.29,34.17,55.71,36.86,13.71,5.14,35.14,87.43,18,6.86,57.43,24,0,21.43,4.29,36,21.47,318.9,55.71,0.86,48.9,6,207.4,0,1.71,5.14,1.71,10.29,8.57,0,13.71,42.86,3.43,96.86,9.43,80.57,1.71,104.6,1.71,30,258,30,0,0,1.71,104.6,2.57,14.57,115.7,1.53,1.76,0.86,50,20.34,0,36.87,48.89,100,0,0,8.333,0,69.49,47,31.34,47.06,41.79,0,33.33,92.59,50,64.71,70.68,100,90.37,50,53.85,80.91,53.85,66.67,0,66.67,41.18,90.37,100,6.25,0,48,24,1,37,54,1,0,4,8,3,5,155,59,12,1,0,0,17,217,80,45,22,133,16,1,0,2,2,2,7,4,5,0,1,1,48,2,135,4,5,65,43,16,133,1,1,6,41,102,21,8,67,28,0,25,5,42,372,65,1,7.69,0,0,7,242,89,0,2,6,2,12,10,0,16,50,4,113,11,94,2,122,2,35,301,35,0,0,2,122,3,17,135,1.78,2.05,1
Csikszereda Miercurea Ciuc,"Oţelul - Csikszereda Miercurea Ciuc, 2-3",2026-03-14 17:15:00,3,Away,22731,719,191642,4437511,5822250,2.6,45.87,1.73,31.15,25.96,99.52,66.63,1.73,0.87,6.92,3.46,6.06,135.9,57.12,11.25,0,0,0,18.55,12.98,167.9,52.79,37.21,13.85,96.06,12.98,0.87,0,3.46,0.87,3.46,12.12,7.79,4.33,0,2.6,0,32.88,1.73,59.71,1.73,12.98,24.05,32.02,15.58,3.46,8.65,32.88,70.1,17.31,7.79,49.33,21.63,0.87,24.23,1.73,28.56,18.13,200.8,26.83,0,34,9.52,128.1,0,2.6,6.06,1.73,8.65,15.58,2.6,18.17,25.96,3.46,82.21,9.52,70.96,1.73,46.73,1.73,14.71,156.6,17.31,0,1.73,1.73,46.73,3.46,10.38,59.71,1.11,2.56,3.46,35.85,19.7,0,31.44,37.21,25,0,0,30,0,57.58,41.75,35.09,60,43.86,0,60,100,50,73.33,73.87,100,78.26,100,45.95,78.02,64.52,71.43,66.67,50,66.67,78.26,100,26.67,3,53,19,2,36,30,0,2,1,8,4,7,157,66,13,0,0,0,15,194,61,43,16,111,15,1,0,4,1,4,14,9,5,0,3,0,38,2,69,2,15,37,18,4,115,1,1,10,38,81,20,9,57,25,1,28,2,33,232,31,0,13.83,11,0,11,148,77,0,3,7,2,10,18,3,21,30,4,95,11,82,2,54,2,17,181,20,0,2,2,54,4,12,69,1.28,2.96,4
Farul Constanţa,"Botoşani - Farul Constanţa, 1-1",2025-07-14 18:00:00,1,Away,61242,719,191642,4435361,5715682,1.78,52.57,0.89,39.21,43.66,94.46,74.85,0.89,5.35,8.02,1.78,4.46,172.9,66.83,11.58,0,0,0,19.9,17.82,239.7,92.67,47.23,28.51,113.2,14.26,0.89,0.89,2.67,2.67,2.67,7.13,5.35,1.78,0,0.89,1.78,53.47,1.78,77.52,1.78,5.35,24.2,44.55,49.01,19.6,3.56,45.45,121.2,24.06,11.58,71.29,29.41,1.78,16.93,1.78,37.43,16.66,277.1,26.73,0,48.7,14.26,162.2,0.89,3.56,4.46,1.78,11.58,9.8,1.78,20.5,42.77,3.56,131,14.26,78.42,0.89,62.38,0.89,31.19,215.6,16.93,0,1.78,0,62.38,0.89,11.58,77.52,1.11,0.61,4.46,61.02,17.33,0,38.66,60.38,100,0,0,7.692,50,68,50.56,33.75,65,41.25,0,30.77,97.96,44.44,80,69.29,50,80.46,50,70,77.81,63.33,20,100,0,38.46,80.46,0,31.25,2,59,36,1,44,49,0,1,6,9,2,5,194,75,13,0,0,0,20,269,104,53,32,127,16,1,1,3,3,3,8,6,2,0,1,2,60,2,87,2,6,50,55,22,106,1,1,4,51,136,27,13,80,33,2,19,2,42,311,30,0,5.54,12,0,16,182,84,1,4,5,2,13,11,2,23,48,4,147,16,88,1,70,1,35,242,19,0,2,0,70,1,13,87,1.25,0.69,5
Argeș,"Universitatea Craiova - Argeș, 3-1",2025-07-18 20:30:00,0,Away,23334,719,191642,4435361,5715689,0.95,26.53,0.95,46.42,35.05,108,79.58,2.84,3.79,15.16,0.95,7.58,160.1,89.05,18,1.89,0,0,16.52,22.74,208.4,69.16,23.68,8.53,90.95,19.89,4.74,2.84,0,0,0,4.74,2.84,0,0,0.95,1.89,44.53,0,69.16,0,2.84,28.34,38.84,24.63,6.63,3.79,56.84,100.4,25.58,16.11,68.21,33.16,0,32.21,0.95,30.32,20.72,224.5,38.84,0,35.7,6.63,111.8,0,1.89,3.79,0,8.53,7.58,0,20.84,29.37,2.84,112.7,18,53.05,0,51.16,0,19.89,154.4,19.89,0,0,0,51.16,1.89,10.42,69.16,0.78,1.38,3.79,42.86,20.21,0,33.18,36,0,0,0,11.11,0,63.83,48.18,37.5,70.83,48.61,0,22.22,83.78,18.75,79.17,58.33,0,73.97,0,51.22,68.78,51.22,75,0,0,18.18,73.97,0,19.05,1,28,12,1,49,37,0,3,4,16,1,8,169,94,19,2,0,0,24,220,73,25,9,96,21,5,3,0,0,0,5,3,0,0,1,2,47,0,73,0,3,41,26,7,114,1,1,4,60,106,27,17,72,35,0,34,1,32,237,41,0,7.04,7,0,7,118,84,0,2,4,0,9,8,0,22,31,3,119,19,56,0,54,0,21,163,21,0,0,0,54,2,11,73,0.82,1.46,4
Argeș,"Argeș - Oţelul, 2-0",2025-08-18 18:00:00,3,Home,23334,719,191642,4435361,5715724,0.9,31.5,0.9,41.4,40.5,104.4,69.3,0,2.7,12.6,3.6,3.6,138.6,64.8,17.1,0.9,0.9,0,21.45,17.1,187.2,68.4,29.7,13.5,97.2,10.8,1.8,0.9,0,0,2.7,7.2,4.5,3.6,0,1.8,2.7,42.3,0,68.4,0.9,4.5,26.47,48.6,37.8,12.6,8.1,41.4,86.4,18,8.1,53.1,24.3,0.9,27,0.9,29.7,18.64,235.8,40.5,0.9,43.2,8.1,119.7,0,2.7,6.3,0,10.8,7.2,0.9,18,34.2,4.5,98.1,10.8,57.6,0,51.3,0.9,24.3,159.3,19.8,0.9,0,0,51.3,2.7,9.9,68.4,1.52,0.36,0.9,45.71,26.39,100,36.54,45.45,0,0,0,16.67,33.33,63.89,46.15,33.9,47.37,45.76,100,50,84.44,35.71,63.16,59.26,0,75,100,50,67.56,48.89,57.14,0,0,27.27,75,100,8.333,1,35,16,1,46,45,1,0,3,14,4,4,154,72,19,1,1,0,19,208,76,33,15,108,12,2,1,0,0,3,8,5,4,0,2,3,47,0,76,1,5,54,42,14,116,1,1,9,46,96,20,9,59,27,1,30,1,33,262,45,1,6,12,0,9,133,77,0,3,7,0,12,8,1,20,38,5,109,12,64,0,57,1,27,177,22,1,0,0,57,3,11,76,1.69,0.4,1
Argeș,"Argeș - UTA Arad, 0-1",2026-01-31 16:00:00,0,Home,23334,719,191642,4435361,5715871,0,70.52,0,40.82,39.9,127.1,77.94,0.93,3.71,18.56,1.86,5.57,186.5,79.79,12.06,0,0,0,13.39,17.63,249.6,79.79,52.89,17.63,128,9.28,0.93,0,0,0,0.93,8.35,8.35,2.78,0,0,0.93,36.19,0,54.74,0.93,7.42,32.86,72.37,32.47,12.99,6.49,51.03,111.3,20.41,6.49,66.8,27.84,0,28.76,0,28.76,20.89,256.1,51.03,0,48.8,6.49,113.2,0,3.71,2.78,0,4.64,12.99,0,14.85,29.69,7.42,114.1,12.06,78.87,0,39.9,0,38.97,171.7,31.55,0,0,0,39.9,0,13.92,54.74,0.45,0.42,3.71,38.16,15.12,0,31.97,33.33,0,0,0,0,100,63.95,44.61,30.56,36.84,41.67,0,20,74.42,40,68.42,61.59,0,72.88,0,53.85,67.03,61.82,100,0,0,26.67,72.88,0,40,0,76,29,0,44,43,0,1,4,20,2,6,201,86,13,0,0,0,19,269,86,57,19,138,10,1,0,0,0,1,9,9,3,0,0,1,39,0,59,1,8,78,35,14,137,1,1,7,55,120,22,7,72,30,0,31,0,31,276,55,0,8.6,7,0,7,122,84,0,4,3,0,5,14,0,16,32,8,123,13,85,0,43,0,42,185,34,0,0,0,43,0,15,59,0.48,0.45,4
Argeș,"Petrolul 52 - Argeș, 2-1",2026-02-13 19:00:00,0,Away,23334,719,191642,4435361,5715890,1.88,48.75,0,26.25,35.63,124.7,82.5,1.88,2.81,10.31,0.94,6.56,156.6,75,17.81,0.94,0,0,11.29,9.38,187.5,56.25,45.94,11.25,114.4,10.31,1.88,0,0,0,3.75,8.44,6.56,3.75,0,0.94,0,32.81,0,116.2,2.81,7.5,30.9,47.81,18.75,4.69,3.75,45.94,81.56,17.81,2.81,45,20.63,0,26.25,1.88,45.94,19.35,306.6,47.81,0,44.7,17.81,189.4,0,0.94,0.94,0,6.56,13.13,0,7.5,30,3.75,91.88,2.81,61.88,0,104.1,2.81,17.81,225,27.19,0,0,1.88,104.1,4.69,4.69,116.2,0.31,1.62,1.88,26.92,23.75,0,30,24.49,0,0,0,14.29,0,61.25,43.5,39.58,30,45.83,0,14.29,84.21,36.36,30,54.1,0,89.52,100,37.25,73.39,56.86,0,0,40,40,89.52,0,18.18,2,52,14,0,28,38,0,2,3,11,1,7,167,80,19,1,0,0,10,200,60,49,12,122,11,2,0,0,0,4,9,7,4,0,1,0,35,0,124,3,8,51,20,5,133,1,1,4,49,87,19,3,48,22,0,28,2,49,327,51,0,16.24,1,0,19,202,88,0,1,1,0,7,14,0,8,32,4,98,3,66,0,111,3,19,240,29,0,0,2,111,5,5,124,0.33,1.73,2
Botoşani,"Rapid Bucureşti - Botoşani, 2-1",2025-08-04 20:30:00,0,Away,11634,719,191642,4435361,5715709,6.99,25.34,0,45.44,34.08,88.25,65.53,1.75,1.75,6.99,1.75,3.5,137.2,80.39,18.35,1.75,0.87,0,27.76,25.34,198.3,59.42,25.34,10.49,114.5,11.36,1.75,0.87,0,0,0,6.99,6.12,3.5,0,0.87,0.87,31.46,0,99.61,12.23,2.62,24.54,26.21,20.97,4.37,8.74,51.55,87.38,20.97,13.98,71.65,26.21,0.87,21.84,0.87,31.46,17.34,284.9,34.95,0,47.8,13.11,196.6,0,4.37,5.24,0,11.36,8.74,1.75,20.97,30.58,4.37,93.5,14.85,87.38,0,89.13,7.86,12.23,236.8,22.72,0,0.87,0.87,89.13,3.5,8.74,99.61,0.4,0.72,0.87,41.38,22.83,50,29.96,41.38,0,0,0,7.692,0,64.13,44.05,29.27,55.17,36.59,0,15.38,89.74,62.5,58.62,76.34,0,89.47,64.29,46.67,83.13,65,16.67,50,25,30,89.47,0,7.692,8,29,12,0,52,39,0,2,2,8,2,4,157,92,21,2,1,0,29,227,68,29,12,131,13,2,1,0,0,0,8,7,4,0,1,1,36,0,114,14,3,30,24,5,101,1,1,10,59,100,24,16,82,30,1,25,1,36,326,40,0,9.28,57,0,15,225,75,0,5,6,0,13,10,2,24,35,5,107,17,100,0,102,9,14,271,26,0,1,1,102,4,10,114,0.46,0.82,1
Botoşani,"Botoşani - Rapid Bucureşti, 0-0",2025-12-08 19:30:00,1,Home,11634,719,191642,4435361,5715829,0.94,29.06,0,54.38,38.44,129.4,92.81,0,6.56,15.94,5.63,4.69,126.6,64.69,14.06,3.75,1.88,0,14.26,23.44,206.2,84.38,29.06,13.13,131.2,19.69,4.69,1.88,0,0,0,5.63,5.63,0.94,0,0,0,32.81,0,114.4,1.88,3.75,23.82,54.38,51.56,21.56,8.44,33.75,97.5,29.06,15,60.94,35.63,1.88,32.81,0,38.44,17.32,350.6,59.06,0,54.8,16.88,214.7,0,1.88,4.69,0,14.06,7.5,0.94,23.44,34.69,2.81,79.69,17.81,91.88,0,92.81,0.94,29.06,267.2,39.38,0,0,0,92.81,2.81,24.38,114.4,0.59,0.89,2.81,45.16,21.74,50,40.91,45.16,0,0,0,0,0,52.17,47.27,47.69,64,58.46,0,40,90.24,17.65,76,70,0,81.15,50,53.45,76.2,66.67,80,0,0,26.92,81.15,0,14.29,1,31,14,0,58,41,1,0,7,17,6,5,135,69,15,4,2,0,25,220,90,31,14,140,21,5,2,0,0,0,6,6,1,0,0,0,35,0,122,2,4,58,55,23,138,1,1,9,36,104,31,16,65,38,2,35,0,41,374,63,0,5.95,10,0,18,229,99,0,2,5,0,15,8,1,25,37,3,85,19,98,0,99,1,31,285,42,0,0,0,99,3,26,122,0.63,0.95,3
Botoşani,"Hermannstadt - Botoşani, 3-0",2026-03-22 18:00:00,0,Away,11634,719,191642,4437511,5823757,3.75,43.13,0,19.69,58.13,112.5,74.06,2.81,1.88,4.69,0.94,13.13,138.8,59.06,12.19,0.94,0,0,17.59,10.31,160.3,49.69,41.25,12.19,141.6,7.5,1.88,0.94,0,0,0,6.56,4.69,2.81,0,0,0,36.56,0,156.6,6.56,4.69,26.84,40.31,20.63,11.25,7.5,31.88,65.63,10.31,5.63,37.5,14.06,0,12.19,3.75,61.88,18.23,420,38.44,0,56.3,6.56,316.9,0,3.75,2.81,0,4.69,20.63,0,9.38,50.63,2.81,80.63,7.5,93.75,0,144.4,2.81,17.81,343.1,17.81,0,0,0,144.4,1.88,6.56,156.6,0.3,3.62,1.88,28.26,20.63,0,30.99,29.55,0,0,0,0,0,53.97,40.94,27.5,54.55,37.5,0,20,87.1,60,72.73,66.23,0,92.22,42.86,44.19,81.7,46.34,33.33,0,0,14.29,92.22,0,25,4,46,13,0,21,62,0,3,2,5,1,14,148,63,13,1,0,0,11,171,53,44,13,151,8,2,1,0,0,0,7,5,3,0,0,0,39,0,167,7,5,43,22,12,120,1,1,8,34,70,11,6,40,15,0,13,4,66,448,41,0,12.4,7,0,7,338,79,0,4,3,0,5,22,0,10,54,3,86,8,100,0,154,3,19,366,19,0,0,0,154,2,7,167,0.32,3.86,2
CFR Cluj,"Rapid Bucureşti - CFR Cluj, 1-1",2025-07-20 20:30:00,1,Away,11611,719,191642,4435361,5715693,2.73,30.91,0,40.91,44.55,98.18,65.45,0.91,3.64,9.09,1.82,6.36,109.1,40.91,5.45,0,0,0,14.25,18.18,139.1,51.82,30.91,18.18,124.5,12.73,0.91,0.91,0,0,0.91,10.91,10,5.45,0,0.91,1.82,37.27,0,101.8,11.82,10.91,25.7,37.27,22.73,10,6.36,20,62.73,14.55,7.27,44.55,18.18,0,18.18,0,30.91,17.67,317.3,52.73,0,42,15.45,230,0,0,9.09,0,13.64,19.09,0,16.36,40.91,6.36,75.45,10.91,92.73,0,93.64,8.18,22.73,269.1,36.36,0,0,3.64,93.64,5.45,17.27,101.8,0.95,1.2,1.82,58.82,13.33,0,37.25,58.82,0,0,0,6.667,0,48.89,45.1,32.65,40,40.82,0,20,91.84,70,60,74.45,0,91.96,69.23,60.98,84.81,68.97,40,0,66.67,31.58,91.96,0,14.29,3,34,20,0,45,49,0,1,4,10,2,7,120,45,6,0,0,0,20,153,57,34,20,137,14,1,1,0,0,1,12,11,6,0,1,2,41,0,112,13,12,41,25,11,108,1,1,7,22,69,16,8,49,20,0,20,0,34,349,58,0,13.18,15,0,17,253,72,0,0,10,0,15,21,0,18,45,7,83,12,102,0,103,9,25,296,40,0,0,4,103,6,19,112,1.05,1.32,2
Csikszereda Miercurea Ciuc,"Csikszereda Miercurea Ciuc - Petrolul 52, 1-1",2025-10-24 16:30:00,1,Home,22731,719,191642,4435361,5715785,0,26.36,0,50,47.27,89.09,71.82,0.91,1.82,21.82,4.55,3.64,103.6,52.73,12.73,0.91,0,0,13.79,15.45,141.8,60.91,23.64,12.73,138.2,12.73,2.73,0.91,0,0,0.91,5.45,5.45,2.73,0,0.91,0.91,24.55,0,167.3,0,1.82,22.87,47.27,14.55,7.27,1.82,37.27,79.09,20.91,6.36,48.18,27.27,0.91,22.73,0.91,17.27,21.61,382.7,66.36,0.91,58.7,11.82,282.7,0,4.55,4.55,0,12.73,10.91,0,16.36,43.64,7.27,75.45,13.64,105.5,0,145.4,0,29.09,319.1,50.91,0,0,0.91,145.4,2.73,15.45,167.3,1.84,1.5,0.91,51.72,24.14,0,42.95,53.85,0,0,0,7.143,0,70.69,55.77,43.4,41.18,56.6,0,21.43,92.31,33.33,88.24,76.32,0,86.96,0,61.54,83.37,76.71,60,0,33.33,29.41,86.96,0,7.143,0,29,15,0,55,52,0,1,2,24,5,4,114,58,14,1,0,0,17,156,67,26,14,152,14,3,1,0,0,1,6,6,3,0,1,1,27,0,184,0,2,52,16,8,98,1,1,2,41,87,23,7,53,30,1,25,1,19,421,73,1,10.43,1,0,13,311,79,0,5,5,0,14,12,0,18,48,8,83,15,116,0,160,0,32,351,56,0,0,1,160,3,17,184,2.02,1.65,1
Csikszereda Miercurea Ciuc,"Universitatea Craiova - Csikszereda Miercurea Ciuc, 5-0",2025-12-22 19:00:00,0,Away,22731,719,191642,4435361,5715841,0,21,0,11,44,85,53,5,1,5,1,11,90,53,8,0,0,0,6.15,4,123,35,19,11,100,12,0,0,0,0,2,8,5,4,0,0,0,16,0,88,0,10,27.86,33,12,4,1,22,47,10,3,37,12,4,6,2,40,19.78,257,30,0,29.6,4,171,1,2,0,0,2,17,0,4,41,0,49,3,63,0,76,0,17,201,15,0,0,0,76,1,1,88,0.09,1.98,2,52.38,15.09,0,28.46,57.89,0,0,0,0,0,41.51,38.21,27.03,75,32.43,0,50,93.18,0,75,63,0,86.36,0,51.52,78.21,50,0,0,0,0,86.36,0,16.67,0,21,11,0,11,44,0,5,1,5,1,11,90,53,8,0,0,0,4,123,35,19,11,100,12,0,0,0,0,2,8,5,4,0,0,0,16,0,88,0,10,33,12,4,85,1,1,1,22,47,10,3,37,12,4,6,2,40,257,30,0,52.56,0,0,4,171,53,1,2,0,0,2,17,0,4,41,0,49,3,63,0,76,0,17,201,15,0,0,0,76,1,1,88,0.09,1.98,2
Csikszereda Miercurea Ciuc,"Csikszereda Miercurea Ciuc - Hermannstadt, 2-1",2026-02-23 16:00:00,3,Home,22731,719,191642,4435361,5715898,0,39.38,0.94,39.38,30.94,120,80.63,0.94,5.63,9.38,3.75,3.75,166.9,68.44,17.81,0,0,0,23.58,20.63,200.6,77.81,37.5,18.75,120,8.44,3.75,2.81,0,0,0,9.38,9.38,0.94,0,1.88,2.81,59.06,0,79.69,0,6.56,25.58,49.69,22.5,10.31,0,43.13,91.88,17.81,6.56,70.31,29.06,1.88,16.88,0.94,40.31,20.65,267.2,40.31,0,41.3,8.44,134.1,0,2.81,9.38,0,9.38,9.38,0,12.19,26.25,2.81,122.8,12.19,68.44,0,63.75,0,16.88,183.8,21.56,0,0,0,63.75,0,9.38,79.69,0.38,1.36,0.94,52.38,26.03,0,38.79,50,0,0,0,20,33.33,63.01,45.79,25.33,31.82,41.33,0,30,84.85,30,59.09,57.03,0,80,0,33.96,68.77,53.49,70,0,0,20,80,100,11.11,0,42,22,1,42,33,0,1,6,10,4,4,178,73,19,0,0,0,22,214,83,40,20,128,9,4,3,0,0,0,10,10,1,0,2,3,63,0,85,0,7,53,24,11,128,1,1,0,46,98,19,7,75,31,2,18,1,43,285,43,0,7.46,0,0,9,143,86,0,3,10,0,10,10,0,13,28,3,131,13,73,0,68,0,18,196,23,0,0,0,68,0,10,85,0.41,1.45,1
Dinamo Bucureşti,"Metaloglobus - Dinamo Bucureşti, 0-1",2025-08-08 20:30:00,3,Away,11564,719,191642,4435361,5715715,0.91,34.55,0,32.73,71.82,119.1,84.55,0,8.18,6.36,0.91,6.36,139.1,54.55,18.18,0,0,0,11.34,14.55,164.6,65.45,30.91,15.45,144.6,5.45,0.91,0,0,0,2.73,10,8.18,0,0,0.91,1.82,50,0,98.18,5.45,6.36,28.32,40.91,20.91,10,0.91,37.27,82.73,18.18,7.27,54.55,20,1.82,26.36,0,60,16.68,393.6,40,0,45.5,10.91,293.6,0,3.64,9.09,0,10.91,11.82,0.91,11.82,70,0.91,104.5,9.09,102.7,0,90,5.45,21.82,332.7,29.09,0,0.91,0.91,90,1.82,9.09,98.18,0.35,0.45,0,50,33.33,0,39.78,50,0,0,0,8.333,50,68.33,50.28,33.33,50,36.67,0,25,97.47,14.29,62.5,71.07,0,91.67,100,53.33,84.53,72.73,50,100,50,20,91.67,100,0,1,38,19,0,36,79,1,0,9,7,1,7,153,60,20,0,0,0,16,181,72,34,17,159,6,1,0,0,0,3,11,9,0,0,1,2,55,0,108,6,7,45,23,11,131,1,1,1,41,91,20,8,60,22,2,29,0,66,433,44,0,10.96,14,0,12,323,93,0,4,10,0,12,13,1,13,77,1,115,10,113,0,99,6,24,366,32,0,1,1,99,2,10,108,0.39,0.49,0
FCS Bucureşti,"FCS Bucureşti - Oţelul, 1-0",2025-09-28 19:30:00,3,Home,11565,719,191642,4435361,5715762,5.51,44.08,0,42.24,54.18,101.9,79.9,0,3.67,11.94,1.84,6.43,136.8,57.86,10.1,0,0,0,25.58,16.53,198.4,78.06,41.33,18.37,137.8,14.69,0.92,0.92,0,0,0,7.35,6.43,2.76,0,0.92,1.84,34.9,0,132.2,14.69,2.76,32.61,34.9,35.82,19.29,4.59,33.06,95.51,22.96,10.1,60.61,28.47,0,20.2,1.84,38.57,19.57,402.2,39.49,0.92,52,13.78,291.1,0,4.59,6.43,0,12.86,12.86,0.92,17.45,48.67,2.76,88.16,10.1,109.3,0,117.5,8.27,22.04,338,30.31,0.92,0.92,1.84,117.5,2.76,17.45,132.2,2.27,1.35,1.84,45.83,17.46,0,39.35,44.44,0,0,0,7.143,50,57.14,48.15,37.88,61.11,46.97,100,28.57,89.83,23.08,61.11,79.33,0,88.89,56.25,63.16,84.02,76.74,57.14,100,66.67,31.58,88.89,100,12.5,6,48,22,0,46,59,1,0,4,13,2,7,149,63,11,0,0,0,18,216,85,45,20,150,16,1,1,0,0,0,8,7,3,0,1,2,38,0,144,16,3,38,39,21,111,1,1,5,36,104,25,11,66,31,0,22,2,42,438,43,1,12.38,7,0,15,317,87,0,5,7,0,14,14,1,19,53,3,96,11,119,0,128,9,24,368,33,1,1,2,128,3,19,144,2.47,1.47,2
FCS Bucureşti,"Botoşani - FCS Bucureşti, 3-2",2026-04-03 19:30:00,0,Away,11565,719,191642,4437511,5827250,1.76,20.29,0,33.53,35.29,103.2,75,2.65,0,11.47,2.65,9.71,119.1,62.65,18.53,0,0,0.88,28.59,15.88,172.1,55.59,17.65,8.82,117.3,11.47,1.76,0.88,0,0,0,11.47,10.59,3.53,0,1.76,0,36.18,0,99.71,5.29,4.41,26.29,55.59,20.29,1.76,0,35.29,67.94,20.29,5.29,68.82,24.71,3.53,14.12,0.88,40.59,19.5,304.4,35.29,0.88,39.6,9.71,182.7,0.88,7.06,0,0,4.41,15,1.76,12.35,33.53,3.53,82.06,11.47,73.24,0,83.82,5.29,23.82,226.8,18.53,0.88,0.88,0,83.82,1.76,6.18,99.71,0.84,1.98,0,52.17,29.58,0,32.31,50,0,0,0,40,0,56.34,39.49,29.49,33.33,35.9,100,60,95,30.77,72.22,62.41,0,84.07,100,42.86,74.49,52.5,0,50,0,28.57,84.07,0,0,2,23,12,0,38,40,0,3,0,13,3,11,135,71,21,0,0,1,18,195,63,20,10,133,13,2,1,0,0,0,13,12,4,0,2,0,41,0,113,6,5,63,23,2,117,1,1,0,40,77,23,6,78,28,4,16,1,46,345,40,1,11.07,7,0,11,207,85,1,8,0,0,5,17,2,14,38,4,93,13,83,0,95,6,27,257,21,1,1,0,95,2,7,113,0.95,2.24,0
Hermannstadt,"Dinamo Bucureşti - Hermannstadt, 2-0",2025-08-30 20:30:00,0,Away,55427,719,191642,4435361,5715738,0.93,40.82,0,38.97,46.39,87.22,52.89,1.86,8.35,12.06,2.78,4.64,141,74.23,12.99,0,0,0,17.43,15.77,195.8,64.95,39.9,12.99,105.8,7.42,1.86,0.93,0,0,1.86,9.28,9.28,2.78,0,0,1.86,25.98,0,83.51,2.78,4.64,26.58,37.11,22.27,10.21,2.78,49.18,95.57,22.27,9.28,58.45,27.84,0,14.85,0.93,39.9,19.11,279.3,25.05,0,38.8,8.35,166.1,0,8.35,5.57,0,11.13,14.85,0,13.92,41.75,1.86,89.07,11.13,75.15,0,68.66,0.93,21.34,217.1,18.56,0,0,0.93,68.66,0.93,12.99,83.51,0.7,1.67,0.93,34.09,17.5,0,33.18,32.56,0,0,0,0,50,66.25,48.82,38.1,58.82,47.62,0,25,90,15.38,70.59,71.05,0,82.22,33.33,57.5,77.74,74.07,66.67,0,100,42.86,82.22,0,12.5,1,44,15,0,42,50,0,2,9,13,3,5,152,80,14,0,0,0,17,211,70,43,14,114,8,2,1,0,0,2,10,10,3,0,0,2,28,0,90,3,5,40,24,11,94,1,1,3,53,103,24,10,63,30,0,16,1,43,301,27,0,28.47,9,0,9,179,57,0,9,6,0,12,16,0,15,45,2,96,12,81,0,74,1,23,234,20,0,0,1,74,1,14,90,0.75,1.8,1
Hermannstadt,"Hermannstadt - Oţelul, 1-3",2025-11-02 16:45:00,0,Home,55427,719,191642,4435361,5715794,8.35,32.47,0.93,33.4,27.84,93.71,57.53,2.78,5.57,10.21,1.86,9.28,127.1,53.81,10.21,0.93,0.93,0.93,15.73,15.77,159.6,57.53,28.76,12.99,74.23,10.21,3.71,1.86,0,0,0,13.92,9.28,2.78,0,0.93,3.71,40.82,0,61.24,2.78,12.99,20.26,18.56,29.69,8.35,2.78,34.33,72.37,15.77,7.42,43.61,25.05,0.93,14.85,1.86,33.4,20.98,186.5,24.12,0,29.2,21.34,115,0.93,0.93,4.64,0,7.42,17.63,0,12.06,25.98,1.86,89.07,9.28,50.1,0,48.25,1.86,11.13,142.9,15.77,0,0,0,48.25,0,11.13,61.24,0.68,3.68,0.93,42.86,18.97,100,36.05,45.16,0,0,0,12.5,50,63.79,45.35,36.17,47.06,57.45,0,37.5,93.33,18.18,58.82,67.5,0,78.79,66.67,60,76.62,65.38,60,0,0,33.33,78.79,0,9.091,9,35,15,1,36,30,0,3,6,11,2,10,137,58,11,1,1,1,17,172,62,31,14,80,11,4,2,0,0,0,15,10,3,0,1,4,44,0,66,3,14,20,32,9,101,1,1,3,37,78,17,8,47,27,1,16,2,36,201,26,0,19.52,17,0,23,124,62,1,1,5,0,8,19,0,13,28,2,96,10,54,0,52,2,12,154,17,0,0,0,52,0,12,66,0.73,3.97,1
Hermannstadt,"Metaloglobus - Hermannstadt, 1-1",2025-11-24 16:30:00,1,Away,55427,719,191642,4435361,5715808,0,35.22,0,38.15,60.65,116.4,84.13,0.98,7.83,9.78,3.91,3.91,138.9,61.63,16.63,0.98,0,0,17.11,17.61,194.7,81.2,27.39,10.76,169.2,9.78,3.91,0,0,0,1.96,6.85,6.85,3.91,0,0.98,0,42.07,0,98.8,4.89,1.96,33.09,51.85,13.7,7.83,1.96,39.13,92.93,32.28,9.78,84.13,43.04,2.93,26.41,0,29.35,18.99,382.5,48.91,0.98,48.9,4.89,228.9,0,4.89,4.89,0,10.76,11.74,0,16.63,55.76,2.93,94.89,12.72,109.6,0,83.15,3.91,33.26,292.5,30.33,0.98,0,0.98,83.15,0.98,11.74,98.8,1.3,1.24,0.98,38.89,26.98,0,41.71,39.29,0,0,0,9.091,0,63.49,47.74,38.37,55.56,51.16,100,36.36,91.94,30,72.22,64.74,0,84.16,80,64.15,76.47,62,40,0,100,33.33,84.16,0,10,0,36,14,0,39,62,0,1,8,10,4,4,142,63,17,1,0,0,18,199,83,28,11,173,10,4,0,0,0,2,7,7,4,0,1,0,43,0,101,5,2,53,14,8,119,1,1,2,40,95,33,10,86,44,3,27,0,30,391,50,1,9.77,3,0,5,234,86,0,5,5,0,11,12,0,17,57,3,97,13,112,0,85,4,34,299,31,1,0,1,85,1,12,101,1.33,1.27,1
Hermannstadt,"Hermannstadt - CFR Cluj, 0-1",2026-02-16 16:00:00,0,Home,55427,719,191642,4435361,5715888,0,41.14,0,27.43,51.43,126,77.14,0.86,5.14,12,2.57,4.29,125.1,57.43,15.43,0,0,0,8.74,6.86,186,71.14,34.29,13.71,139.7,12,0.86,0.86,0,0,0,6,5.14,2.57,0,0,1.71,26.57,0,104.6,5.14,4.29,25.51,62.57,36.86,17.14,0,39.43,87.43,15.43,3.43,50.57,23.14,4.29,18,0,41.14,20.42,348,42,0.86,51.1,7.71,217.7,0,1.71,4.29,0,8.57,10.29,0,13.71,46.29,6,81.43,6,91.71,0,84.86,4.29,30.86,262.3,27.43,0,0,6.86,84.86,12,15.43,104.6,1.76,1.53,1.71,37.5,26.87,0,38.25,40,0,0,0,0,50,68.66,47,30.51,50,45.76,0,50,90,50,87.5,65.64,0,81.15,83.33,49.32,75.37,65.31,60,0,57.14,55.56,81.15,0,14.29,0,48,18,0,32,60,0,1,6,14,3,5,146,67,18,0,0,0,8,217,83,40,16,163,14,1,1,0,0,0,7,6,3,0,0,2,31,0,122,6,5,73,43,20,147,1,1,0,46,102,18,4,59,27,5,21,0,48,406,49,1,12.73,0,0,9,254,90,0,2,5,0,10,12,0,16,54,7,95,7,107,0,99,5,36,306,32,0,0,8,99,14,18,122,2.05,1.78,2
Metaloglobus,"Metaloglobus - CFR Cluj, 1-1",2025-09-13 20:30:00,1,Home,11943,719,191642,4435361,5715746,0,20.29,0,19.41,62.65,100.6,68.82,0.88,1.76,7.06,1.76,6.18,144.7,79.41,17.65,1.76,0.88,0,13.76,6.18,177.3,56.47,20.29,7.94,136.8,10.59,2.65,0.88,0,0,0.88,9.71,7.94,7.94,0,0.88,0,45,0,104.1,8.82,3.53,20.84,29.12,23.82,8.82,6.18,58.24,95.29,20.29,4.41,53.82,22.06,1.76,13.24,1.76,43.24,17.94,381.2,37.06,0.88,49,7.94,277.1,0,7.94,0.88,0,6.18,13.24,0,7.94,59.12,1.76,111.2,6.18,88.24,0,97.06,6.18,6.18,307.9,16.76,0.88,0,0.88,97.06,4.41,7.94,104.1,0.77,2.44,0.88,39.13,22.22,50,31.84,39.13,0,0,0,14.29,0,73.33,53.73,37.7,71.43,40.98,100,28.57,94.37,25,100,64.52,0,93.22,70,21.21,80.79,45.24,0,0,20,22.22,93.22,0,8.333,0,23,9,0,22,71,0,1,2,8,2,7,164,90,20,2,1,0,7,201,64,23,9,155,12,3,1,0,0,1,11,9,9,0,1,0,51,0,118,10,4,33,27,10,114,1,1,7,66,108,23,5,61,25,2,15,2,49,432,42,1,11.36,0,0,9,314,78,0,9,1,0,7,15,0,9,67,2,126,7,100,0,110,7,7,349,19,1,0,1,110,5,9,118,0.87,2.77,1
Metaloglobus,"Metaloglobus - Universitatea Craiova, 0-0",2025-10-26 13:00:00,1,Home,11943,719,191642,4435361,5715790,1.86,38.97,0,12.06,38.97,103,66.8,0,2.78,6.49,0.93,7.42,174.4,91.86,20.41,0,0,0,2.3,2.78,200.4,58.45,38.97,14.85,100.2,10.21,0.93,0,0,0,0.93,14.85,13.92,3.71,0,0,0,43.61,0,84.43,11.13,11.13,21.16,33.4,12.99,3.71,4.64,54.74,86.29,12.99,1.86,56.6,19.48,0,10.21,3.71,47.32,18.99,255.2,27.84,0,32.7,8.35,167,0,3.71,1.86,0,2.78,15.77,0,4.64,34.33,1.86,113.2,2.78,71.44,0,76.08,5.57,19.48,206.9,18.56,0,0,0,76.08,0.93,1.86,84.43,0.07,1.18,1.86,38.1,22.22,0,29.17,38.1,0,0,0,0,0,59.6,43.06,22.95,66.67,34.43,0,33.33,88.1,28.57,100,71.3,0,90.11,50,58.33,81.09,66.67,50,0,0,0,90.11,0,18.18,2,42,16,0,13,42,1,0,3,7,1,8,188,99,22,0,0,0,3,216,63,42,16,108,11,1,0,0,0,1,16,15,4,0,0,0,47,0,91,12,12,36,14,4,111,1,1,5,59,93,14,2,61,21,0,11,4,51,275,30,0,18.42,2,0,9,180,72,0,4,2,0,3,17,0,5,37,2,122,3,77,0,82,6,21,223,20,0,0,0,82,1,2,91,0.08,1.27,2
Metaloglobus,"Universitatea Cluj - Metaloglobus, 3-1",2025-11-07 17:00:00,0,Away,11943,719,191642,4435361,5715800,0.95,23.68,0,37.89,62.53,102.3,73.89,2.84,1.89,13.26,3.79,6.63,104.2,54,9.47,0,0,0,11.65,16.11,171.5,55.89,23.68,5.68,159.2,9.47,0.95,0.95,0,0,0,3.79,2.84,4.74,0,0.95,0.95,26.53,0,162,2.84,1.89,30.06,38.84,41.68,19.89,1.89,34.11,74.84,15.16,9.47,52.11,20.84,0,18.95,0,31.26,18,450.9,56.84,0,52.7,15.16,334.4,0,1.89,5.68,0,8.53,12.32,0,18,61.58,3.79,66.32,12.32,117.5,0,139.3,2.84,18,377.1,39.79,0,0,0,139.3,1.89,9.47,162,0.53,2.07,0.95,24,17.54,0,32.6,24,0,0,0,11.11,100,63.16,43.65,29.09,58.82,40,0,55.56,98.48,28.57,76.47,73.81,0,85.96,100,46.34,83.61,70,83.33,0,0,50,85.96,0,10,1,25,6,0,40,66,0,3,2,14,4,7,110,57,10,0,0,0,17,181,59,25,6,168,10,1,1,0,0,0,4,3,5,0,1,1,28,0,171,3,2,41,44,21,108,1,1,2,36,79,16,10,55,22,0,20,0,33,476,60,0,19.78,1,0,16,353,78,0,2,6,0,9,13,0,19,65,4,70,13,124,0,147,3,19,398,42,0,0,0,147,2,10,171,0.56,2.19,1
Metaloglobus,"Metaloglobus - Argeș, 0-2",2026-01-23 16:00:00,0,Home,11943,719,191642,4435361,5715860,0,53.62,0,27.77,35.43,124.5,68.94,1.91,5.74,14.36,0.96,8.62,170.4,52.66,10.53,0,0,0,18.05,10.53,181.9,55.53,45.96,17.23,133.1,12.45,2.87,1.91,0,0,0.96,6.7,3.83,1.91,0,0,1.91,64.15,0,86.17,6.7,5.74,22.57,45,25.85,10.53,6.7,31.6,78.51,18.19,2.87,49.79,16.28,2.87,12.45,1.91,57.45,19.66,301.6,41.17,0,43.9,3.83,173.3,0.96,2.87,1.91,0,2.87,14.36,0,6.7,32.55,2.87,113.9,2.87,85.21,0,69.89,3.83,23.94,218.3,28.72,0,0,0,69.89,0.96,9.57,86.17,0.29,1.56,2.87,33.93,20,0,30.53,37.5,0,0,0,0,0,60,43.16,36.54,27.27,32.69,0,33.33,91.89,20,27.27,64.03,0,81.11,57.14,53.19,72.38,69.77,0,0,0,20,81.11,0,23.08,0,56,19,0,29,37,0,2,6,15,1,9,178,55,11,0,0,0,11,190,58,48,18,139,13,3,2,0,0,1,7,4,2,0,0,2,67,0,90,7,6,47,27,11,130,1,1,7,33,82,19,3,52,17,3,13,2,60,315,43,0,6.58,4,0,4,181,72,1,3,2,0,3,15,0,7,34,3,119,3,89,0,73,4,25,228,30,0,0,0,73,1,10,90,0.3,1.63,3
Metaloglobus,"Universitatea Craiova - Metaloglobus, 2-1",2026-02-28 14:00:00,0,Away,11943,719,191642,4435361,5715910,0.96,35.43,0,21.06,43.09,131.2,95.74,1.91,0.96,8.62,0.96,5.74,180,69.89,15.32,0,0,0,15.91,9.57,185.7,55.53,33.51,11.49,133.1,6.7,0.96,0,0,0,0,9.57,9.57,3.83,0,0.96,0,74.68,0,68.94,0,3.83,27.11,54.57,41.17,10.53,1.91,45.96,81.38,12.45,3.83,39.26,17.23,2.87,29.68,0,61.28,18.74,280.5,36.38,0,30.9,11.49,156.1,0,5.74,0.96,0,2.87,11.49,0,8.62,38.3,1.91,133.1,5.74,77.55,0,50.74,0,26.81,195.3,19.15,0,0,0.96,50.74,3.83,11.49,68.94,0.25,1.2,0.96,35.14,21.92,0,29.9,34.29,0,0,0,33.33,0,65.75,43.81,31.71,40,43.9,0,100,88.89,22.22,60,58.27,0,73.61,0,49.12,69.62,52.63,100,0,25,41.67,73.61,0,14.29,1,37,13,0,22,45,0,2,1,9,1,6,188,73,16,0,0,0,10,194,58,35,12,139,7,1,0,0,0,0,10,10,4,0,1,0,78,0,72,0,4,57,43,11,137,1,1,2,48,85,13,4,41,18,3,31,0,64,293,38,0,12.91,15,0,12,163,100,0,6,1,0,3,12,0,9,40,2,139,6,81,0,53,0,28,204,20,0,0,1,53,4,12,72,0.26,1.25,1
Metaloglobus,"UTA Arad - Metaloglobus, 5-1",2026-04-05 14:00:00,0,Away,11943,719,191642,4437511,5828021,0,24.63,0,18,59.68,98.53,61.58,4.74,6.63,6.63,2.84,7.58,111.8,49.26,7.58,0,0,0,12.04,6.63,133.6,42.63,23.68,6.63,117.5,10.42,0,0,0,0,0,14.21,14.21,1.89,0,0.95,0.95,37.89,0,83.37,5.68,3.79,26.96,42.63,17.05,6.63,7.58,24.63,55.89,18,1.89,42.63,21.79,3.79,14.21,0.95,45.47,16.33,318.3,24.63,0,40.4,3.79,217.9,0,10.42,3.79,0,4.74,18.95,0,3.79,54.95,0,69.16,3.79,83.37,0,68.21,3.79,21.79,254.8,14.21,0,0,0,68.21,1.89,13.26,83.37,0.35,2.96,1.89,26.92,15.38,0,31.91,28,0,0,0,20,0,50,41.84,42.22,28.57,51.11,0,40,92.06,0,57.14,70.97,0,81.82,66.67,51.11,80.06,57.69,25,0,0,28.57,81.82,0,18.18,0,26,7,0,19,63,0,5,7,7,3,8,118,52,8,0,0,0,7,141,45,25,7,124,11,0,0,0,0,0,15,15,2,0,1,1,40,0,88,6,4,45,18,7,104,1,1,8,26,59,19,2,45,23,4,15,1,48,336,26,0,13.91,12,0,4,230,65,0,11,4,0,5,20,0,4,58,0,73,4,88,0,72,4,23,269,15,0,0,0,72,2,14,88,0.37,3.12,2
Oţelul,"Oţelul - Botoşani, 0-1",2025-09-14 14:45:00,0,Home,11571,719,191642,4435361,5715747,0,49.18,0,57.53,47.32,110.4,78.87,0.93,7.42,20.41,4.64,2.78,116,39.9,9.28,0.93,0,0,14.29,20.41,201.3,96.49,46.39,23.2,143.8,15.77,6.49,2.78,0,0,0,8.35,8.35,0.93,0,0,3.71,26.91,0,91.86,0,2.78,26.32,64.95,39.9,25.05,9.28,20.41,97.42,28.76,12.99,72.37,38.97,3.71,19.48,1.86,25.98,22.42,328.4,51.96,0.93,57.1,5.57,191.1,0,5.57,12.99,0,16.7,8.35,0,25.05,41.75,8.35,70.52,17.63,109.5,0,78.87,0,43.61,257.9,38.97,0,0,0,78.87,0,26.91,91.86,1.86,0.48,2.78,47.17,23.26,0,47.93,50,0,0,0,0,25,51.16,48.39,39.74,63.64,53.85,0,22.22,88.24,40.91,86.36,76.13,0,85.86,0,67.14,78.53,75,28.57,0,0,27.59,85.86,0,17.65,0,53,25,0,62,51,0,1,8,22,5,3,125,43,10,1,0,0,22,217,104,50,25,155,17,7,3,0,0,0,9,9,1,0,0,4,29,0,99,0,3,70,43,27,119,1,1,10,22,105,31,14,78,42,4,21,2,28,354,56,1,5.41,0,0,6,206,85,0,6,14,0,18,9,0,27,45,9,76,19,118,0,85,0,47,278,42,0,0,0,85,0,29,99,2.01,0.52,3
Oţelul,"Oţelul - Universitatea Craiova, 1-0",2025-09-20 20:00:00,3,Home,11571,719,191642,4435361,5715758,0.91,30.91,0,34.55,43.64,110,71.82,0,2.73,16.36,0,7.27,130,69.09,15.45,0,0,0,6.13,9.09,183.6,67.27,28.18,12.73,118.2,14.55,3.64,1.82,0,0,1.82,11.82,10.91,4.55,0,0.91,1.82,30,0,73.64,0,8.18,31.69,48.18,31.82,11.82,6.36,40,86.36,20,6.36,51.82,25.45,0.91,13.64,0,44.55,21.99,278.2,31.82,0,40,9.09,168.2,0.91,3.64,5.45,0,9.09,14.55,0,11.82,37.27,4.55,84.55,7.27,73.64,0,60,0,19.09,200.9,20.91,0,0,0,60,0,13.64,73.64,1.65,0.88,1.82,47.06,22.37,0,36.63,45.16,0,0,0,10,0,57.89,47.03,38.6,70,49.12,0,10,85.42,27.78,80,62.31,0,81.48,0,39.62,72.22,65.71,33.33,0,0,26.67,81.48,100,12.5,1,34,16,0,38,48,1,0,3,18,0,8,143,76,17,0,0,0,10,202,74,31,14,130,16,4,2,0,0,2,13,12,5,0,1,2,33,0,81,0,9,53,35,13,121,1,1,7,44,95,22,7,57,28,1,15,0,49,306,35,0,10.14,2,0,10,185,79,1,4,6,0,10,16,0,13,41,5,93,8,81,0,66,0,21,221,23,0,0,0,66,0,15,81,1.81,0.97,2
Oţelul,"Oţelul - Universitatea Cluj, 1-2",2025-10-25 15:00:00,0,Home,11571,719,191642,4435361,5715791,2.31,36.15,0,36.15,42.31,84.62,52.31,1.54,4.62,10.77,0.77,2.31,103.8,45.38,9.23,0.77,0.77,0,22.46,15.38,153.1,53.08,31.54,9.23,110.8,7.69,2.31,0.77,0,0,0.77,3.85,3.85,1.54,0,0.77,0.77,22.31,0,123.1,5.38,1.54,33.71,50.77,32.31,12.31,1.54,23.85,60,13.85,5.38,39.23,21.54,1.54,19.23,0,23.08,21.63,310.8,49.23,0,58.1,6.15,213.8,0,3.08,6.92,0,8.46,10,1.54,8.46,40.77,0.77,56.15,10.77,74.62,0,108.5,3.08,24.62,250,32.31,0,0,0.77,108.5,3.85,4.62,123.1,0.87,1.46,0,27.66,20.34,100,34.67,29.27,0,0,0,9.091,0,52.54,39.2,35.29,35,54.9,0,27.27,96.36,7.14,70,67.36,0,88.13,57.14,48.48,80.45,65.63,33.33,0,20,33.33,88.13,0,0,3,47,13,0,47,55,0,2,6,14,1,3,135,59,12,1,1,0,20,199,69,41,12,144,10,3,1,0,0,1,5,5,2,0,1,1,29,0,160,7,2,66,42,16,110,1,1,2,31,78,18,7,51,28,2,25,0,30,404,64,0,9.23,12,0,8,278,68,0,4,9,0,11,13,2,11,53,1,73,14,97,0,141,4,32,325,42,0,0,1,141,5,6,160,1.13,1.9,0
Oţelul,"Botoşani - Oţelul, 0-0",2026-02-02 17:30:00,1,Away,11571,719,191642,4435361,5715867,2.78,50.1,0,44.54,41.75,170.7,110.4,0,1.86,20.41,2.78,20.41,161.4,66.8,16.7,0.93,0,0,21.59,17.63,230.1,102.1,50.1,27.84,160.5,14.85,1.86,0.93,0,0,0,13.92,12.06,3.71,0,0,0,44.54,0,85.36,3.71,12.06,26.09,58.45,51.96,21.34,2.78,39.9,116.9,27.84,8.35,61.24,36.19,2.78,28.76,0,62.16,17.4,356.3,50.1,0,51.1,12.06,193.9,0,1.86,2.78,0,6.49,24.12,0,12.99,38.04,4.64,112.3,14.85,89.07,0,62.16,1.86,25.98,242.2,23.2,0,0,1.86,62.16,6.49,7.42,85.36,0.17,2.77,1.86,55.56,25,0,44.35,55.56,0,0,0,0,0,59.72,50.81,45.45,47.37,59.09,0,0,91.11,22.73,84.21,55.49,0,72.83,50,44.44,67.97,46.3,33.33,0,28.57,37.5,72.83,0,12.5,3,54,30,0,48,45,1,0,2,22,3,22,174,72,18,1,0,0,19,248,110,54,30,173,16,2,1,0,0,0,15,13,4,0,0,0,48,0,92,4,13,63,56,23,184,1,1,3,43,126,30,9,66,39,3,31,0,67,384,54,0,7.16,6,0,13,209,119,0,2,3,0,7,26,0,14,41,5,121,16,96,0,67,2,28,261,25,0,0,2,67,7,8,92,0.18,2.99,2
Petrolul 52,"Petrolul 52 - Rapid Bucureşti, 0-1",2025-09-27 19:30:00,0,Home,60390,719,191642,4435361,5715764,0,45.46,0,41.75,38.97,106.7,79.79,0.93,0.93,23.2,1.86,1.86,137.3,65.88,12.99,0,0,0,13.66,11.13,194.8,67.73,36.19,13.92,122.5,15.77,1.86,0.93,0,0,1.86,4.64,3.71,0.93,0,0,0,25.98,0,136.4,0,3.71,30.13,26.91,17.63,5.57,7.42,41.75,89.07,24.12,6.49,65.88,31.55,0.93,27.84,1.86,36.19,19.15,365.6,57.53,0,48.1,13.92,232.9,0,0.93,3.71,0,7.42,7.42,0,13.92,35.26,6.49,85.36,8.35,90.93,0,113.2,0,15.77,293.2,42.68,0,0,0,113.2,0,10.21,136.4,0.18,1.69,1.86,38.78,19.72,0,34.76,38.46,0,0,0,0,0,63.38,45.71,36.62,58.33,47.89,0,12.5,90.48,28,75,74.24,0,82.99,0,58.62,80.2,74.19,25,0,0,27.27,82.99,0,11.77,0,49,19,0,45,42,0,1,1,25,2,2,148,71,14,0,0,0,12,210,73,39,15,132,17,2,1,0,0,2,5,4,1,0,0,0,28,0,147,0,4,29,19,6,115,1,1,8,45,96,26,7,71,34,1,30,2,39,394,62,0,13.2,17,0,15,251,86,0,1,4,0,8,8,0,15,38,7,92,9,98,0,122,0,17,316,46,0,0,0,122,0,11,147,0.19,1.82,2
Petrolul 52,"Hermannstadt - Petrolul 52, 1-1",2025-12-21 13:00:00,1,Away,60390,719,191642,4435361,5715846,0.93,38.04,0,40.82,42.68,106.7,77.94,0.93,4.64,11.13,1.86,2.78,167.9,91.86,15.77,1.86,0.93,0,21.15,21.34,232,71.44,33.4,10.21,133.6,16.7,2.78,1.86,0,0,2.78,7.42,7.42,4.64,0,0.93,0,38.04,0,94.64,0.93,5.57,32.07,67.73,26.91,12.06,4.64,61.24,119.7,35.26,15.77,75.15,32.47,1.86,15.77,0.93,44.54,21.58,303.4,46.39,0,44.9,8.35,177.2,0,3.71,3.71,0,8.35,15.77,0,22.27,40.82,1.86,110.4,14.85,80.72,0,83.51,0.93,34.33,228.2,20.41,0,0,0,83.51,6.49,12.99,94.64,1.06,1.62,1.86,29.27,17.17,50,30.8,30.56,0,0,0,11.11,0,66.67,51.6,46.91,73.91,43.21,0,55.56,95.65,16.67,69.57,60.42,0,88.24,100,50.68,75.23,44,75,0,0,28.57,88.24,0,11.11,1,41,12,0,44,46,0,1,5,12,2,3,181,99,17,2,1,0,23,250,77,36,11,144,18,3,2,0,0,3,8,8,5,0,1,0,41,0,102,1,6,73,29,13,115,1,1,5,66,129,38,17,81,35,2,17,1,48,327,50,0,11.7,7,0,9,191,84,0,4,4,0,9,17,0,24,44,2,119,16,87,0,90,1,37,246,22,0,0,0,90,7,14,102,1.14,1.75,2
Rapid Bucureşti,"Petrolul 52 - Rapid Bucureşti, 0-1",2025-09-27 19:30:00,3,Away,11566,719,191642,4435361,5715764,3.71,45.46,0,26.91,64.02,123.4,73.3,0,1.86,5.57,0.93,4.64,145.7,65.88,15.77,1.86,0.93,0,13.99,12.99,194.8,77.01,40.82,20.41,160.5,12.06,4.64,0.93,0,0,0,3.71,1.86,0.93,0,0.93,0,34.33,0,171.7,0,3.71,27.26,47.32,17.63,7.42,3.71,41.75,94.64,24.12,7.42,65.88,32.47,1.86,15.77,0.93,44.54,16.68,472.3,51.03,0,51.9,18.56,340.5,0,7.42,0.93,0,7.42,7.42,0.93,10.21,62.16,0.93,97.42,9.28,112.3,0,153.1,0,19.48,387.8,32.47,0,0,0,153.1,0.93,4.64,171.7,1.69,0.18,0.93,46.94,23.94,50,39.52,50,0,0,0,12.5,0,63.38,48.57,36.62,57.14,49.3,0,25,97.1,16.67,71.43,69.94,0,89.19,0,41.18,82.12,63.64,0,0,0,20,89.19,100,7.692,4,49,23,0,29,69,1,0,2,6,1,5,157,71,17,2,1,0,14,210,83,44,22,173,13,5,1,0,0,0,4,2,1,0,1,0,37,0,185,0,4,51,19,8,133,1,1,4,45,102,26,8,71,35,2,17,1,48,509,55,0,9,4,0,20,367,79,0,8,1,0,8,8,1,11,67,1,105,10,121,0,165,0,21,418,35,0,0,0,165,1,5,185,1.82,0.19,1
UTA Arad,"UTA Arad - Unirea Slobozia, 1-1",2025-08-22 18:00:00,1,Home,30817,719,191642,4435361,5715735,5.51,40.41,0,62.45,66.12,128.6,101.9,0.92,6.43,18.37,4.59,8.27,172.7,67.96,18.37,0.92,0,0,17.19,32.14,222.2,96.43,36.73,16.53,163.5,5.51,2.76,1.84,0,0,2.76,7.35,5.51,3.67,0,0.92,0,64.29,0,157,2.76,4.59,29.13,50.51,32.14,16.53,0.92,48.67,121.2,37.65,22.04,81.73,43.16,2.76,26.63,0.92,34.9,17.99,441.7,51.43,0.92,55.8,17.45,307.6,0,2.76,4.59,0,11.94,12.86,0,26.63,65.2,0.92,131.3,24.8,124.9,0,138.7,2.76,29.39,366.4,33.06,0.92,0,0,138.7,0.92,17.45,157,1.32,1.5,0.92,45.45,27.03,0,43.39,45,0,0,0,7.692,0,71.62,54.55,46.07,68.57,52.81,100,30.77,98.61,5,77.14,76.4,0,88.3,100,58.18,82.95,64.29,60,0,0,21.05,88.3,0,16.67,6,44,20,0,68,72,0,1,7,20,5,9,188,74,20,1,0,0,35,242,105,40,18,178,6,3,2,0,0,3,8,6,4,0,1,0,70,0,171,3,5,55,35,18,140,1,1,1,53,132,41,24,89,47,3,29,1,38,481,56,1,6.29,2,0,19,335,111,0,3,5,0,13,14,0,29,71,1,143,27,136,0,151,3,32,399,36,1,0,0,151,1,19,171,1.44,1.63,1
UTA Arad,"Rapid Bucureşti - UTA Arad, 2-0",2025-08-29 19:30:00,0,Away,30817,719,191642,4435361,5715742,0.94,31.88,0,39.38,56.25,107.8,69.38,1.88,3.75,16.88,1.88,2.81,142.5,70.31,15,0.94,0,0,15.63,16.88,185.6,68.44,31.88,16.88,134.1,9.38,3.75,2.81,0,0,1.88,3.75,2.81,1.88,0,0,0,40.31,0,141.6,10.31,1.88,30.81,32.81,15.94,6.56,4.69,39.38,90.94,28.13,10.31,67.5,30,0,24.38,0,20.63,18.9,377.8,59.06,0,54.2,18.75,256.9,0,3.75,1.88,0,5.63,9.38,0,15,48.75,3.75,96.56,11.25,96.56,0,125.6,7.5,20.63,304.7,40.31,0,0,0.94,125.6,4.69,10.31,141.6,0.38,1.39,1.88,52.94,21.33,0,36.87,52.94,0,0,0,0,0,56,48.99,41.67,61.11,44.44,0,16.67,86.67,22.22,66.67,72.03,0,88.74,72.73,62.86,80.65,68.25,50,0,20,36.36,88.74,0,20,1,34,18,0,42,60,0,2,4,18,2,3,152,75,16,1,0,0,18,198,73,34,18,143,10,4,3,0,0,2,4,3,2,0,0,0,43,0,151,11,2,35,17,7,115,1,1,5,42,97,30,11,72,32,0,26,0,22,403,63,0,9.81,10,0,20,274,74,0,4,2,0,6,10,0,16,52,4,103,12,103,0,134,8,22,325,43,0,0,1,134,5,11,151,0.41,1.48,2
UTA Arad,"UTA Arad - Oţelul, 0-4",2025-10-19 16:30:00,0,Home,30817,719,191642,4435361,5715783,3.83,52.66,0,34.47,56.49,114.9,90,3.83,3.83,11.49,4.79,3.83,156.1,72.77,23.94,0,0,0,16.64,13.4,245.1,89.04,45,14.36,121.6,16.28,0,0,0,0,0.96,7.66,7.66,0,0,0,1.91,30.64,0,98.62,1.91,3.83,24.69,65.11,35.43,10.53,0.96,51.7,102.5,24.89,9.57,84.26,39.26,0.96,29.68,0.96,26.81,19.82,311.2,47.87,0,51.1,18.19,190.5,0.96,4.79,6.7,0,9.57,9.57,0,14.36,52.66,4.79,97.66,12.45,74.68,0,86.17,0.96,35.43,239.4,27.77,0,0,0.96,86.17,0.96,10.53,98.62,0.49,2.61,0.96,29.09,32.89,0,36.33,31.91,0,0,0,0,0,71.05,41.8,29.55,71.43,46.59,0,0,93.22,41.67,92.86,61.42,0,87.38,50,54.41,76.92,58,14.29,0,100,54.55,87.38,0,5.882,4,55,16,0,36,59,0,4,4,12,5,4,163,76,25,0,0,0,14,256,93,47,15,127,17,0,0,0,0,1,8,8,0,0,0,2,32,0,103,2,4,68,37,11,120,1,1,1,54,107,26,10,88,41,1,31,1,28,325,50,0,8.07,6,0,19,199,94,1,5,7,0,10,10,0,15,55,5,102,13,78,0,90,1,37,250,29,0,0,1,90,1,11,103,0.51,2.73,1
UTA Arad,"UTA Arad - CFR Cluj, 0-1",2026-02-04 17:00:00,0,Home,30817,719,191642,4435361,5715872,1.88,36.56,0,57.19,60.94,140.6,105,0.94,1.88,24.38,1.88,11.25,130.3,58.13,16.88,0.94,0,0,27.47,28.13,195.9,74.06,32.81,8.44,154.7,12.19,5.63,2.81,0,0,0,6.56,6.56,2.81,0,0,0,35.63,0,124.7,0,5.63,27.51,66.56,23.44,10.31,7.5,40.31,79.69,18.75,9.38,77.81,36.56,5.63,39.38,1.88,32.81,21.9,400.3,74.06,0,52.2,14.06,226.9,0,0.94,0,0,3.75,11.25,0.94,18.75,57.19,7.5,86.25,21.56,97.5,0,95.63,0,30.94,292.5,46.88,0,0,0,95.63,5.63,12.19,124.7,0.32,0.95,1.88,28.21,29.03,0,37.8,25.71,0,0,0,0,0,69.35,40.67,24.1,33.33,46.99,0,50,93.85,30.77,76.67,63.03,0,76.69,0,46.48,73.07,63.29,0,0,0,15.38,76.69,0,15.38,2,39,11,0,61,65,0,1,2,26,2,12,139,62,18,1,0,0,30,209,79,35,9,165,13,6,3,0,0,0,7,7,3,0,0,0,38,0,133,0,6,71,25,11,150,1,1,8,43,85,20,10,83,39,6,42,2,35,427,79,0,7.65,1,0,15,242,112,0,1,0,0,4,12,1,20,61,8,92,23,104,0,102,0,33,312,50,0,0,0,102,6,13,133,0.34,1.01,2
UTA Arad,"FCS Bucureşti - UTA Arad, 1-0",2026-03-20 18:00:00,0,Away,30817,719,191642,4437511,5823754,2.84,45.47,0,33.16,53.05,122.2,89.05,0.95,2.84,10.42,2.84,8.53,178.1,74.84,11.37,0.95,0,0,12.87,11.37,212.2,55.89,45.47,17.05,106.1,12.32,2.84,1.89,0,0,0.95,10.42,9.47,0,0,0,1.89,57.79,0,77.68,11.37,9.47,26.28,49.26,27.47,8.53,7.58,42.63,88.11,19.89,4.74,64.42,18.95,0.95,18.95,0.95,47.37,18.36,280.4,37.89,0,35.3,11.37,175.3,0,1.89,6.63,0,9.47,15.16,1.89,11.37,48.32,3.79,117.5,6.63,66.32,0,65.37,5.68,25.58,216,20.84,0,0.95,0.95,65.37,3.79,6.63,77.68,0.7,1.48,0.95,37.5,15.19,0,26.34,37.5,0,0,0,0,50,56.96,41.52,30.88,41.67,29.41,0,20,91.07,36.36,58.33,62.5,0,84.15,50,51.92,77.03,55,28.57,50,25,42.86,84.15,0,7.692,3,48,18,0,35,56,0,1,3,11,3,9,188,79,12,1,0,0,12,224,59,48,18,112,13,3,2,0,0,1,11,10,0,0,0,2,61,0,82,12,10,52,29,9,129,1,1,8,45,93,21,5,68,20,1,20,1,50,296,40,0,12.07,9,0,12,185,94,0,2,7,0,10,16,2,12,51,4,124,7,70,0,69,6,27,228,22,0,1,1,69,4,7,82,0.74,1.56,1
Unirea Slobozia,"Unirea Slobozia - Botoşani, 0-1",2025-11-30 16:30:00,0,Home,11663,719,191642,4435361,5715822,0,48.67,0,21.12,39.49,131.3,95.51,0.92,1.84,10.1,1.84,2.76,141.4,60.61,17.45,0.92,0,0,9.45,3.67,191,81.73,45.92,24.8,155.2,14.69,5.51,1.84,0,0,0,5.51,4.59,1.84,0,0,1.84,32.14,0,61.53,1.84,3.67,30.08,67.96,33.06,14.69,2.76,41.33,102.9,20.2,2.76,48.67,22.96,3.67,28.47,2.76,45,22.34,293,57.86,0,40.5,9.18,146.9,0,1.84,2.76,0,7.35,5.51,0,8.27,34.9,2.76,100.1,2.76,91.84,0,47.76,1.84,32.14,192.9,31.22,0,0,0,47.76,1.84,4.59,61.53,0.59,0.26,4.59,54.72,28.79,0,42.79,54,0,0,0,0,50,68.18,53.85,41.51,75,47.17,0,37.5,88.37,27.27,75,59.17,0,77.61,100,47.3,65.83,53.97,66.67,0,0,20,77.61,0,31.25,0,53,29,0,23,43,0,1,2,11,2,3,154,66,19,1,0,0,4,208,89,50,27,169,16,6,2,0,0,0,6,5,2,0,0,2,35,0,67,2,4,74,36,16,143,1,1,3,45,112,22,3,53,25,4,31,3,49,319,63,0,10.23,2,0,10,160,104,0,2,3,0,8,6,0,9,38,3,109,3,100,0,52,2,35,210,34,0,0,0,52,2,5,67,0.64,0.28,5
Unirea Slobozia,"Oţelul - Unirea Slobozia, 3-0",2025-12-05 19:30:00,0,Away,11663,719,191642,4435361,5715831,0,26.81,0,45,36.38,99.57,80.43,2.87,8.62,20.11,0,6.7,136.9,61.28,11.49,0,0,0,18.48,16.28,183.8,66.06,22.02,11.49,118.7,15.32,0.96,0,0,0,2.87,6.7,2.87,2.87,0,0,1.91,48.83,0,81.38,1.91,5.74,24.98,34.47,32.55,9.57,0.96,33.51,83.3,26.81,15.32,63.19,31.6,1.91,27.77,0.96,31.6,19.25,274.8,37.34,0,38.6,12.45,144.6,0,0.96,6.7,0,7.66,12.45,0.96,17.23,32.55,1.91,95.74,14.36,69.89,0,58.4,1.91,12.45,185.7,20.11,0,0,0,58.4,0.96,8.62,81.38,0.42,2.29,0.96,50,18.75,0,35.94,52.17,0,0,0,0,0,54.69,45.31,42.42,94.12,50,0,0,89.47,9.52,88.24,58.87,0,71.76,100,36.11,67.6,53.85,28.57,0,0,44.44,71.76,0,6.25,0,28,14,0,47,38,0,3,9,21,0,7,143,64,12,0,0,0,17,192,69,23,12,124,16,1,0,0,0,3,7,3,3,0,0,2,51,0,85,2,6,36,34,10,104,1,1,1,35,87,28,16,66,33,2,29,1,33,287,39,0,8.33,9,0,13,151,84,0,1,7,0,8,13,1,18,34,2,100,15,73,0,61,2,13,194,21,0,0,0,61,1,9,85,0.44,2.39,1
Universitatea Cluj,"Unirea Slobozia - Universitatea Cluj, 0-1",2025-08-30 17:45:00,3,Away,60374,719,191642,4435361,5715743,0.94,30,0.94,45.94,71.25,98.44,70.31,0,3.75,20.63,0.94,7.5,142.5,66.56,12.19,0,0,0,13.41,14.06,173.4,61.88,27.19,17.81,162.2,13.13,0,0,0,0,0,9.38,7.5,1.88,0,0.94,1.88,45.94,0,227.8,0.94,3.75,31.29,43.13,20.63,10.31,0.94,44.06,92.81,20.63,8.44,56.25,21.56,0,24.38,0.94,24.38,20.24,518.4,67.5,0,64.7,10.31,405,0,5.63,6.56,0,11.25,12.19,0,20.63,69.38,9.38,107.8,12.19,122.8,0,218.4,0.94,23.44,455.6,45.94,0,0,0,218.4,0.94,18.75,227.8,0.7,0.42,0,59.38,18.31,0,35.68,65.52,0,0,0,8.333,50,66.2,53.51,36.67,60,38.33,0,25,97.37,45.45,86.67,75.72,0,95.88,100,54.35,87.88,68.06,42.86,0,0,50,95.88,100,0,1,32,19,1,49,76,1,0,4,22,1,8,152,71,13,0,0,0,15,185,66,29,19,173,14,0,0,0,0,0,10,8,2,0,1,2,49,0,243,1,4,46,22,11,105,1,1,1,47,99,22,9,60,23,0,26,1,26,553,72,0,4.6,3,0,11,432,75,0,6,7,0,12,13,0,22,74,10,115,13,131,0,233,1,25,486,49,0,0,0,233,1,20,243,0.75,0.45,0
Universitatea Cluj,"Argeș - Universitatea Cluj, 1-0",2025-09-20 17:45:00,0,Away,60374,719,191642,4435361,5715755,0.86,40.29,0,50.57,48.86,90.86,54.86,0.86,14.57,15.43,4.29,3.43,107.1,46.29,15.43,0.86,0.86,0,20.88,20.57,168.9,60,36.86,12.86,126,6.86,1.71,0.86,0,0,0.86,4.29,4.29,2.57,0,0,3.43,20.57,0,144,1.71,1.71,29.49,35.14,15.43,6,6.86,32.57,70.29,18,9.43,66.86,24.86,0,14.57,5.14,30.86,18.15,382.3,47.14,0,62.5,7.71,274.3,0.86,2.57,7.71,0,13.71,8.57,0.86,16.29,46.29,5.14,66.86,14.57,96,0,126,1.71,21.43,320.6,36,0,0,1.71,126,3.43,13.71,144,1.07,1.48,0.86,34.04,33.33,100,35.53,34.88,0,0,0,0,0,70.37,41.62,26.92,45.83,37.18,0,12.5,94.74,33.33,70.83,76.19,0,87.5,100,60.98,83.86,76.36,33.33,0,50,31.25,87.5,0,12.5,1,47,16,0,59,57,0,1,17,18,5,4,125,54,18,1,1,0,24,197,70,43,15,147,8,2,1,0,0,1,5,5,3,0,0,4,24,0,168,2,2,41,18,7,106,1,1,8,38,82,21,11,78,29,0,17,6,36,446,55,0,8.86,1,0,9,320,64,1,3,9,0,16,10,1,19,54,6,78,17,112,0,147,2,25,374,42,0,0,2,147,4,16,168,1.25,1.73,1
Universitatea Cluj,"Universitatea Cluj - Farul Constanţa, 1-0",2025-12-21 15:30:00,3,Home,60374,719,191642,4435361,5715843,4.89,39.13,0,59.67,58.7,117.4,84.13,0,5.87,10.76,1.96,2.93,134,56.74,19.57,0,0,0,31.97,35.22,188.8,82.17,37.17,16.63,131.1,10.76,0.98,0,0,0,3.91,1.96,1.96,1.96,0,0.98,0.98,38.15,0,122.3,4.89,1.96,26.8,58.7,15.65,7.83,1.96,39.13,94.89,30.33,16.63,77.28,37.17,0,23.48,0,41.09,19.81,369.8,40.11,0,44,15.65,246.5,0,1.96,5.87,0,12.72,5.87,0.98,20.54,55.76,0.98,94.89,24.46,88.04,0,102.7,2.93,31.3,290.5,23.48,0,0,0.98,102.7,6.85,12.72,122.3,0.78,0.56,0,45,34.48,0,43.52,44.74,0,0,0,7.692,100,68.97,50.26,39.24,47.22,48.1,0,23.08,95,9.09,69.44,67.16,0,84,60,53.33,78.57,58.54,33.33,0,14.29,30.77,84,100,0,5,40,18,0,61,60,1,0,6,11,2,3,137,58,20,0,0,0,36,193,84,38,17,134,11,1,0,0,0,4,2,2,2,0,1,1,39,0,125,5,2,60,16,8,120,1,1,2,40,97,31,17,79,38,0,24,0,42,378,41,0,12,15,0,16,252,86,0,2,6,0,13,6,1,21,57,1,97,25,90,0,105,3,32,297,24,0,0,1,105,7,13,125,0.8,0.57,0
CFR Cluj,"CFR Cluj - Unirea Slobozia, 2-1",2025-07-13 20:30:00,3,Home,11611,719,191642,4435361,5715686,0.84,41.21,0,35.33,51.31,93.36,66.45,0.84,4.21,11.78,5.05,1.68,115.2,47.94,14.3,0.84,0,0,12.59,15.14,176.6,76.54,40.37,17.66,138.8,11.78,0.84,0,0,0,0.84,5.89,5.89,1.68,0,1.68,1.68,26.07,0.84,143.8,5.89,5.05,26.99,47.1,37.85,17.66,10.09,34.49,92.52,22.71,9.25,49.63,26.92,1.68,21.03,0.84,25.23,18.71,382.7,50.47,0,60,6.73,260.8,0,0.84,5.05,0.84,7.57,7.57,0.84,17.66,50.47,5.05,78.22,11.78,90.84,0.84,132.1,5.89,21.03,315.4,29.44,0,0.84,3.36,132.1,9.25,12.62,143.8,1.24,0.45,0.84,42.86,29.82,0,43.33,43.75,0,0,0,22.22,50,71.93,52.38,45.76,61.11,54.24,0,33.33,98.36,42.86,77.78,65.45,100,91.81,100,44.64,82.42,58.33,66.67,100,36.36,20,91.81,100,7.143,1,49,21,0,42,61,0,1,5,14,6,2,137,57,17,1,0,0,18,210,91,48,21,165,14,1,0,0,0,1,7,7,2,0,2,2,31,1,171,7,6,56,45,21,111,1,1,12,41,110,27,11,59,32,2,25,1,30,455,60,0,6.56,18,0,8,310,79,0,1,6,1,9,9,1,21,60,6,93,14,108,1,157,7,25,375,35,0,1,4,157,11,15,171,1.48,0.54,1
Oţelul,"Farul Constanţa - Oţelul, 3-2",2025-07-20 17:30:00,0,Away,11571,719,191642,4435361,5715692,0.86,46.29,0,44.57,36,116.6,80.57,2.57,6,14.57,6.86,2.57,144,61.71,15.43,0,0,0,20.77,15.43,188.6,66,42.86,14.57,114.9,7.71,0.86,0,0,0,0,11.14,7.71,0,0,1.71,3.43,36,0.86,102.9,4.29,7.71,27.25,45.43,30,12.86,10.29,50.57,96,16.29,7.71,50.57,21.43,0,27.43,3.43,38.57,18.62,306.9,44.57,0,47.6,7.71,184.3,0,3.43,5.14,0.86,14.57,7.71,0,18.86,29.14,6,102.9,10.29,76.29,0.86,86.57,1.71,30.86,230.6,30.86,0,0,0,86.57,2.57,14.57,102.9,2.28,0.69,1.71,35.19,25,0,35,34,0,0,0,11.77,25,81.94,50.91,32.2,50,42.37,0,35.29,80.95,41.18,66.67,66.42,100,84.17,40,67.92,75.14,69.23,50,0,0,29.41,84.17,0,22.22,1,54,19,0,52,42,0,3,7,17,8,3,168,72,18,0,0,0,18,220,77,50,17,134,9,1,0,0,0,0,13,9,0,0,2,4,42,1,120,5,9,53,35,15,136,1,1,12,59,112,19,9,59,25,0,32,4,45,358,52,0,6.51,9,0,9,215,94,0,4,6,1,17,9,0,22,34,7,120,12,89,1,101,2,36,269,36,0,0,0,101,3,17,120,2.66,0.8,2
Dinamo Bucureşti,"Dinamo Bucureşti - Botoşani, 0-0",2025-07-21 20:30:00,1,Home,11564,719,191642,4435361,5715695,6.99,37.57,0,58.54,49.81,118,78.64,0,6.12,20.1,2.62,2.62,114.5,34.08,7.86,0,0,0,19.51,27.09,162.5,82.14,28.83,16.6,140.7,8.74,3.5,2.62,0,0,0.87,9.61,7.86,0.87,0,0,5.24,42.82,0.87,93.5,4.37,4.37,33.6,41.07,27.09,13.11,5.24,20.1,87.38,30.58,15.73,63.79,37.57,3.5,25.34,1.75,36.7,19.43,329.4,42.82,0,52.4,13.11,191.4,0,5.24,7.86,0.87,10.49,6.12,0.87,24.47,45.44,5.24,86.5,21.84,95.24,0.87,71.65,2.62,19.22,242.9,24.47,0,0.87,0.87,71.65,5.24,18.35,93.5,1.03,0.5,0,62.79,23.08,0,50.54,57.58,0,0,0,0,16.67,58.97,53.76,47.95,58.06,58.9,0,25,91.23,26.09,80.65,67.7,100,76.64,60,46.81,73.74,57.14,66.67,100,16.67,38.1,76.64,0,0,8,43,27,0,67,57,1,0,7,23,3,3,131,39,9,0,0,0,31,186,94,33,19,161,10,4,3,0,0,1,11,9,1,0,0,6,49,1,107,5,5,47,31,15,135,1,1,6,23,100,35,18,73,43,4,29,2,42,377,49,0,7.73,4,0,15,219,90,0,6,9,1,12,7,1,28,52,6,99,25,109,1,82,3,22,278,28,0,1,1,82,6,21,107,1.18,0.57,0
Farul Constanţa,"Farul Constanţa - Universitatea Cluj, 0-1",2025-08-18 20:30:00,0,Home,61242,719,191642,4435361,5715723,0,33.53,0,65.29,43.24,106.8,91.76,0.88,5.29,24.71,7.94,3.53,118.2,61.76,15.88,0.88,0,0,19.65,20.29,187.1,64.41,28.24,12.35,144.7,6.18,1.76,0.88,0,0,0,4.41,3.53,2.65,0,0,1.76,22.94,0.88,176.5,4.41,0.88,24.94,34.41,23.82,6.18,4.41,52.06,90.88,18.53,7.94,67.94,28.24,0.88,42.35,0.88,15.88,19.62,435,74.12,0,60.8,28.24,304.4,0,3.53,14.12,0.88,20.29,9.71,0,17.65,39.71,5.29,89.12,13.24,112.1,0,148.2,2.65,20.29,356.5,58.24,0,0,4.41,148.2,4.41,22.94,176.5,0.95,1.25,1.76,42.11,25.71,0,34.43,43.75,0,0,0,0,50,84.29,48.58,27.27,39.13,41.56,0,21.74,91.84,21.43,65.22,77.44,0,84,60,58.97,81.95,78.57,43.75,0,100,42.31,84,0,28.57,0,38,16,0,74,49,0,1,6,28,9,4,134,70,18,1,0,0,23,212,73,32,14,164,7,2,1,0,0,0,5,4,3,0,0,2,26,1,200,5,1,39,27,7,121,1,1,5,59,103,21,9,77,32,1,48,1,18,493,84,0,5.97,0,0,32,345,104,0,4,16,1,23,11,0,20,45,6,101,15,127,0,168,3,23,404,66,0,0,5,168,5,26,200,1.08,1.42,2
Botoşani,"Botoşani - Petrolul 52, 0-1",2026-03-07 16:00:00,0,Home,11634,719,191642,4435361,5715915,0,36.53,0,51.68,50.79,120.3,81.09,0.89,6.24,16.93,2.67,2.67,128.3,56.14,12.48,0.89,0.89,0,19.49,20.5,169.3,65.94,35.64,16.93,169.3,11.58,1.78,1.78,0,0,1.78,5.35,5.35,0.89,0,0,0.89,35.64,0.89,126.5,14.26,1.78,26.04,42.77,24.06,8.91,11.58,31.19,78.42,21.39,10.69,52.57,27.62,0.89,29.41,7.13,29.41,18.07,397.4,66.83,0,59.1,11.58,270.9,0,6.24,8.91,0.89,12.48,6.24,1.78,21.39,44.55,8.02,83.76,13.37,115.8,0.89,112.3,10.69,21.39,312.8,44.55,0,0,0,112.3,5.35,16.04,126.5,0.88,0.45,1.78,46.34,22.22,100,38.95,47.5,0,0,0,0,0,55.56,46.32,40.68,52.17,52.54,0,21.43,87.72,47.37,65.22,68.42,100,88.73,75,50,78.7,66.67,50,0,0,22.22,88.73,0,15.38,0,41,19,0,58,57,0,1,7,19,3,3,144,63,14,1,1,0,23,190,74,40,19,190,13,2,2,0,0,2,6,6,1,0,0,1,40,1,142,16,2,48,27,10,135,1,1,13,35,88,24,12,59,31,1,33,8,33,446,75,0,7.93,6,0,13,304,91,0,7,10,1,14,7,2,24,50,9,94,15,130,1,126,12,24,351,50,0,0,0,126,6,18,142,0.99,0.5,2
Metaloglobus,"Unirea Slobozia - Metaloglobus, 2-1",2025-08-15 18:00:00,0,Away,11943,719,191642,4435361,5715727,3.56,33.86,0,34.75,60.59,109.6,83.76,1.78,1.78,13.37,4.46,6.24,145.2,72.18,11.58,0,0,0,18.25,13.37,180,57.03,31.19,9.8,159.5,11.58,2.67,0.89,0,0,0,8.02,8.02,1.78,0,0.89,0,39.21,0.89,127.4,6.24,2.67,30.93,44.55,28.51,13.37,6.24,45.45,84.65,16.04,8.02,45.45,22.28,0.89,21.39,0.89,32.97,19.96,407.2,38.32,0,54.2,11.58,290.5,0,5.35,1.78,0.89,7.13,11.58,0.89,16.93,60.59,4.46,94.46,8.02,114.1,0.89,115,3.56,22.28,332.4,16.93,0,0,0,115,5.35,14.26,127.4,1.6,1.45,2.67,28.95,16.05,0,31.68,31.43,0,0,0,0,0,62.96,47.03,35.29,60,49.02,0,62.5,100,33.33,60,71.51,100,90.21,57.14,50,81.62,44.19,50,0,0,31.25,90.21,0,23.08,4,38,11,0,39,68,0,2,2,15,5,7,163,81,13,0,0,0,15,202,64,35,11,179,13,3,1,0,0,0,9,9,2,0,1,0,44,1,143,7,3,50,32,15,123,1,1,7,51,95,18,9,51,25,1,24,1,37,457,43,0,7.09,10,0,13,326,94,0,6,2,1,8,13,1,19,68,5,106,9,128,1,129,4,25,373,19,0,0,0,129,6,16,143,1.79,1.63,3
Petrolul 52,"Botoşani - Petrolul 52, 0-1",2026-03-07 16:00:00,3,Away,60390,719,191642,4435361,5715915,1.78,36.53,0.89,36.53,42.77,115.8,77.52,0,5.35,13.37,1.78,5.35,131.9,52.57,11.58,0,0,0,30.26,16.04,169.3,64.16,36.53,15.15,108.7,11.58,0,0,0,0,1.78,14.26,9.8,2.67,0,0.89,0.89,42.77,0.89,61.49,3.56,14.26,27.16,37.43,24.06,10.69,8.91,31.19,81.98,24.95,10.69,56.14,26.73,7.13,16.04,0.89,45.45,18.76,255.7,32.08,0,40.9,12.48,147,0,0,4.46,0.89,6.24,12.48,0.89,15.15,39.21,2.67,89.11,10.69,68.61,0.89,41.88,3.56,16.93,180,14.26,0,0,0,41.88,2.67,11.58,61.49,0.45,0.88,2.67,41.46,22.03,0,37.89,41.46,0,0,0,14.29,0,59.32,48.42,44.44,66.67,47.62,0,28.57,91.67,20,66.67,63.11,100,68.12,100,45.24,70.38,44.44,60,0,0,38.46,68.12,100,23.08,2,41,17,1,41,48,1,0,6,15,2,6,148,59,13,0,0,0,18,190,72,41,17,122,13,0,0,0,0,2,16,11,3,0,1,1,48,1,69,4,16,42,27,12,130,1,1,10,35,92,28,12,63,30,8,18,1,51,287,36,0,11.83,14,0,14,165,87,0,0,5,1,7,14,1,17,44,3,100,12,77,1,47,4,19,202,16,0,0,0,47,3,13,69,0.5,0.99,3
CFR Cluj,"CFR Cluj - Universitatea Cluj, 3-2",2026-02-07 19:00:00,3,Home,11611,719,191642,4435361,5715885,1.8,28.8,0,25.2,25.2,99.9,63.9,1.8,1.8,3.6,1.8,7.2,125.1,67.5,17.1,0,0,0,13.52,10.8,165.6,56.7,27.9,14.4,100.8,9.9,2.7,0.9,0,0,0.9,10.8,6.3,5.4,0,2.7,0.9,28.8,0.9,61.2,2.7,10.8,32.15,38.7,26.1,7.2,2.7,41.4,78.3,15.3,4.5,43.2,18,1.8,20.7,0,38.7,21.14,219.6,47.7,0,31.9,8.1,126,0,0,1.8,0.9,10.8,16.2,0,7.2,24.3,0,84.6,7.2,59.4,0.9,45.9,1.8,13.5,153,30.6,0,0,0,45.9,2.7,11.7,61.2,1.54,2.53,1.8,50,25.33,0,34.24,51.61,0,0,0,25,100,61.33,47.28,35.42,41.67,41.67,0,25,96.43,0,66.67,58.93,100,75,66.67,34.88,69.67,64.15,0,0,0,38.46,75,100,18.18,2,32,16,0,28,28,0,2,2,4,2,8,139,75,19,0,0,0,12,184,63,31,16,112,11,3,1,0,0,1,12,7,6,0,3,1,32,1,68,3,12,43,29,8,111,1,1,3,46,87,17,5,48,20,2,23,0,43,244,53,0,13.03,7,0,9,140,71,0,0,2,1,12,18,0,8,27,0,94,8,66,1,51,2,15,170,34,0,0,0,51,3,13,68,1.71,2.81,2
Petrolul 52,"Petrolul 52 - UTA Arad, 1-2",2025-08-01 20:30:00,0,Home,60390,719,191642,4435361,5715710,0,54.9,0,55.8,54,107.1,90,1.8,5.4,19.8,8.1,1.8,142.2,63.9,18.9,0,0,0,18.32,19.8,197.1,78.3,51.3,19.8,151.2,7.2,2.7,0.9,0,0,0,3.6,3.6,3.6,0,0.9,0,23.4,0.9,135,7.2,0,32.55,54.9,22.5,8.1,3.6,46.8,101.7,27,12.6,55.8,31.5,0.9,33.3,0,19.8,19.36,398.7,57.6,0,62.2,17.1,274.5,0,3.6,10.8,0.9,15.3,7.2,0.9,21.6,53.1,6.3,90,13.5,114.3,0.9,112.5,6.3,29.7,323.1,39.6,0,0,0.9,112.5,4.5,19.8,135,1.93,1.6,1.8,36.07,29.58,0,39.73,38.6,0,0,0,5.882,0,73.24,51.6,48.39,63.64,56.45,0,17.65,98.33,31.82,68.18,75.6,100,83.33,87.5,54.1,81.04,68.75,33.33,0,20,27.27,83.33,0,25,0,61,22,0,62,60,0,2,6,22,9,2,158,71,21,0,0,0,22,219,87,57,22,168,8,3,1,0,0,0,4,4,4,0,1,0,26,1,150,8,0,61,25,9,119,1,1,4,52,113,30,14,62,35,1,37,0,22,443,64,0,5.66,5,0,19,305,100,0,4,12,1,17,8,1,24,59,7,100,15,127,1,125,7,33,359,44,0,0,1,125,5,22,150,2.15,1.78,2
Petrolul 52,"UTA Arad - Petrolul 52, 1-0",2025-12-08 16:30:00,0,Away,60390,719,191642,4435361,5715830,0,42.3,0,24.3,53.1,115.2,82.8,0.9,0.9,10.8,1.8,3.6,150.3,63.9,10.8,0,0,0,6.99,7.2,163.8,54.9,41.4,18,144,12.6,1.8,0.9,0,0,0.9,9,9,3.6,0,0,0,44.1,0.9,96.3,0.9,6.3,24.56,36.9,12.6,8.1,2.7,36,76.5,14.4,4.5,45,18,0.9,20.7,1.8,45.9,17.95,367.2,42.3,0,45.3,8.1,255.6,0,2.7,3.6,0.9,5.4,11.7,0.9,11.7,50.4,2.7,98.1,6.3,100.8,0.9,80.1,0.9,18.9,293.4,27,0,0.9,0.9,80.1,0.9,5.4,96.3,0.23,0.52,1.8,42.55,16.9,0,33.52,43.48,0,0,0,0,0,56.34,46.7,32,62.5,40,0,66.67,94.92,25,87.5,70,100,83.18,100,51.22,79.9,63.83,50,100,100,33.33,83.18,0,14.29,0,47,20,0,27,59,0,1,1,12,2,4,167,71,12,0,0,0,8,182,61,46,20,160,14,2,1,0,0,1,10,10,4,0,0,0,49,1,107,1,7,41,14,9,128,1,1,3,40,85,16,5,50,20,1,23,2,51,408,47,0,15.55,1,0,9,284,92,0,3,4,1,6,13,1,13,56,3,109,7,112,1,89,1,21,326,30,0,1,1,89,1,6,107,0.26,0.58,2
Rapid Bucureşti,"UTA Arad - Rapid Bucureşti, 1-2",2026-01-26 19:00:00,3,Away,11566,719,191642,4435361,5715862,0.9,53.1,0,36,44.1,115.2,77.4,0.9,4.5,13.5,2.7,7.2,155.7,74.7,13.5,0,0,0,8.11,8.1,193.5,70.2,52.2,31.5,127.8,13.5,1.8,0.9,0,0,0,6.3,6.3,1.8,0,1.8,0.9,27.9,0.9,130.5,0,4.5,27.04,45,18,5.4,5.4,46.8,99,15.3,2.7,47.7,19.8,2.7,18.9,0,42.3,18.65,352.8,45,0.9,48.8,8.1,256.5,0,2.7,6.3,0.9,13.5,10.8,0.9,14.4,42.3,6.3,106.2,7.2,98.1,0.9,108.9,0,19.8,287.1,28.8,0.9,0.9,1.8,108.9,7.2,27,130.5,2.61,0.59,2.7,59.32,18.07,0,36.28,60.34,0,0,0,13.33,100,62.65,51.16,32.08,33.33,41.51,100,33.33,95.92,46.67,88.89,76.76,100,83.45,0,44,81.38,64,28.57,100,25,46.67,83.45,100,20,1,59,35,0,40,49,0,1,5,15,3,8,173,83,15,0,0,0,9,215,78,58,35,142,15,2,1,0,0,0,7,7,2,0,2,1,31,1,145,0,5,50,20,6,128,1,1,6,52,110,17,3,53,22,3,21,0,47,392,50,1,11.52,5,0,9,285,86,0,3,7,1,15,12,1,16,47,7,118,8,109,1,121,0,22,319,32,1,1,2,121,8,30,145,2.9,0.65,3
UTA Arad,"Petrolul 52 - UTA Arad, 1-2",2025-08-01 20:30:00,3,Away,30817,719,191642,4435361,5715710,6.3,54.9,0.9,36,31.5,116.1,74.7,0.9,2.7,5.4,0.9,10.8,157.5,55.8,9.9,0.9,0.9,0,20.46,23.4,197.1,68.4,54,25.2,104.4,9,1.8,1.8,0,0,2.7,14.4,11.7,1.8,0,1.8,1.8,46.8,0.9,48.6,3.6,8.1,29.3,34.2,22.5,7.2,5.4,28.8,79.2,17.1,9,63.9,25.2,0,12.6,0.9,49.5,18.22,218.7,24.3,0,37.8,15.3,117.9,0,6.3,2.7,0.9,7.2,15.3,0,15.3,25.2,0.9,101.7,14.4,68.4,0.9,42.3,0.9,14.4,160.2,17.1,0,0,0,42.3,0,9.9,48.6,1.6,1.93,3.6,47.54,17.74,100,34.7,46.67,0,0,0,25,50,51.61,40.18,26.76,38.46,39.44,0,75,80,16.67,61.54,65.52,100,87.04,25,42.11,73.25,70.37,66.67,0,0,36.36,87.04,100,40,7,61,29,1,40,35,0,1,3,6,1,12,175,62,11,1,1,0,26,219,76,60,28,116,10,2,2,0,0,3,16,13,2,0,2,2,52,1,54,4,9,38,25,8,129,1,1,6,32,88,19,10,71,28,0,14,1,55,243,27,0,14.71,9,0,17,131,83,0,7,3,1,8,17,0,17,28,1,113,16,76,1,47,1,16,178,19,0,0,0,47,0,11,54,1.78,2.15,4
Botoşani,"Botoşani - Hermannstadt, 2-0",2025-10-27 16:30:00,3,Home,11634,719,191642,4435361,5715787,0,31.82,0.91,42.73,71.82,122.7,86.36,0,4.55,9.09,1.82,5.45,145.4,76.36,18.18,0.91,0.91,0,27.03,20.91,192.7,70.91,29.09,15.45,147.3,7.27,0.91,0.91,0,0,1.82,6.36,4.55,2.73,0,1.82,0,37.27,0.91,122.7,2.73,5.45,29,43.64,28.18,10,4.55,50.91,95.45,18.18,9.09,56.36,26.36,0,35.45,0.91,40,20.07,410,54.55,0,59.1,9.09,287.3,0,2.73,7.27,0.91,12.73,9.09,0,17.27,67.27,2.73,104.5,13.64,106.4,0.91,107.3,2.73,25.45,334.6,36.36,0,0,0.91,107.3,2.73,18.18,122.7,1.85,1.34,1.82,51.43,23.81,100,36.79,53.13,0,0,0,14.29,0,66.67,49.53,32.26,43.48,46.77,0,42.86,93.67,30,65.22,72.22,100,87.41,100,58.33,81.6,66.67,50,0,33.33,40,87.41,100,25,0,35,18,1,47,79,1,0,5,10,2,6,160,84,20,1,1,0,23,212,78,32,17,162,8,1,1,0,0,2,7,5,3,0,2,0,41,1,135,3,6,48,31,11,135,1,1,5,56,105,20,10,62,29,0,39,1,44,451,60,0,6.54,0,0,10,316,95,0,3,8,1,14,10,0,19,74,3,115,15,117,1,118,3,28,368,40,0,0,1,118,3,20,135,2.04,1.47,2
Dinamo Bucureşti,"Unirea Slobozia - Dinamo Bucureşti, 0-1",2025-10-03 19:30:00,3,Away,11564,719,191642,4435361,5715775,0.91,65.45,0.91,36.36,13.64,135.4,86.36,0,8.18,12.73,5.45,1.82,160.9,44.55,5.45,1.82,0.91,0,12.97,11.82,203.6,88.18,58.18,31.82,120.9,13.64,9.09,3.64,0,0,0,6.36,5.45,0,0,0.91,2.73,50.91,0.91,34.55,0.91,6.36,29.24,60,38.18,20.91,1.82,22.73,97.27,18.18,4.55,55.45,26.36,3.64,24.55,1.82,46.36,21.09,196.4,45.45,0,41.9,2.73,54.55,0,0,5.45,0.91,11.82,3.64,0,12.73,11.82,4.55,109.1,9.09,53.64,0.91,20.91,0.91,19.09,98.18,21.82,0,0,0,20.91,0.91,21.82,34.55,1.05,0.06,1.82,54.17,12.24,50,43.3,54.69,0,0,0,7.692,66.67,51.02,47.77,32.79,38.46,47.54,0,30.77,86.67,35.71,76.92,44.36,100,60.53,100,31.82,50,48,66.67,0,0,33.33,60.53,100,13.33,1,72,39,1,40,15,1,0,9,14,6,2,177,49,6,2,1,0,13,224,97,64,35,133,15,10,4,0,0,0,7,6,0,0,1,3,56,1,38,1,7,66,42,23,149,1,1,2,25,107,20,5,61,29,4,27,2,51,216,50,0,5.06,0,0,3,60,95,0,0,6,1,13,4,0,14,13,5,120,10,59,1,23,1,21,108,24,0,0,0,23,1,24,38,1.15,0.07,2
Dinamo Bucureşti,"Rapid Bucureşti - Dinamo Bucureşti, 3-2",2026-03-14 20:00:00,0,Away,11564,719,191642,4437530,5823151,1.82,33.64,0.91,30.91,40.91,93.64,66.36,2.73,1.82,7.27,2.73,4.55,116.4,53.64,11.82,0.91,0.91,0.91,20.59,17.27,176.4,69.09,31.82,19.09,102.7,16.36,3.64,0.91,0,0,2.73,6.36,4.55,0.91,0,1.82,0,29.09,0.91,110.9,2.73,5.45,24.59,36.36,34.55,12.73,3.64,31.82,82.73,19.09,8.18,54.55,25.45,0.91,18.18,0.91,35.45,17.78,322.7,27.27,0.91,52.2,10.91,222.7,0.91,0.91,0.91,0.91,5.45,9.09,0.91,15.45,38.18,1.82,80,11.82,71.82,0.91,97.27,2.73,16.36,265.4,17.27,0.91,0.91,0.91,97.27,0.91,7.27,110.9,1.33,1.22,4.55,56.76,22.03,100,39.18,60,0,0,0,33.33,0,59.32,46.91,35,47.37,46.67,100,83.33,93.33,25,68.42,69.91,100,87.7,100,45,82.25,63.33,0,100,100,50,87.7,0,27.78,2,37,21,1,34,45,0,3,2,8,3,5,128,59,13,1,1,1,19,194,76,35,21,113,18,4,1,0,0,3,7,5,1,0,2,0,32,1,122,3,6,40,38,14,103,1,1,4,35,91,21,9,60,28,1,20,1,39,355,30,1,9.68,7,0,12,245,73,1,1,1,1,6,10,1,17,42,2,88,13,79,1,107,3,18,292,19,1,1,1,107,1,8,122,1.46,1.34,5
FCS Bucureşti,"Farul Constanţa - FCS Bucureşti, 1-2",2025-11-30 19:30:00,3,Away,11565,719,191642,4435361,5715819,0.91,28.18,0.91,26.36,34.55,140.9,94.55,0.91,0.91,7.27,4.55,6.36,143.6,70,15.45,0,0,0,17.26,10.91,198.2,66.36,28.18,13.64,158.2,12.73,0.91,0.91,0,0,1.82,7.27,6.36,2.73,0,1.82,0,45.45,0.91,100,6.36,6.36,25.75,52.73,38.18,12.73,8.18,46.36,90,17.27,3.64,61.82,24.55,1.82,21.82,1.82,63.64,18.88,358.2,37.27,0,46.9,10,209.1,0,5.45,6.36,0.91,8.18,10,0,10.91,30.91,1.82,105.5,7.27,103.6,0.91,81.82,2.73,30,260.9,23.64,0,0,0,81.82,0.91,12.73,100,1.69,1.86,1.82,48.39,22.08,0,33.49,48.39,0,0,0,22.22,0,66.23,45.41,27.94,33.33,39.71,0,66.67,89.47,25,66.67,65.52,100,81.82,42.86,56.9,72.84,63.41,71.43,0,0,42.86,81.82,100,14.29,1,31,15,1,29,38,0,1,1,8,5,7,158,77,17,0,0,0,12,218,73,31,15,174,14,1,1,0,0,2,8,7,3,0,2,0,50,1,110,7,7,58,42,14,155,1,1,9,51,99,19,4,68,27,2,24,2,70,394,41,0,8.26,14,0,11,230,104,0,6,7,1,9,11,0,12,34,2,116,8,114,1,90,3,33,287,26,0,0,0,90,1,14,110,1.86,2.05,2
Oţelul,"Universitatea Craiova - Oţelul, 1-0",2026-02-05 17:00:00,0,Away,11571,719,191642,4435361,5715878,1.82,25.45,0,37.27,71.82,102.7,71.82,0.91,1.82,14.55,0,4.55,124.5,69.09,15.45,0.91,0,0,24.02,17.27,184.6,70.91,22.73,10,152.7,8.18,0.91,0,0,0,0,8.18,8.18,4.55,0,0,0,30,0.91,124.5,0.91,1.82,25.63,48.18,20,8.18,2.73,40,89.09,29.09,10.91,70,35.45,2.73,21.82,1.82,36.36,19.77,397.3,43.64,0,49,17.27,260,0,6.36,1.82,0.91,3.64,12.73,1.82,11.82,66.36,0.91,81.82,16.36,105.5,0.91,107.3,0.91,22.73,311.8,24.55,0,0,0.91,107.3,8.18,2.73,124.5,0.1,1.05,0.91,46.43,22.37,0,38.42,44,0,0,0,0,0,57.89,48.28,41.56,63.16,50.65,0,0,92.41,6.25,94.74,69.05,100,86.13,100,47.17,78.49,56.25,0,0,11.11,0,86.13,0,11.11,2,28,13,0,41,79,0,1,2,16,0,5,137,76,17,1,0,0,19,203,78,25,11,168,9,1,0,0,0,0,9,9,5,0,0,0,33,1,137,1,2,53,22,9,113,1,1,3,44,98,32,12,77,39,3,24,2,40,437,48,0,11.79,3,0,19,286,79,0,7,2,1,4,14,2,13,73,1,90,18,116,1,118,1,25,343,27,0,0,1,118,9,3,137,0.11,1.16,1
Rapid Bucureşti,"Rapid Bucureşti - Petrolul 52, 1-1",2026-02-06 19:00:00,1,Home,11566,719,191642,4435361,5715884,1.82,38.18,0,66.36,67.27,93.64,76.36,0.91,7.27,30.91,7.27,1.82,94.55,37.27,11.82,0,0,0,16.08,18.18,165.4,80,36.36,14.55,163.6,10.91,6.36,1.82,0,0,0.91,3.64,3.64,0,0,0.91,2.73,19.09,0.91,227.3,11.82,0.91,27.1,37.27,27.27,17.27,1.82,23.64,80,23.64,10,62.73,35.45,3.64,37.27,0.91,10.91,17.73,560.9,86.36,0,67.3,23.64,426.4,0,3.64,10,0.91,17.27,5.45,0,21.82,60.91,8.18,58.18,16.36,130,0.91,204.6,10.91,18.18,480,65.45,0,0,0,204.6,4.55,21.82,227.3,1.62,0.67,1.82,40.48,31.71,0,48.35,40,0,0,0,5.263,33.33,63.41,48.35,37.68,55,56.52,0,21.05,90.54,26.47,90,79.44,100,90,92.31,48.78,85.58,75.79,54.55,0,0,37.5,90,0,16.67,2,42,17,0,73,74,0,1,8,34,8,2,104,41,13,0,0,0,20,182,88,40,16,180,12,7,2,0,0,1,4,4,0,0,1,3,21,1,250,13,1,41,30,19,103,1,1,2,26,88,26,11,69,39,4,41,1,12,617,95,0,7.13,4,0,26,469,84,0,4,11,1,19,6,0,24,67,9,64,18,143,1,225,12,20,528,72,0,0,0,225,5,24,250,1.78,0.74,2
Unirea Slobozia,"Unirea Slobozia - Dinamo Bucureşti, 0-1",2025-10-03 19:30:00,0,Home,11663,719,191642,4435361,5715775,0,65.45,0,32.73,22.73,143.6,78.18,0.91,6.36,15.45,0.91,6.36,160.9,55.45,13.64,0,0,0,14.44,13.64,203.6,76.36,65.45,24.55,123.6,20,3.64,2.73,0,0,0,7.27,5.45,3.64,0,0,0.91,40,0.91,45.45,0,6.36,27.46,78.18,38.18,15.45,8.18,37.27,99.09,21.82,9.09,44.55,22.73,1.82,26.36,3.64,44.55,21.09,219.1,52.73,0,58.1,3.64,80,0,0.91,1.82,0.91,3.64,11.82,0,14.55,18.18,5.45,101.8,10,60.91,0.91,25.45,0,31.82,120.9,22.73,0,0,1.82,25.45,2.73,10,45.45,0.06,1.05,2.73,37.5,24.59,0,37.5,37.5,0,0,0,0,0,67.21,48.66,48.98,66.67,51.02,0,0,80,35.29,73.33,49.26,100,56,0,40.7,55.19,43.1,50,0,66.67,36.36,56,0,13.64,0,72,27,0,36,25,0,1,7,17,1,7,177,61,15,0,0,0,15,224,84,72,27,136,22,4,3,0,0,0,8,6,4,0,0,1,44,1,50,0,7,86,42,17,158,1,1,9,41,109,24,10,49,25,2,29,4,49,241,58,0,4.08,5,0,4,88,86,0,1,2,1,4,13,0,16,20,6,112,11,67,1,28,0,35,133,25,0,0,2,28,3,11,50,0.07,1.15,3
Unirea Slobozia,"Unirea Slobozia - CFR Cluj, 0-1",2025-11-09 13:30:00,0,Home,11663,719,191642,4435361,5715806,5.45,41.82,0,60.91,46.36,114.5,95.45,0.91,8.18,16.36,8.18,1.82,150.9,58.18,18.18,0,0,0,28.47,28.18,192.7,78.18,40.91,19.09,130,13.64,1.82,0.91,0,0,0.91,6.36,5.45,5.45,0,0,1.82,50.91,0.91,120,5.45,4.55,31.47,70,33.64,14.55,0,34.55,85.45,17.27,9.09,59.09,26.36,1.82,41.82,2.73,31.82,22.2,335.4,55.45,0,47.7,10,191.8,0,1.82,5.45,0.91,10,8.18,6.36,16.36,43.64,3.64,104.5,15.45,80,0.91,102.7,1.82,36.36,252.7,36.36,0,1.82,8.18,102.7,16.36,9.09,120,0.36,0.55,0.91,45.65,31.25,0,40.57,46.67,0,0,0,0,0,59.38,44.34,29.23,32.26,44.62,0,18.18,94.12,22.22,54.84,61.54,100,85.61,33.33,51.95,75.34,65.57,50,28.57,50,30,85.61,0,6.667,6,46,21,0,67,51,0,1,9,18,9,2,166,64,20,0,0,0,31,212,86,45,21,143,15,2,1,0,0,1,7,6,6,0,0,2,56,1,132,6,5,77,37,16,126,1,1,0,38,94,19,10,65,29,2,46,3,35,369,61,0,7.59,8,0,11,211,105,0,2,6,1,11,9,7,18,48,4,115,17,88,1,113,2,40,278,40,0,2,9,113,18,10,132,0.4,0.61,1
CFR Cluj,"Universitatea Craiova - CFR Cluj, 1-1",2025-12-07 19:30:00,1,Away,11611,719,191642,4435361,5715824,0,31.22,0.92,20.2,39.49,117.5,67.96,0.92,2.76,5.51,0,2.76,116.6,57.86,14.69,0,0,0,26.49,11.94,162.6,56.02,28.47,11.02,116.6,7.35,0,0,0,0,0.92,11.02,10.1,8.27,0,0.92,0,27.55,0.92,98.27,0,7.35,25.87,42.24,26.63,11.02,3.67,35.82,70.71,11.94,4.59,46.84,18.37,3.67,14.69,5.51,51.43,16.73,316.8,26.63,0,42.3,5.51,197.4,0,3.67,1.84,0.92,2.76,17.45,0,7.35,37.65,0.92,75.31,7.35,67.04,0.92,80.82,0,18.37,232.3,13.78,0,0,0.92,80.82,0.92,5.51,98.27,0.29,3.2,1.84,38.24,25.4,0,34.46,38.71,0,0,0,33.33,0,61.9,43.5,25.49,38.46,39.22,0,66.67,95.35,16.67,61.54,57.48,100,82.24,0,43.48,73.33,51.72,100,0,100,50,82.24,0,25,0,34,13,1,22,43,0,1,3,6,0,3,127,63,16,0,0,0,13,177,61,31,12,127,8,0,0,0,0,1,12,11,9,0,1,0,30,1,107,0,8,46,29,12,128,1,1,4,39,77,13,5,51,20,4,16,6,56,345,29,0,18.23,3,0,6,215,74,0,4,2,1,3,19,0,8,41,1,82,8,73,1,88,0,20,253,15,0,0,1,88,1,6,107,0.32,3.48,2
CFR Cluj,"CFR Cluj - Oţelul, 1-0",2026-01-18 16:45:00,3,Home,11611,719,191642,4435361,5715852,0,34.9,0.92,35.82,40.41,113.9,81.73,0,3.67,11.94,2.76,8.27,158,81.73,16.53,0.92,0,0,13.16,13.78,205.7,72.55,30.31,10.1,129.5,14.69,0.92,0,0,0,0.92,9.18,5.51,4.59,0,0.92,0.92,41.33,0.92,78.06,5.51,9.18,33.78,39.49,34.9,16.53,0.92,46.84,93.67,18.37,8.27,54.18,27.55,4.59,25.71,0.92,36.73,20.57,298.5,48.67,0,39.1,12.86,175.4,0,0,3.67,0.92,8.27,11.94,1.84,16.53,37.65,4.59,100.1,11.94,83.57,0.92,59.69,3.67,16.53,220.4,31.22,0,0,1.84,59.69,6.43,8.27,78.06,0.62,1.1,3.67,34.21,20.22,0,35.27,33.33,0,0,0,11.11,0,57.3,45.54,33.9,60,50.85,0,44.44,93.18,38.46,86.67,64.54,100,76.47,66.67,41.86,73.85,64.15,100,0,28.57,55.56,76.47,100,25,0,38,13,1,39,44,1,0,4,13,3,9,172,89,18,1,0,0,15,224,79,33,11,141,16,1,0,0,0,1,10,6,5,0,1,1,45,1,85,6,10,43,38,18,124,1,1,1,51,102,20,9,59,30,5,28,1,40,325,53,0,10.06,10,0,14,191,89,0,0,4,1,9,13,2,18,41,5,109,13,91,1,65,4,18,240,34,0,0,2,65,7,9,85,0.68,1.2,4
Dinamo Bucureşti,"Universitatea Cluj - Dinamo Bucureşti, 0-1",2025-08-23 20:30:00,3,Away,11564,719,191642,4435361,5715733,0,44.08,0.92,33.98,76.22,111.1,79.9,0,4.59,10.1,2.76,2.76,132.2,51.43,7.35,0,0,0,8.28,11.94,183.7,68.88,43.16,19.29,158.9,7.35,1.84,0,0,0,0,8.27,7.35,1.84,0,0.92,0.92,36.73,0.92,134.1,5.51,3.67,29.07,35.82,22.96,11.02,1.84,35.82,87.24,21.12,5.51,65.2,31.22,2.76,21.12,0.92,45,18.87,409.6,41.33,0,55.3,22.96,301.2,0,4.59,3.67,0.92,8.27,3.67,3.67,16.53,71.63,6.43,91.84,10.1,122.1,0.92,119.4,5.51,23.88,344.4,32.14,0,1.84,2.76,119.4,5.51,22.96,134.1,0.42,0.2,3.67,43.75,14.29,0,37.5,44.68,0,0,0,11.11,100,69.64,47.5,32.39,46.15,47.89,0,33.33,93.98,63.64,84.62,76.88,100,89.04,100,66.67,84.08,77.78,75,50,50,44,89.04,100,50,0,48,21,1,37,83,1,0,5,11,3,3,144,56,8,0,0,0,13,200,75,47,21,173,8,2,0,0,0,0,9,8,2,0,1,1,40,1,146,6,4,39,25,12,121,1,1,2,39,95,23,6,71,34,3,23,1,49,446,45,0,16.56,4,0,25,328,87,0,5,4,1,9,4,4,18,78,7,100,11,133,1,130,6,26,375,35,0,2,3,130,6,25,146,0.46,0.22,4
Rapid Bucureşti,"Rapid Bucureşti - FCS Bucureşti, 2-2",2025-08-17 20:30:00,1,Home,11566,719,191642,4435361,5715725,0.92,33.98,0,45,56.02,87.24,68.88,1.84,10.1,11.94,3.67,2.76,105.6,53.27,14.69,0,0,0,18.41,22.04,170.8,63.37,33.98,11.94,143.3,8.27,5.51,2.76,0,0,0,0,0,3.67,0,1.84,1.84,18.37,0.92,156.1,7.35,2.76,29.06,31.22,26.63,8.27,3.67,32.14,77.14,24.8,12.86,56.94,28.47,0,25.71,1.84,16.53,18.71,416.9,51.43,0,57.4,14.69,320.5,0,2.76,5.51,0.92,10.1,11.02,0.92,19.29,48.67,3.67,62.45,18.37,110.2,0.92,145.1,6.43,14.69,358.2,35.82,0,0,0.92,145.1,5.51,20.2,156.1,1.26,1.3,1.84,35.14,27.59,0,37.1,35.14,0,0,0,18.18,0,60.34,45.16,43.55,58.33,50,0,27.27,86.89,30.77,83.33,76.92,100,92.94,87.5,47.06,85.9,69.64,66.67,0,16.67,27.27,92.94,0,22.22,1,37,13,0,49,61,0,2,11,13,4,3,115,58,16,0,0,0,24,186,69,37,13,156,9,6,3,0,0,0,0,0,4,0,2,2,20,1,170,8,3,34,29,9,95,1,1,4,35,84,27,14,62,31,0,28,2,18,454,56,0,10.74,9,0,16,349,75,0,3,6,1,11,12,1,21,53,4,68,20,120,1,158,7,16,390,39,0,0,1,158,6,22,170,1.37,1.42,2
Rapid Bucureşti,"Rapid Bucureşti - Farul Constanţa, 3-1",2025-10-04 19:30:00,3,Home,11566,719,191642,4435361,5715772,2.76,38.57,0,33.06,67.96,117.5,87.24,0.92,1.84,10.1,3.67,9.18,157,74.39,11.02,0,0,0,6.37,11.02,204.8,68.88,35.82,17.45,149.7,6.43,1.84,0.92,0,0,3.67,3.67,2.76,4.59,0,2.76,1.84,44.08,0.92,116.6,4.59,3.67,23.98,45.92,31.22,15.61,1.84,44.08,95.51,18.37,6.43,60.61,24.8,0.92,17.45,2.76,59.69,17.66,393.1,29.39,0,51,17.45,275.5,0,5.51,6.43,0.92,11.02,15.61,0.92,12.86,62.45,3.67,105.6,9.18,111.1,0.92,97.35,4.59,22.04,317.8,14.69,0,0,0,97.35,1.84,11.02,116.6,0.81,1.9,1.84,45.24,14.81,0,33.63,48.72,0,0,0,16.67,100,59.26,46.64,30.3,58.33,40.91,0,25,91.89,36.36,83.33,74.23,100,83.46,100,48,80.84,50,0,0,0,41.67,83.46,100,28.57,3,42,19,0,36,74,0,1,2,11,4,10,171,81,12,0,0,0,12,223,75,39,19,163,7,2,1,0,0,4,4,3,5,0,3,2,48,1,127,5,4,50,34,17,128,1,1,2,48,104,20,7,66,27,1,19,3,65,428,32,0,12,4,0,19,300,95,0,6,7,1,12,17,1,14,68,4,115,10,121,1,106,5,24,346,16,0,0,0,106,2,12,127,0.88,2.07,2
Unirea Slobozia,"FCS Bucureşti - Unirea Slobozia, 0-1",2025-08-10 20:30:00,3,Away,11663,719,191642,4435361,5715714,2.76,26.63,0.92,19.29,23.88,124,74.39,0,0.92,2.76,1.84,11.02,132.2,64.29,11.94,0.92,0.92,0,11.33,8.27,152.4,45,26.63,8.27,130.4,12.86,0.92,0.92,0,0,0.92,16.53,12.86,11.02,0,0.92,0,41.33,0.92,41.33,0,14.69,27.77,34.9,22.04,7.35,11.02,37.65,70.71,17.45,7.35,39.49,17.45,0.92,13.78,3.67,49.59,18.21,230.5,38.57,0,31.9,4.59,121.2,0,3.67,3.67,0.92,7.35,24.8,0.92,11.94,22.96,0.92,87.24,7.35,67.96,0.92,33.06,0,11.02,152.4,18.37,0,0,0,33.06,0.92,6.43,41.33,0.52,2.05,1.84,31.03,18.57,100,29.52,31.03,0,0,0,12.5,0,58.57,46.39,44.19,88.89,44.19,0,50,96.15,33.33,88.89,52.11,100,80,0,31.58,66.14,47.62,50,0,0,28.57,80,100,14.29,3,29,9,1,21,26,1,0,1,3,2,12,144,70,13,1,1,0,9,166,49,29,9,142,14,1,1,0,0,1,18,14,12,0,1,0,45,1,45,0,16,38,24,8,135,1,1,12,41,77,19,8,43,19,1,15,4,54,251,42,0,16.57,3,0,5,132,81,0,4,4,1,8,27,1,13,25,1,95,8,74,1,36,0,12,166,20,0,0,0,36,1,7,45,0.57,2.23,2
Universitatea Cluj,"Universitatea Cluj - Dinamo Bucureşti, 0-1",2025-08-23 20:30:00,0,Home,60374,719,191642,4435361,5715733,0,44.08,0,33.06,54.18,104.7,77.14,0.92,3.67,13.78,3.67,4.59,138.7,65.2,21.12,0,0,0,11.67,14.69,183.7,71.63,42.24,22.04,128.6,10.1,1.84,0.92,0,0,0,8.27,8.27,1.84,0,0,0,29.39,0.92,126.7,0,3.67,25.19,41.33,22.96,8.27,3.67,44.08,90.92,15.61,7.35,51.43,19.29,0.92,33.06,2.76,31.22,20.78,349,51.43,0,44.7,9.18,234.2,0,5.51,0.92,0.92,3.67,8.27,0.92,10.1,50.51,0.92,96.43,11.02,92.76,0.92,110.2,0,25.71,283.8,34.9,0,0,0,110.2,0.92,5.51,126.7,0.2,0.42,2.76,52.08,32.39,0,39,52.17,0,0,0,0,0,67.61,49.5,30.36,50,37.5,0,50,93.22,6.67,75,72.14,100,86.96,0,62.22,81.32,67.86,100,0,0,33.33,86.96,0,27.27,0,48,25,0,36,59,0,1,4,15,4,5,151,71,23,0,0,0,16,200,78,46,24,140,11,2,1,0,0,0,9,9,2,0,0,0,32,1,138,0,4,45,25,9,114,1,1,4,48,99,17,8,56,21,1,36,3,34,380,56,0,11.44,2,0,10,255,84,0,6,1,1,4,9,1,11,55,1,105,12,101,1,120,0,28,309,38,0,0,0,120,1,6,138,0.22,0.46,3
Universitatea Craiova,"Csikszereda Miercurea Ciuc - Universitatea Craiova, 1-2",2025-08-17 15:15:00,3,Away,26233,719,191642,4435361,5715721,2.76,21.12,0.92,43.16,69.8,97.35,68.88,0.92,3.67,16.53,3.67,4.59,117.5,67.04,15.61,0.92,0.92,0,13.66,16.53,175.4,63.37,18.37,7.35,145.1,9.18,2.76,1.84,0,0,1.84,3.67,2.76,4.59,0,1.84,0,29.39,0.92,166.2,4.59,2.76,31.4,37.65,12.86,3.67,3.67,40.41,75.31,23.88,8.27,74.39,36.73,0.92,25.71,1.84,33.06,18.06,453.7,31.22,0,53.1,15.61,338.9,0,2.76,5.51,0.92,10.1,7.35,0,17.45,67.04,4.59,77.14,14.69,108.4,0.92,148.8,4.59,16.53,383,24.8,0,0,0,148.8,1.84,15.61,166.2,1.45,0.38,1.84,34.78,23.29,100,36.13,40,0,0,0,18.18,0,60.27,42.93,32.1,50,49.38,0,45.45,96.05,27.78,88.89,74.68,100,89.5,100,43.9,84.41,79.41,50,0,0,52.94,89.5,100,20,3,23,8,1,47,76,1,1,4,18,4,5,128,73,17,1,1,0,18,191,69,20,8,158,10,3,2,0,0,2,4,3,5,0,2,0,32,1,181,5,3,41,14,4,106,1,1,4,44,82,26,9,81,40,1,28,2,36,494,34,0,12.8,4,0,17,369,75,0,3,6,1,11,8,0,19,73,5,84,16,118,1,162,5,18,417,27,0,0,0,162,2,17,181,1.58,0.41,2
Universitatea Craiova,"Universitatea Craiova - Dinamo Bucureşti, 2-2",2025-09-26 20:00:00,1,Home,26233,719,191642,4435361,5715766,1.84,27.55,1.84,34.9,44.08,86.33,74.39,1.84,2.76,6.43,0.92,6.43,141.4,67.96,12.86,0,0,0.92,21.6,15.61,176.3,61.53,26.63,10.1,103.8,12.86,0.92,0,0,0,0,6.43,5.51,4.59,0,1.84,1.84,45.92,0.92,124,0.92,2.76,35.72,38.57,17.45,7.35,3.67,46.84,84.49,20.2,6.43,63.37,31.22,0,19.29,0.92,34.9,18.62,318.7,26.63,0,46,19.29,220.4,0.92,3.67,8.27,0.92,12.86,14.69,0,12.86,44.08,2.76,102.9,9.18,76.22,0.92,113,0.92,23.88,271.8,15.61,0,0,0,113,0,11.02,124,0.96,2.34,0,36.67,18.92,0,34.9,37.93,0,0,0,14.29,50,68.92,47.92,31.88,41.18,49.28,0,28.57,100,42.86,58.82,73.45,100,91.11,100,61.9,85.3,58.62,55.56,0,0,41.67,91.11,0,0,2,30,11,2,38,48,0,2,3,7,1,7,154,74,14,0,0,1,17,192,67,29,11,113,14,1,0,0,0,0,7,6,5,0,2,2,50,1,135,1,3,42,19,8,94,1,1,4,51,92,22,7,69,34,0,21,1,38,347,29,0,12.07,1,0,21,240,81,1,4,9,1,14,16,0,14,48,3,112,10,83,1,123,1,26,296,17,0,0,0,123,0,12,135,1.04,2.55,0
Argeș,"Argeș - Farul Constanţa, 1-0",2026-02-22 14:00:00,3,Home,23334,719,191642,4435361,5715897,0,43.61,0.93,57.53,43.61,118.8,90,0,7.42,14.85,1.86,2.78,154.9,71.44,19.48,0.93,0,0,20,29.69,194.8,79.79,32.47,14.85,119.7,8.35,0.93,0,0,0,0.93,8.35,3.71,0.93,0,0.93,3.71,39.9,0.93,82.58,0,6.49,28.3,61.24,21.34,11.13,2.78,51.03,103,22.27,17.63,58.45,30.62,2.78,21.34,1.86,40.82,24.39,286.7,51.03,0,42.2,5.57,153.1,0,1.86,7.42,0.93,12.99,3.71,0,24.12,39.9,2.78,109.5,22.27,75.15,0.93,59.38,0,30.62,200.4,25.05,0,0,0,59.38,0,13.92,82.58,0.9,0.3,0.93,42.55,27.27,0,40.95,45.71,0,0,0,7.143,50,71.43,52.86,38.1,59.38,52.38,0,28.57,91.49,18.75,75,62.79,100,71.91,0,50,69.9,49.09,50,0,0,33.33,71.91,100,11.11,0,47,20,1,62,47,1,0,8,16,2,3,167,77,21,1,0,0,32,210,86,35,16,129,9,1,0,0,0,1,9,4,1,0,1,4,43,1,89,0,7,66,23,12,128,1,1,3,55,111,24,19,63,33,3,23,2,44,309,55,0,11.56,0,0,6,165,97,0,2,8,1,14,4,0,26,43,3,118,24,81,1,64,0,33,216,27,0,0,0,64,0,15,89,0.97,0.32,1
Argeș,"Universitatea Craiova - Argeș, 0-1",2026-03-13 19:30:00,3,Away,23334,719,191642,4437530,5823149,2.78,40.82,0.93,21.34,25.05,108.6,83.51,0,7.42,7.42,1.86,6.49,162.4,73.3,12.06,0,0,0,7.85,9.28,202.3,64.02,36.19,14.85,95.57,15.77,0,0,0,0,0,7.42,5.57,2.78,0,0.93,0,48.25,0.93,59.38,0,7.42,28.17,49.18,45.46,12.06,0.93,41.75,86.29,16.7,5.57,42.68,24.12,2.78,33.4,2.78,29.69,20.64,196.7,36.19,0,28.9,2.78,95.57,0,0,2.78,0.93,3.71,10.21,0.93,8.35,23.2,0.93,105.8,8.35,45.46,0.93,39.9,0,18.56,122.5,12.99,0,0.93,0,39.9,5.57,9.28,59.38,0.35,0.71,4.64,38.64,16.46,0,31.65,41.03,0,0,0,25,0,56.96,42.66,39.13,60,56.52,0,25,92.59,12.5,90,47.57,100,67.19,0,37.74,62.26,35.9,33.33,100,0,30,67.19,100,29.41,3,44,17,1,23,27,1,0,8,8,2,7,175,79,13,0,0,0,10,218,69,39,16,103,17,0,0,0,0,0,8,6,3,0,1,0,52,1,64,0,8,53,49,13,117,1,1,1,45,93,18,6,46,26,3,36,3,32,212,39,0,10.2,26,0,3,103,90,0,0,3,1,4,11,1,9,25,1,114,9,49,1,43,0,20,132,14,0,1,0,43,6,10,64,0.38,0.77,5
Botoşani,"Universitatea Craiova - Botoşani, 2-0",2026-01-24 19:00:00,0,Away,11634,719,191642,4435361,5715861,1.86,23.2,0,30.62,36.19,101.1,82.58,1.86,3.71,6.49,3.71,3.71,110.4,55.67,9.28,0,0,0,19.61,13.92,180.9,58.45,22.27,7.42,118.8,11.13,0.93,0.93,0,0,1.86,8.35,8.35,0,0,0,0.93,31.55,0.93,80.72,3.71,4.64,24.11,44.54,45.46,15.77,8.35,35.26,77.01,18.56,7.42,56.6,25.98,2.78,28.76,0.93,38.04,18.38,278.4,39.9,0,38.8,5.57,167.9,0,3.71,3.71,0.93,8.35,9.28,1.86,13.92,33.4,2.78,74.23,10.21,80.72,0.93,73.3,2.78,23.2,214.3,24.12,0,0.93,3.71,73.3,7.42,7.42,80.72,0.75,1.63,3.71,32,16.67,0,32.31,33.33,0,0,0,0,0,63.33,42.56,32.79,53.33,45.9,0,33.33,92.31,42.86,73.33,67.97,100,90.8,75,52.08,77,60.47,50,50,50,37.5,90.8,0,33.33,2,25,8,0,33,39,0,2,4,7,4,4,119,60,10,0,0,0,15,195,63,24,8,128,12,1,1,0,0,2,9,9,0,0,0,1,34,1,87,4,5,48,49,17,109,1,1,9,38,83,20,8,61,28,3,31,1,41,300,43,0,17.52,17,0,6,181,89,0,4,4,1,9,10,2,15,36,3,80,11,87,1,79,3,25,231,26,0,1,4,79,8,8,87,0.81,1.76,4
Botoşani,"FCS Bucureşti - Botoşani, 2-1",2026-02-05 19:30:00,0,Away,11634,719,191642,4435361,5715876,2.78,36.19,0.93,22.27,30.62,113.2,81.65,1.86,2.78,4.64,2.78,11.13,143.8,62.16,10.21,0,0,0,10,8.35,162.4,51.96,34.33,13.92,116,12.06,1.86,1.86,0,0,0.93,9.28,6.49,11.13,0,0.93,0.93,45.46,0.93,80.72,4.64,5.57,23.1,40.82,25.05,9.28,4.64,34.33,72.37,13.92,5.57,38.97,17.63,0,18.56,2.78,45.46,18.6,273.7,39.9,0,47.5,9.28,164.2,0,3.71,5.57,0.93,8.35,19.48,0.93,10.21,27.84,1.86,94.64,6.49,76.08,0.93,70.52,3.71,25.05,205.1,25.98,0,0,1.86,70.52,4.64,12.99,80.72,0.84,3.19,3.71,41.03,16.42,0,32,40.54,0,0,0,11.11,100,55.22,44.57,35.71,66.67,45.24,0,33.33,90.91,40,77.78,65.6,100,87.36,80,61.36,74.92,65.12,50,0,40,28.57,87.36,0,30.77,3,39,16,1,24,33,0,2,3,5,3,12,155,67,11,0,0,0,9,175,56,37,15,125,13,2,2,0,0,1,10,7,12,0,1,1,49,1,87,5,6,44,27,10,122,1,1,5,37,78,15,6,42,19,0,20,3,49,295,43,0,7.23,25,0,10,177,88,0,4,6,1,9,21,1,11,30,2,102,7,82,1,76,4,27,221,28,0,0,2,76,5,14,87,0.91,3.44,4
Csikszereda Miercurea Ciuc,"Csikszereda Miercurea Ciuc - UTA Arad, 2-0",2026-02-07 14:00:00,3,Home,22731,719,191642,4435361,5715887,1.86,41.75,0,36.19,33.4,104.8,82.58,0,0,6.49,0.93,4.64,175.4,83.51,13.92,0,0,0,27.01,24.12,220.8,73.3,33.4,14.85,111.3,12.06,1.86,0.93,0,0,4.64,12.99,10.21,4.64,0,1.86,0.93,50.1,0.93,59.38,2.78,11.13,30.51,44.54,43.61,14.85,12.99,46.39,99.28,18.56,10.21,51.96,25.05,3.71,11.13,0,49.18,20.33,240.3,29.69,0,40,12.99,133.6,0,1.86,2.78,0.93,5.57,16.7,0,12.99,28.76,0.93,116,15.77,70.52,0.93,47.32,0.93,22.27,173.5,14.85,0,0,0,47.32,0,2.78,59.38,0.19,1.48,3.71,46.67,16.67,0,33.19,44.44,0,0,0,33.33,0,55.56,44.96,35.71,42.31,48.21,0,33.33,86.11,14.29,65.38,63.33,100,79.69,33.33,50,72.2,50,66.67,0,0,0,79.69,100,30.77,2,45,21,0,39,36,1,0,0,7,1,5,189,90,15,0,0,0,26,238,79,36,16,120,13,2,1,0,0,5,14,11,5,0,2,1,54,1,64,3,12,48,47,16,113,1,1,14,50,107,20,11,56,27,4,12,0,53,259,32,0,10.22,2,0,14,144,89,0,2,3,1,6,18,0,14,31,1,125,17,76,1,51,1,24,187,16,0,0,0,51,0,3,64,0.2,1.59,4
Farul Constanţa,"Dinamo Bucureşti - Farul Constanţa, 1-1",2025-09-22 20:00:00,1,Away,61242,719,191642,4435361,5715754,0.93,32.47,0,35.26,72.37,87.22,64.95,0.93,5.57,7.42,2.78,0.93,138.2,72.37,20.41,0,0,0,19.41,16.7,181.9,72.37,25.98,13.92,125.3,13.92,0.93,0,0,0,0,0.93,0,2.78,0,0.93,0,33.4,0.93,127.1,9.28,4.64,33.73,39.9,17.63,5.57,2.78,46.39,89.07,19.48,6.49,59.38,28.76,0,22.27,1.86,20.41,19.2,361.9,58.45,0,48,15.77,258.9,0,1.86,3.71,0.93,11.13,8.35,0,12.99,64.95,1.86,97.42,10.21,95.57,0.93,114.1,5.57,20.41,296.9,38.97,0,0,2.78,114.1,6.49,18.56,127.1,0.93,0.62,1.86,54.29,28.21,0,39.8,53.57,0,0,0,8.333,0,64.1,48.98,32.81,38.89,48.44,0,41.67,89.74,25,61.11,76.3,100,89.78,60,51.16,82.05,66.67,75,0,42.86,35,89.78,0,13.33,1,35,19,0,38,78,0,1,6,8,3,1,149,78,22,0,0,0,18,196,78,28,15,135,15,1,0,0,0,0,1,0,3,0,1,0,36,1,137,10,5,43,19,6,94,1,1,3,50,96,21,7,64,31,0,24,2,22,390,63,0,9.44,5,0,17,279,70,0,2,4,1,12,9,0,14,70,2,105,11,103,1,123,6,22,320,42,0,0,3,123,7,20,137,1,0.67,2
Farul Constanţa,"Farul Constanţa - Hermannstadt, 1-1",2026-01-17 16:15:00,1,Home,61242,719,191642,4435361,5715849,0,26.91,0,53.81,64.95,151.2,97.42,0.93,5.57,12.99,3.71,5.57,153.1,81.65,15.77,0.93,0.93,0,32.44,28.76,211.6,68.66,25.98,14.85,190.2,8.35,3.71,2.78,0,0,0,10.21,10.21,1.86,0,0.93,0,44.54,0.93,216.2,20.41,1.86,24.28,84.43,26.91,8.35,1.86,48.25,91.86,20.41,12.99,76.08,29.69,0.93,37.11,0,41.75,17.43,536.3,82.58,0,61.1,16.7,373,0,8.35,3.71,0.93,11.13,10.21,0.93,23.2,61.24,3.71,107.6,19.48,116.9,0.93,197.6,13.92,41.75,422.2,49.18,0,0.93,1.86,197.6,3.71,13.92,216.2,0.81,0.87,0.93,55.17,19.32,100,32.46,57.14,0,0,0,8.333,0,59.09,43.42,26.83,45.16,39.02,0,50,94.29,28.57,67.74,61.46,100,91.42,68.18,49.45,78.72,59.55,75,100,50,20,91.42,0,11.11,0,29,16,0,58,70,0,1,6,14,4,6,165,88,17,1,1,0,31,228,74,28,16,205,9,4,3,0,0,0,11,11,2,0,1,0,48,1,233,22,2,91,29,9,163,1,1,2,52,99,22,14,82,32,1,40,0,45,578,89,0,6.13,4,0,18,402,105,0,9,4,1,12,11,1,25,66,4,116,21,126,1,213,15,45,455,53,0,1,2,213,4,15,233,0.87,0.94,1
Farul Constanţa,"Argeș - Farul Constanţa, 1-0",2026-02-22 14:00:00,0,Away,61242,719,191642,4435361,5715897,1.86,43.61,0,52.89,50.1,123.4,77.94,0.93,0.93,17.63,1.86,5.57,146.6,58.45,14.85,0,0,0,25.52,29.69,194.8,70.52,42.68,17.63,156.8,8.35,1.86,0.93,0,0,0,9.28,6.49,2.78,0,0,0,44.54,0.93,140.1,12.99,6.49,27.63,58.45,21.34,6.49,1.86,36.19,80.72,20.41,12.06,71.44,31.55,1.86,28.76,2.78,34.33,18.97,389.7,60.31,0,57.8,18.56,246.8,0,4.64,2.78,0.93,3.71,12.99,1.86,16.7,48.25,3.71,98.35,21.34,104.8,0.93,119.7,7.42,30.62,306.2,46.39,0,0,0,119.7,0,5.57,140.1,0.3,0.9,0.93,40.43,25.4,0,36.19,41.3,0,0,0,0,0,61.9,41.43,28.57,40.63,44.16,0,25,96.3,21.05,71.88,66.86,100,85.43,57.14,52.38,78.57,76.92,33.33,0,0,16.67,85.43,0,11.11,2,47,19,0,57,54,0,1,1,19,2,6,158,63,16,0,0,0,32,210,76,46,19,169,9,2,1,0,0,0,10,7,3,0,0,0,48,1,151,14,7,63,23,7,133,1,1,2,39,87,22,13,77,34,2,31,3,37,420,65,0,9.23,0,0,20,266,84,0,5,3,1,4,14,2,18,52,4,106,23,113,1,129,8,33,330,50,0,0,0,129,0,6,151,0.32,0.97,1
Metaloglobus,"Farul Constanţa - Metaloglobus, 2-1",2025-08-01 18:00:00,0,Away,11943,719,191642,4435361,5715706,0,44.54,0.93,24.12,44.54,123.4,68.66,1.86,2.78,9.28,4.64,9.28,151.2,62.16,8.35,0.93,0.93,0,10.51,7.42,186.5,61.24,43.61,18.56,117.8,12.99,1.86,1.86,0,0,0.93,11.13,11.13,2.78,0,0.93,0.93,44.54,0.93,69.59,0,4.64,24.79,48.25,33.4,19.48,7.42,37.11,88.14,12.06,3.71,46.39,13.92,0,25.98,1.86,42.68,18.87,263.5,39.9,0,42.9,12.99,156.8,0,6.49,3.71,0.93,7.42,18.56,0,9.28,43.61,2.78,101.1,4.64,69.59,0.93,55.67,0,24.12,192.1,18.56,0,0,0.93,55.67,1.86,4.64,69.59,0.74,1.81,1.86,43.75,13.43,100,32.84,42.55,0,0,0,12.5,100,59.7,47.26,26,50,30,0,37.5,97.92,30,62.5,59.06,100,80,0,50,72.89,46.51,50,0,50,20,80,0,14.29,0,48,21,1,26,48,0,2,3,10,5,10,163,67,9,1,1,0,8,201,66,47,20,127,14,2,2,0,0,1,12,12,3,0,1,1,48,1,75,0,5,52,36,21,133,1,1,8,40,95,13,4,50,15,0,28,2,46,284,43,0,11.46,8,0,14,169,74,0,7,4,1,8,20,0,10,47,3,109,5,75,1,60,0,26,207,20,0,0,1,60,2,5,75,0.8,1.95,2
Metaloglobus,"Petrolul 52 - Metaloglobus, 4-1",2025-12-01 15:00:00,0,Away,11943,719,191642,4435361,5715816,0.93,25.05,0.93,39.9,35.26,103,80.72,3.71,4.64,10.21,1.86,9.28,130.8,53.81,14.85,0.93,0,0,33.56,20.41,186.5,69.59,18.56,7.42,123.4,4.64,3.71,1.86,0,0,0.93,5.57,5.57,2.78,0,0.93,0.93,51.96,0.93,100.2,6.49,0,21.84,33.4,38.04,12.06,3.71,36.19,84.43,26.91,13.92,69.59,33.4,0,21.34,0.93,47.32,17.1,308,40.82,0,54.8,19.48,185.6,0,5.57,1.86,0.93,8.35,13.92,0.93,19.48,30.62,2.78,97.42,15.77,86.29,0.93,85.36,5.57,17.63,239.4,33.4,0,0,0,85.36,1.86,12.99,100.2,0.63,1.39,2.78,37.04,27.59,0,37.31,40,0,0,0,11.11,100,67.24,45.27,38.67,68.18,48,0,33.33,86.84,27.27,77.27,69.92,100,85.19,85.71,52.78,77.71,81.82,100,0,0,28.57,85.19,0,60,1,27,10,1,43,38,0,4,5,11,2,10,141,58,16,1,0,0,22,201,75,20,8,133,5,4,2,0,0,1,6,6,3,0,1,1,56,1,108,7,0,36,41,13,111,1,1,4,39,91,29,15,75,36,0,23,1,51,332,44,0,7.77,12,0,21,200,87,0,6,2,1,9,15,1,21,33,3,105,17,93,1,92,6,19,258,36,0,0,0,92,2,14,108,0.68,1.5,3
Unirea Slobozia,"Farul Constanţa - Unirea Slobozia, 1-1",2025-09-28 16:30:00,1,Away,11663,719,191642,4435361,5715760,0,26.91,0.93,42.68,33.4,110.4,70.52,0.93,3.71,10.21,3.71,12.99,131.8,62.16,12.06,0,0,0,24.23,18.56,170.7,62.16,25.05,10.21,107.6,11.13,2.78,1.86,0,0,2.78,12.06,7.42,5.57,0,0.93,0.93,42.68,0.93,103,0,9.28,36.88,43.61,15.77,6.49,2.78,37.11,83.51,29.69,12.99,65.88,33.4,0,18.56,2.78,46.39,20.59,277.4,36.19,0,38.8,11.13,177.2,0,2.78,9.28,0.93,13.92,25.05,0,23.2,31.55,4.64,90,12.99,72.37,0.93,84.43,0,20.41,215.3,19.48,0,0,0,84.43,0,12.99,103,0.65,1.79,4.64,37.93,19.4,0,36.41,40.74,0,0,0,6.667,100,59.7,48.91,45.07,70,50.7,0,40,94.44,45.45,70,67.24,100,81.98,0,46.81,77.59,53.85,60,0,0,42.86,81.98,0,41.67,0,29,11,1,46,36,0,1,4,11,4,14,142,67,13,0,0,0,20,184,67,27,11,116,12,3,2,0,0,3,13,8,6,0,1,1,46,1,111,0,10,47,17,7,119,1,1,3,40,90,32,14,71,36,0,20,3,50,299,39,0,19.33,0,0,12,191,76,0,3,10,1,15,27,0,25,34,5,97,14,78,1,91,0,22,232,21,0,0,0,91,0,14,111,0.7,1.93,5
Universitatea Cluj,"Argeș - Universitatea Cluj, 0-1",2026-03-21 19:30:00,3,Away,60374,719,191642,4437530,5823760,0,51.03,0,30.62,49.18,132.7,76.08,0,2.78,10.21,0.93,9.28,164.2,73.3,16.7,0,0,0,17.42,15.77,222.7,77.01,47.32,24.12,133.6,12.06,3.71,1.86,0,0,0,8.35,5.57,0.93,0,0.93,0.93,39.9,0.93,116.9,0.93,8.35,30.88,66.8,32.47,10.21,4.64,50.1,104.8,17.63,6.49,65.88,23.2,0,24.12,0.93,51.96,18.75,341.4,44.54,0,53.2,10.21,221.8,0,1.86,3.71,0.93,4.64,7.42,0,12.06,46.39,4.64,116.9,10.21,88.14,0.93,103,0.93,32.47,269.1,25.98,0,0,2.78,103,7.42,12.06,116.9,1.03,0.45,1.86,52.73,22.78,0,34.58,50.98,0,0,0,0,0,68.35,47.08,26.76,41.18,35.21,0,20,94.34,45.45,64.71,65.97,100,88.1,100,48.61,78.8,58.33,25,0,37.5,46.15,88.1,100,15.38,0,55,29,0,33,53,1,0,3,11,1,10,177,79,18,0,0,0,17,240,83,51,26,144,13,4,2,0,0,0,9,6,1,0,1,1,43,1,126,1,9,72,35,11,143,1,1,5,54,113,19,7,71,25,0,26,1,56,368,48,0,7.84,5,0,11,239,82,0,2,4,1,5,8,0,13,50,5,126,11,95,1,111,1,35,290,28,0,0,3,111,8,13,126,1.11,0.49,2
Argeș,"Argeș - Dinamo Bucureşti, 1-1",2025-10-24 19:30:00,1,Home,23334,719,191642,4435361,5715786,0,42.19,0.94,23.44,37.5,108.8,73.13,0.94,2.81,7.5,0.94,0.94,140.6,67.5,17.81,0,0,0,25.57,13.13,199.7,75.94,42.19,21.56,105,17.81,0,0,0,0,1.88,5.63,4.69,2.81,0,0.94,0,30.94,0.94,62.81,0.94,5.63,27.3,40.31,28.13,11.25,3.75,45.94,96.56,17.81,7.5,61.88,25.31,1.88,21.56,2.81,37.5,21.61,228.8,33.75,0,36.7,4.69,125.6,0,0,2.81,0.94,2.81,4.69,0,14.06,31.88,4.69,98.44,7.5,64.69,0.94,45.94,0.94,21.56,162.2,17.81,0,0,0,45.94,0.94,8.44,62.81,0.08,0.43,2.81,51.11,26.39,0,38.03,51.11,0,0,0,33.33,0,68.06,48.36,28.79,57.14,40.91,0,66.67,85,62.5,57.14,61.61,100,73.13,100,53.49,70.9,52.78,66.67,0,0,44.44,73.13,0,15.79,0,45,23,1,25,40,0,1,3,8,1,1,150,72,19,0,0,0,14,213,81,45,23,112,19,0,0,0,0,2,6,5,3,0,1,0,33,1,67,1,6,43,30,12,116,1,1,4,49,103,19,8,66,27,2,23,3,40,244,36,0,10.23,8,0,5,134,78,0,0,3,1,3,5,0,15,34,5,105,8,69,1,49,1,23,173,19,0,0,0,49,1,9,67,0.08,0.46,3
Botoşani,"Universitatea Cluj - Botoşani, 0-2",2025-10-18 14:00:00,3,Away,11634,719,191642,4435361,5715781,0,45,0,41.25,66.56,108.8,84.38,0,4.69,7.5,7.5,1.88,132.2,58.13,17.81,0.94,0.94,0,19.45,15.94,174.4,72.19,45,17.81,151.9,12.19,1.88,1.88,0,0,0,1.88,1.88,0.94,0,1.88,0.94,29.06,0.94,101.2,5.63,1.88,21.24,50.63,15.94,7.5,3.75,39.38,84.38,19.69,8.44,55.31,29.06,0,30,1.88,34.69,15.87,389.1,33.75,0,52.1,13.13,273.8,0,5.63,8.44,0.94,17.81,10.31,0,19.69,60.94,3.75,86.25,14.06,102.2,0.94,89.06,2.81,20.63,315,16.88,0,0,1.88,89.06,3.75,27.19,101.2,1.5,0.89,0,39.58,30.65,100,41.4,39.58,0,0,0,10.53,0,67.74,48.39,35.59,52.94,52.54,0,42.11,91.55,50,88.24,67.28,100,87.96,50,40.74,80.96,50,55.56,0,50,41.38,87.96,100,0,0,48,19,0,44,71,1,0,5,8,8,2,141,62,19,1,1,0,17,186,77,48,19,162,13,2,2,0,0,0,2,2,1,0,2,1,31,1,108,6,2,54,17,8,116,1,1,4,42,90,21,9,59,31,0,32,2,37,415,36,0,9.77,1,0,14,292,90,0,6,9,1,19,11,0,21,65,4,92,15,109,1,95,3,22,336,18,0,0,2,95,4,29,108,1.6,0.95,0
CFR Cluj,"CFR Cluj - Dinamo Bucureşti, 2-0",2026-03-09 19:00:00,3,Home,11611,719,191642,4435361,5715912,0,36.56,1.88,26.25,36.56,103.1,75,0,1.88,7.5,0.94,7.5,127.5,64.69,11.25,0.94,0.94,0,2.46,8.44,190.3,58.13,23.44,12.19,115.3,15,1.88,1.88,0,0,0.94,8.44,5.63,2.81,0,1.88,0.94,26.25,0.94,80.63,0,8.44,25.19,47.81,29.06,11.25,0,38.44,75,11.25,5.63,60,21.56,0,15.94,0.94,32.81,17.58,269.1,34.69,0,34,4.69,138.8,0,0.94,5.63,0.94,10.31,11.25,0,11.25,31.88,0.94,78.75,7.5,72.19,0.94,59.06,0,15.94,192.2,19.69,0,0,0.94,59.06,0.94,7.5,80.63,0.71,2.05,2.81,38.46,17.39,100,30.54,52,0,0,0,18.18,100,59.42,39.41,18.75,66.67,35.94,0,45.45,87.18,12.5,88.89,62.6,100,73.26,0,33.33,71.43,56.76,83.33,0,100,50,73.26,100,18.75,0,39,15,2,28,39,1,0,2,8,1,8,136,69,12,1,1,0,9,203,62,25,13,123,16,2,2,0,0,1,9,6,3,0,2,1,28,1,86,0,9,51,31,12,110,1,1,0,41,80,12,6,64,23,0,17,1,35,287,37,0,18.1,0,0,5,148,80,0,1,6,1,11,12,0,12,34,1,84,8,77,1,63,0,17,205,21,0,0,1,63,1,8,86,0.76,2.19,3
Csikszereda Miercurea Ciuc,"FCS Bucureşti - Csikszereda Miercurea Ciuc, 1-0",2026-02-01 19:00:00,0,Away,22731,719,191642,4435361,5715865,2.81,21.56,0,33.75,37.5,113.4,89.06,0.94,1.88,6.56,3.75,8.44,147.2,69.38,8.44,1.88,0.94,0,25.37,15.94,169.7,44.06,21.56,10.31,108.8,16.88,2.81,0.94,0,0,2.81,7.5,6.56,4.69,0,0,0,56.25,0.94,60.94,4.69,5.63,19.69,50.63,18.75,5.63,5.63,43.13,75.94,16.88,8.44,60,19.69,0.94,21.56,0.94,55.31,16.37,249.4,33.75,0,34,12.19,144.4,0,3.75,6.56,0.94,11.25,19.69,0,15,34.69,0.94,109.7,9.38,66.56,0.94,49.69,0.94,24.38,185.6,22.5,0,0,1.88,49.69,5.63,7.5,60.94,0.75,3.93,1.88,47.83,12.16,50,25.97,47.83,0,0,0,0,0,62.16,44.75,28.13,52.94,32.81,0,50,92.5,14.29,58.82,61.21,100,81.54,20,48.15,74.44,66.67,42.86,0,33.33,37.5,81.54,0,11.11,3,23,11,0,36,40,0,1,2,7,4,9,157,74,9,2,1,0,17,181,47,23,11,116,18,3,1,0,0,3,8,7,5,0,0,0,60,1,65,5,6,54,20,6,121,1,1,6,46,81,18,9,64,21,1,23,1,59,266,36,0,12.58,5,0,13,154,95,0,4,7,1,12,21,0,16,37,1,117,10,71,1,53,1,26,198,24,0,0,2,53,6,8,65,0.8,4.19,2
Metaloglobus,"FCS Bucureşti - Metaloglobus, 4-1",2026-02-23 19:00:00,0,Away,11943,719,191642,4435361,5715899,1.88,24.38,0.94,28.13,37.5,92.81,55.31,3.75,1.88,10.31,2.81,11.25,109.7,50.63,7.5,0,0,0,8.19,10.31,136.9,35.63,24.38,2.81,100.3,6.56,0.94,0,0,0,0.94,12.19,7.5,6.56,0,0.94,1.88,34.69,0.94,73.13,0.94,7.5,21.8,30.94,17.81,5.63,5.63,30.94,55.31,15.94,5.63,44.06,19.69,0.94,13.13,1.88,45,16.56,256.9,17.81,0,35.4,8.44,172.5,0.94,4.69,2.81,0.94,6.56,25.31,0.94,12.19,34.69,3.75,68.44,7.5,71.25,0.94,64.69,0.94,17.81,207.2,15,0,0,0,64.69,1.88,7.5,73.13,0.43,4.78,0.94,11.54,14.81,0,26.03,11.54,0,0,0,14.29,50,61.11,40.41,36.17,54.55,44.68,0,42.86,92.5,36.36,72.73,71.03,100,88.46,100,57.58,80.66,84.21,33.33,0,0,62.5,88.46,0,14.29,2,26,3,1,30,40,0,4,2,11,3,12,117,54,8,0,0,0,11,146,38,26,3,107,7,1,0,0,0,1,13,8,7,0,1,2,37,1,78,1,8,33,19,6,99,1,1,6,33,59,17,6,47,21,1,14,2,48,274,19,0,40.6,8,0,9,184,59,1,5,3,1,7,27,1,13,37,4,73,8,76,1,69,1,19,221,16,0,0,0,69,2,8,78,0.46,5.1,1
Oţelul,"Oţelul - Hermannstadt, 2-0",2026-04-04 14:00:00,3,Home,11571,719,191642,4437511,5827663,0,58.13,0.94,25.31,63.75,111.6,79.69,0,4.69,6.56,1.88,3.75,175.3,82.5,15,2.81,1.88,0,5.87,7.5,243.8,84.38,51.56,21.56,129.4,15,4.69,1.88,0,0,0,10.31,9.38,2.81,0,1.88,0,34.69,0.94,77.81,1.88,10.31,30.79,59.06,53.44,23.44,2.81,55.31,123.8,21.56,4.69,49.69,22.5,2.81,20.63,0.94,44.06,19.86,334.7,43.13,0,50,11.25,218.4,0,0,6.56,0.94,10.31,6.56,0.94,15,60,3.75,113.4,6.56,78.75,0.94,72.19,1.88,30,264.4,27.19,0,0.94,0.94,72.19,3.75,13.13,77.81,0.98,0.57,2.81,40.32,18.18,66.67,34.62,41.82,0,0,0,18.18,0,67.05,50.77,43.4,62.5,45.28,0,54.55,94.12,57.14,87.5,60.87,100,92.77,100,50.79,78.99,63.04,57.14,100,25,50,92.77,100,18.75,0,62,25,1,27,68,1,0,5,7,2,4,187,88,16,3,2,0,8,260,90,55,23,138,16,5,2,0,0,0,11,10,3,0,2,0,37,1,83,2,11,63,57,25,119,1,1,3,59,132,23,5,53,24,3,22,1,47,357,46,0,7.93,6,0,12,233,85,0,0,7,1,11,7,1,16,64,4,121,7,84,1,77,2,32,282,29,0,1,1,77,4,14,83,1.04,0.61,3
Petrolul 52,"Petrolul 52 - Universitatea Cluj, 0-1",2025-12-14 14:30:00,0,Home,60390,719,191642,4435361,5715837,0,21.56,0,47.81,60.94,99.38,77.81,0.94,2.81,18.75,6.56,3.75,128.4,71.25,15,0.94,0,0,23.96,17.81,167.8,58.13,20.63,5.63,133.1,9.38,3.75,0.94,0,0,0,4.69,4.69,0.94,0,0,0.94,35.63,0.94,105.9,5.63,0.94,25.98,44.06,18.75,5.63,0.94,47.81,89.06,29.06,11.25,56.25,30.94,2.81,33.75,0,25.31,20.66,364.7,56.25,0,52.2,17.81,249.4,0,4.69,3.75,0.94,10.31,7.5,0.94,14.06,57.19,2.81,90,12.19,99.38,0.94,90,4.69,22.5,297.2,36.56,0,0,0,90,1.88,15.94,105.9,0.65,0.38,0.94,30.43,21.05,0,34.64,27.27,0,0,0,0,0,67.11,53.07,51.67,63.16,55,0,0,93.85,15,68.42,74.65,100,84.96,83.33,51.06,81.49,65,75,0,0,17.65,84.96,0,10,0,23,7,0,51,65,0,1,3,20,7,4,137,76,16,1,0,0,19,179,62,22,6,142,10,4,1,0,0,0,5,5,1,0,0,1,38,1,113,6,1,47,20,6,106,1,1,1,51,95,31,12,60,33,3,36,0,27,389,60,0,9.47,5,0,19,266,83,0,5,4,1,11,8,1,15,61,3,96,13,106,1,96,5,24,317,39,0,0,0,96,2,17,113,0.69,0.4,1
UTA Arad,"Hermannstadt - UTA Arad, 1-2",2025-11-30 14:00:00,3,Away,30817,719,191642,4435361,5715818,0,40.31,0.94,51.56,81.56,96.56,73.13,0.94,1.88,16.88,5.63,1.88,119.1,49.69,14.06,0,0,0,18.64,20.63,162.2,64.69,39.38,19.69,152.8,17.81,0.94,0.94,0,0,1.88,6.56,4.69,0.94,0,1.88,1.88,29.06,0.94,203.4,0,4.69,33.99,46.88,15.94,2.81,0,28.13,73.13,22.5,12.19,56.25,28.13,0,29.06,2.81,32.81,18.58,510.9,69.38,0,64,18.75,396.6,0,1.88,6.56,0.94,14.06,5.63,0,18.75,75.94,2.81,76.88,16.88,119.1,0.94,182.8,0,26.25,439.7,55.31,0,0,0.94,182.8,1.88,11.25,203.4,0.77,0.72,1.88,48.84,28.3,0,39.88,50,0,0,0,13.33,50,56.6,45.09,40,59.09,50,0,26.67,93.1,16.67,81.82,77.91,100,89.86,0,56,86.06,79.73,57.14,0,50,16.67,89.86,100,10.53,0,43,21,1,55,87,0,1,2,18,6,2,127,53,15,0,0,0,22,173,69,42,21,163,19,1,1,0,0,2,7,5,1,0,2,2,31,1,217,0,5,50,17,3,103,1,1,0,30,78,24,13,60,30,0,31,3,35,545,74,0,6.5,0,0,20,423,78,0,2,7,1,15,6,0,20,81,3,82,18,127,1,195,0,28,469,59,0,0,1,195,2,12,217,0.82,0.77,2
Unirea Slobozia,"Rapid Bucureşti - Unirea Slobozia, 4-1",2025-10-27 19:30:00,0,Away,11663,719,191642,4435361,5715788,0.94,24.38,0.94,35.63,44.06,80.63,57.19,3.75,0,11.25,0,10.31,131.2,72.19,10.31,0,0,0,17.16,17.81,166.9,61.88,24.38,13.13,116.2,6.56,0,0,0,0,0.94,10.31,10.31,0.94,0,0.94,0.94,34.69,0.94,135,4.69,4.69,28.84,31.88,11.25,6.56,4.69,45,90,25.31,9.38,59.06,31.88,0,8.44,0,37.5,18.06,342.2,35.63,0,39.3,18.75,242.8,0,6.56,4.69,0.94,4.69,15.94,1.88,16.88,44.06,4.69,92.81,15,86.25,0.94,123.8,2.81,15.94,285.9,26.25,0,0.94,0,123.8,1.88,5.63,135,0.46,1.19,0,53.85,14.29,0,37.08,53.85,0,0,0,20,0,62.34,53.93,42.86,52.63,53.97,0,40,100,41.67,84.21,74.19,100,91.67,60,50,83.56,73.68,80,50,0,50,91.67,0,0,1,26,14,1,38,47,0,4,0,12,0,11,140,77,11,0,0,0,19,178,66,26,14,124,7,0,0,0,0,1,11,11,1,0,1,1,37,1,144,5,5,34,12,7,86,1,1,5,48,96,27,10,63,34,0,9,0,40,365,38,0,30.79,5,0,20,259,61,0,7,5,1,5,17,2,18,47,5,99,16,92,1,132,3,17,305,28,0,1,0,132,2,6,144,0.49,1.27,0
Unirea Slobozia,"Unirea Slobozia - Rapid Bucureşti, 1-2",2026-03-02 18:30:00,0,Home,11663,719,191642,4435361,5715908,0,39.38,0.94,32.81,39.38,101.2,61.88,1.88,3.75,10.31,0.94,11.25,135,77.81,20.63,0,0,0,17.28,14.06,187.5,58.13,33.75,12.19,126.6,4.69,2.81,1.88,0,0,0.94,10.31,10.31,3.75,0,0.94,2.81,17.81,0.94,169.7,0,3.75,27.81,45,19.69,4.69,3.75,53.44,88.13,15,7.5,50.63,17.81,0.94,12.19,0.94,34.69,20,373.1,43.13,0,45.8,8.44,261.6,0,6.56,6.56,0.94,8.44,20.63,0,14.06,33.75,2.81,86.25,9.38,86.25,0.94,154.7,0,27.19,304.7,29.06,0,0,0,154.7,0,8.44,169.7,1.06,2.07,0.94,38.1,26.51,0,31,36.11,0,0,0,11.11,66.67,68.67,47,29.63,53.33,35.19,0,44.44,85.71,27.27,66.67,68.15,100,91.16,0,60.42,81.66,67.39,57.14,0,0,66.67,91.16,0,20,0,42,16,1,35,42,0,2,4,11,1,12,144,83,22,0,0,0,15,200,62,36,13,135,5,3,2,0,0,1,11,11,4,0,1,3,19,1,181,0,4,48,21,5,108,1,1,4,57,94,16,8,54,19,1,13,1,37,398,46,0,21.87,0,0,9,279,66,0,7,7,1,9,22,0,15,36,3,92,10,92,1,165,0,29,325,31,0,0,0,165,0,9,181,1.13,2.21,1
Unirea Slobozia,"Argeș - Unirea Slobozia, 0-0",2026-03-08 16:00:00,1,Away,11663,719,191642,4435361,5715917,1.88,44.06,0,29.06,30,119.1,76.88,0,1.88,9.38,1.88,2.81,131.2,49.69,10.31,0.94,0,0,9.07,13.13,176.2,54.38,41.25,13.13,116.2,4.69,2.81,0.94,0,0,1.88,9.38,6.56,1.88,0,0,0.94,37.5,0.94,46.88,1.88,10.31,29.86,61.88,37.5,11.25,5.63,33.75,74.06,15,6.56,45,18.75,0.94,16.88,1.88,46.88,19.53,228.8,33.75,0,34.8,10.31,98.44,0,0,2.81,0.94,6.56,9.38,0,12.19,27.19,3.75,85.31,8.44,63.75,0.94,30,0,27.19,146.2,13.13,0,0,0,30,0,8.44,46.88,0.23,0.27,0.94,31.91,20.75,0,30.85,31.82,0,0,0,0,0,67.92,42.02,33.33,50,41.67,0,28.57,90.63,40,64.29,54.84,100,64,0,43.94,63.93,38.89,66.67,0,0,33.33,64,0,20,2,47,15,0,31,32,1,0,2,10,2,3,140,53,11,1,0,0,14,188,58,44,14,124,5,3,1,0,0,2,10,7,2,0,0,1,40,1,50,2,11,66,40,12,127,1,1,6,36,79,16,7,48,20,1,18,2,50,244,36,0,20,13,0,11,105,82,0,0,3,1,7,10,0,13,29,4,91,9,68,1,32,0,29,156,14,0,0,0,32,0,9,50,0.25,0.29,1
Universitatea Cluj,"Universitatea Cluj - Botoşani, 0-2",2025-10-18 14:00:00,0,Home,60374,719,191642,4435361,5715781,2.81,45,0,41.25,60,112.5,75.94,1.88,4.69,4.69,0.94,7.5,135.9,55.31,9.38,0.94,0,0,22.7,25.31,174.4,62.81,40.31,19.69,141.6,12.19,2.81,1.88,0,0,0,10.31,9.38,5.63,0,0,4.69,35.63,0.94,94.69,2.81,1.88,30.46,51.56,15.94,7.5,4.69,35.63,85.31,18.75,11.25,58.13,22.5,1.88,19.69,0,36.56,18.09,357.2,45,0,47.9,10.31,230.6,0,8.44,8.44,0.94,10.31,17.81,0.94,15,51.56,1.88,94.69,13.13,102.2,0.94,72.19,1.88,27.19,281.2,26.25,0,0.94,0.94,72.19,3.75,15.94,94.69,0.89,1.5,1.88,52.08,16.95,0,36.02,48.84,0,0,0,0,20,64.41,48.92,32.26,44.44,38.71,0,9.09,85.94,40,51.85,72.19,100,76.24,66.67,52.73,78.74,58.33,55.56,100,25,23.53,76.24,0,15.38,3,48,25,0,44,64,0,2,5,5,1,8,145,59,10,1,0,0,27,186,67,43,21,151,13,3,2,0,0,0,11,10,6,0,0,5,38,1,101,3,2,55,17,8,120,1,1,5,38,91,20,12,62,24,2,21,0,39,381,48,0,13.54,9,0,11,246,81,0,9,9,1,11,19,1,16,55,2,101,14,109,1,77,2,29,300,28,0,1,1,77,4,17,101,0.95,1.6,2
Argeș,"Argeș - Universitatea Craiova, 1-2",2025-11-21 19:30:00,0,Home,23334,719,191642,4435361,5715809,0.95,35.05,0.95,42.63,47.37,114.6,77.68,1.89,12.32,17.05,3.79,4.74,127,57.79,13.26,0,0,0,20.24,13.26,168.6,59.68,33.16,13.26,119.4,12.32,1.89,0.95,0,0,0.95,5.68,4.74,1.89,0,0.95,0.95,34.11,0.95,84.32,0.95,1.89,27.92,42.63,20.84,9.47,4.74,33.16,77.68,21.79,8.53,54.95,23.68,2.84,28.42,1.89,29.37,18.13,288.9,46.42,0,45.5,9.47,186.6,0,3.79,5.68,0.95,10.42,9.47,1.89,14.21,44.53,3.79,80.53,9.47,83.37,0.95,65.37,0,21.79,214.1,26.53,0,0,0,65.37,3.79,17.05,84.32,1.16,1.67,2.84,37.84,22.95,0,35.39,40,0,0,0,9.091,100,57.38,46.07,39.66,64.29,43.1,0,18.18,94,22.22,71.43,69.84,100,77.53,0,51.11,74.1,57.14,16.67,0,0,33.33,77.53,0,23.08,1,37,14,1,45,50,0,2,13,18,4,5,134,61,14,0,0,0,14,178,63,35,14,126,13,2,1,0,0,1,6,5,2,0,1,1,36,1,89,1,2,45,22,10,121,1,1,5,35,82,23,9,58,25,3,30,2,31,305,49,0,10.9,12,0,10,197,82,0,4,6,1,11,10,2,15,47,4,85,10,88,1,69,0,23,226,28,0,0,0,69,4,18,89,1.22,1.76,3
Argeș,"Argeș - FCS Bucureşti, 1-0",2026-01-16 19:00:00,3,Home,23334,719,191642,4435361,5715850,3.79,62.53,0.95,41.68,32.21,127.9,91.89,0,3.79,8.53,4.74,4.74,189.5,67.26,16.11,0.95,0,0,33.36,26.53,235.9,85.26,56.84,26.53,120.3,14.21,0.95,0,0,0,1.89,10.42,8.53,3.79,0,0.95,0,59.68,0.95,36.95,1.89,8.53,21.44,44.53,36.95,17.05,4.74,37.89,101.4,18.95,7.58,69.16,24.63,1.89,31.26,1.89,46.42,22.62,219.8,47.37,0,33.3,8.53,106.1,0,1.89,0.95,0.95,6.63,9.47,0,12.32,28.42,2.84,125,9.47,64.42,0.95,33.16,0,19.89,144,21.79,0,0,0,33.16,0.95,5.68,36.95,0.27,0.58,0.95,43.94,23.94,0,36.14,46.67,0,0,0,14.29,0,56.34,42.97,27.4,28.57,35.62,0,28.57,88.24,33.33,35.71,53.54,100,89.74,0,44.68,65.52,46,100,0,0,16.67,89.74,100,6.667,4,66,29,1,44,34,1,0,4,9,5,5,200,71,17,1,0,0,28,249,90,60,28,127,15,1,0,0,0,2,11,9,4,0,1,0,63,1,39,2,9,47,39,18,135,1,1,5,40,107,20,8,73,26,2,33,2,49,232,50,0,9.23,18,0,9,112,97,0,2,1,1,7,10,0,13,30,3,132,10,68,1,35,0,21,152,23,0,0,0,35,1,6,39,0.29,0.61,1
Hermannstadt,"CFR Cluj - Hermannstadt, 2-1",2025-10-05 14:00:00,0,Away,55427,719,191642,4435361,5715768,0.95,20.84,0.95,44.53,54.95,122.2,81.47,1.89,1.89,11.37,1.89,9.47,138.3,62.53,18,0,0,0,28.04,27.47,171.5,49.26,19.89,11.37,137.4,12.32,0,0,0,0,0,4.74,4.74,5.68,0,0.95,0.95,54.95,0.95,171.5,4.74,0.95,27.41,59.68,31.26,5.68,0.95,37.89,70.11,14.21,11.37,56.84,13.26,0,24.63,0,44.53,17.71,439.6,47.37,0,43.6,18,324,0,3.79,4.74,0.95,5.68,17.05,0,14.21,52.11,1.89,105.2,10.42,97.58,0.95,149.7,2.84,32.21,368.5,25.58,0,0,0,149.7,0.95,9.47,171.5,0.23,1.31,2.84,59.09,28.79,0,28.73,57.14,0,0,0,16.67,100,60.61,40.88,25,41.38,23.33,0,16.67,94.83,16.67,37.93,71.03,100,87.29,60,53.97,83.84,54,20,0,0,30,87.29,0,23.08,1,22,13,1,47,58,0,2,2,12,2,10,146,66,19,0,0,0,29,181,52,21,12,145,13,0,0,0,0,0,5,5,6,0,1,1,58,1,181,5,1,63,33,6,129,1,1,1,40,74,15,12,60,14,0,26,0,47,464,50,0,13.48,4,0,19,342,86,0,4,5,1,6,18,0,15,55,2,111,11,103,1,158,3,34,389,27,0,0,0,158,1,10,181,0.24,1.38,3
Unirea Slobozia,"Unirea Slobozia - UTA Arad, 1-3",2026-01-17 12:00:00,0,Home,11663,719,191642,4435361,5715855,0.96,30.64,0.96,39.26,49.79,115.8,72.77,2.87,6.7,14.36,1.91,3.83,131.2,64.15,13.4,0,0,0,14.93,15.32,169.5,67.02,27.77,15.32,153.2,9.57,0.96,0.96,0,0,0.96,6.7,5.74,3.83,0,0.96,0,36.38,0.96,86.17,4.79,3.83,29.44,47.87,20.11,8.62,0.96,38.3,85.21,21.06,6.7,54.57,27.77,0.96,19.15,2.87,32.55,19.15,343.7,41.17,0,42,11.49,222.1,0,3.83,4.79,0.96,7.66,9.57,1.91,12.45,45,0.96,91.91,12.45,106.3,0.96,67.98,4.79,23.94,265.2,20.11,0,0.96,0.96,67.98,3.83,9.57,86.17,1.26,1.33,2.87,56.25,20.9,0,39.55,55.17,0,0,0,12.5,0,59.7,50.28,38.6,43.75,50.88,0,50,90.38,6.67,81.25,69.38,100,78.89,100,50,77.16,48.84,40,50,25,50,78.89,0,30,1,32,18,1,41,52,0,3,7,15,2,4,137,67,14,0,0,0,16,177,70,29,16,160,10,1,1,0,0,1,7,6,4,0,1,0,38,1,90,5,4,50,21,9,121,1,1,1,40,89,22,7,57,29,1,20,3,34,359,43,0,13.25,13,0,12,232,76,0,4,5,1,8,10,2,13,47,1,96,13,111,1,71,5,25,277,21,0,1,1,71,4,10,90,1.32,1.39,3
Unirea Slobozia,"Universitatea Cluj - Unirea Slobozia, 1-0",2026-01-24 16:00:00,0,Away,11663,719,191642,4435361,5715863,3.83,33.51,0,45,50.74,98.62,72.77,0.96,3.83,20.11,1.91,2.87,136.9,73.72,20.11,0,0,0,22.44,20.11,175.2,59.36,29.68,7.66,122.5,12.45,1.91,0,0,0,0,1.91,1.91,1.91,0,0,1.91,29.68,0.96,155.1,4.79,0.96,34.06,58.4,14.36,4.79,12.45,48.83,87.13,24.89,12.45,53.62,25.85,7.66,25.85,0.96,32.55,19.5,405,36.38,0,49,16.28,290.1,0,4.79,2.87,0.96,3.83,9.57,0.96,22.02,49.79,7.66,87.13,14.36,79.47,0.96,134,4.79,30.64,328.4,17.23,0,0.96,0.96,134,5.74,15.32,155.1,0.34,0.61,0.96,25.71,27.27,0,33.88,25.81,0,0,0,0,50,66.23,49.73,46.43,61.9,48.21,0,25,98.11,38.1,71.43,64.84,100,86.42,100,52.46,81.09,47.37,33.33,100,16.67,37.5,86.42,0,7.692,4,35,9,0,47,53,0,1,4,21,2,3,143,77,21,0,0,0,21,183,62,31,8,128,13,2,0,0,0,0,2,2,2,0,0,2,31,1,162,5,1,61,15,5,103,1,1,13,51,91,26,13,56,27,8,27,1,34,423,38,0,11.06,12,0,17,303,76,0,5,3,1,4,10,1,23,52,8,91,15,83,1,140,5,32,343,18,0,1,1,140,6,16,162,0.35,0.64,1
Universitatea Cluj,"Universitatea Cluj - Universitatea Craiova, 0-0",2025-12-01 18:00:00,1,Home,60374,719,191642,4435361,5715823,0.96,29.68,0,33.51,51.7,98.62,76.6,0,3.83,10.53,1.91,2.87,119.7,51.7,12.45,0,0,0,18.11,19.15,159.9,58.4,29.68,12.45,143.6,5.74,1.91,0.96,0,0,1.91,7.66,6.7,7.66,0,0,0.96,38.3,0.96,127.3,4.79,2.87,28.78,45.96,20.11,9.57,3.83,30.64,73.72,21.06,11.49,58.4,23.94,0,15.32,1.91,44.04,20.68,361.9,22.98,0,36.8,7.66,259.5,0,13.4,3.83,0.96,3.83,16.28,0,12.45,50.74,0.96,81.38,12.45,104.4,0.96,114.9,2.87,22.98,300.6,12.45,0,0,0.96,114.9,7.66,6.7,127.3,0.21,1.64,0,41.94,24.07,0,36.53,41.94,0,0,0,0,0,59.26,46.11,36.07,60,40.98,0,0,98.15,9.09,65,72.67,100,90.23,60,50,83.07,54.17,50,0,12.5,14.29,90.23,0,0,1,31,13,0,35,54,1,0,4,11,2,3,125,54,13,0,0,0,20,167,61,31,13,150,6,2,1,0,0,2,8,7,8,0,0,1,40,1,133,5,3,48,21,10,103,1,1,4,32,77,22,12,61,25,0,16,2,46,378,24,0,34.23,10,0,8,271,80,0,14,4,1,4,17,0,13,53,1,85,13,109,1,120,3,24,314,13,0,0,1,120,8,7,133,0.22,1.71,0
UTA Arad,"UTA Arad - Universitatea Cluj, 0-2",2025-11-22 14:00:00,0,Home,30817,719,191642,4435361,5715810,0.97,35.81,0,47.42,53.23,111.3,69.68,1.94,8.71,15.48,2.9,8.71,126.8,61.94,14.52,0,0,0,7.33,21.29,173.2,67.74,31.94,13.55,145.2,3.87,2.9,0.97,0,0,1.94,2.9,2.9,3.87,0,0,2.9,29.03,0.97,160.7,0,0.97,30.3,53.23,12.58,5.81,4.84,42.58,86.13,22.26,9.68,62.9,31.94,5.81,25.16,0,33.87,18.2,396.8,58.06,0,54.3,12.58,279.7,0,1.94,6.77,0.97,10.65,15.48,0,26.13,50.32,11.61,87.1,19.35,103.5,0.97,146.1,0,27.1,324.2,39.68,0,0,0.97,146.1,3.87,10.65,160.7,0.48,1.75,0.97,43.24,23.44,0,39.11,42.42,0,0,0,0,66.67,68.75,49.72,35.38,45.45,50.77,0,45.45,94.55,75,90.91,71.33,100,90.96,0,50.91,81.71,68.33,85.71,0,25,54.55,90.96,0,25,1,37,16,0,49,55,0,2,9,16,3,9,131,64,15,0,0,0,22,179,70,33,14,150,4,3,1,0,0,2,3,3,4,0,0,3,30,1,166,0,1,55,13,6,115,1,1,5,44,89,23,10,65,33,6,26,0,35,410,60,0,14.53,1,0,13,289,72,0,2,7,1,11,16,0,27,52,12,90,20,107,1,151,0,28,335,41,0,0,1,151,4,11,166,0.5,1.81,1
UTA Arad,"UTA Arad - Botoşani, 2-1",2026-02-15 13:00:00,3,Home,30817,719,191642,4435361,5715891,5.05,34.49,0.84,36.17,24.39,119.4,95.05,0.84,3.36,9.25,5.05,8.41,164.9,58.04,14.3,0,0,0,15.21,11.78,174.1,68.97,33.64,18.5,116.1,9.25,0.84,0.84,0,0,1.68,1.68,1.68,2.52,0,1.68,0.84,72.34,1.68,63.08,0,4.21,33.78,47.94,26.07,12.62,4.21,39.53,89.16,18.5,5.89,55.51,23.55,4.21,15.98,0,59.72,24.2,243.9,43.74,0.84,37.2,12.62,128.7,0,3.36,7.57,1.68,14.3,15.98,0.84,15.14,21.03,3.36,130.4,6.73,69.81,1.68,48.79,0,21.03,164,20.19,0.84,0,1.68,48.79,7.57,21.87,63.08,2.65,1.05,2.52,53.66,24.64,0,39.61,55,0,0,0,11.77,0,68.12,51.21,33.33,50,42.42,100,41.18,86.21,36.36,57.14,60.14,100,77.33,0,43.86,67.24,46.15,55.56,0,22.22,50,77.33,100,27.27,6,41,22,1,43,29,0,1,4,11,6,10,196,69,17,0,0,0,14,207,82,40,22,138,11,1,1,0,0,2,2,2,3,0,2,1,86,2,75,0,5,57,31,15,142,1,1,5,47,106,22,7,66,28,5,19,0,71,290,52,1,9.07,5,0,15,153,113,0,4,9,2,17,19,1,18,25,4,155,8,83,2,58,0,25,195,24,1,0,2,58,9,26,75,3.15,1.25,3
Csikszereda Miercurea Ciuc,"Argeș - Csikszereda Miercurea Ciuc, 3-1",2025-08-02 17:30:00,0,Away,22731,719,191642,4435361,5715707,0,38.08,0.87,25.1,47.6,96.06,54.52,2.6,0,10.38,0,5.19,116.8,57.98,13.85,0,0,0,12.8,11.25,174.8,59.71,37.21,11.25,121.2,9.52,0.87,0,0,0,0,4.33,4.33,0,0,0.87,0,20.77,1.73,141.1,21.63,6.92,27.35,46.73,19.9,8.65,2.6,34.62,77.02,22.5,6.92,58.85,25.96,4.33,11.25,1.73,39.81,18.53,358.3,44.13,0,56.5,9.52,249.2,0,6.06,3.46,1.73,3.46,10.38,0,12.12,45.87,3.46,66.63,9.52,81.35,1.73,124.6,13.85,27.69,291.6,22.5,0,0,0.87,124.6,4.33,4.33,141.1,0.25,1.11,0.87,29.55,23.88,0,34.16,30.23,0,0,0,25,0,59.7,44.06,38.24,61.54,44.12,0,50,96.36,33.33,84.62,67.14,100,88.34,64,59.26,81.4,50.98,50,0,20,80,88.34,0,9.091,0,44,13,1,29,55,0,3,0,12,0,6,135,67,16,0,0,0,13,202,69,43,13,140,11,1,0,0,0,0,5,5,0,0,1,0,24,2,163,25,8,54,23,10,111,1,1,3,40,89,26,8,68,30,5,13,2,46,414,51,0,10.39,3,0,11,288,63,0,7,4,2,4,12,0,14,53,4,77,11,94,2,144,16,32,337,26,0,0,1,144,5,5,163,0.29,1.28,1
Oţelul,"Oţelul - Csikszereda Miercurea Ciuc, 2-3",2026-03-14 17:15:00,0,Home,11571,719,191642,4437511,5822250,3.46,45.87,0,61.44,68.37,103,73.56,2.6,5.19,23.37,5.19,4.33,114.2,49.33,17.31,0,0,0,19.11,20.77,167.9,76.15,44.13,19.9,136.7,6.06,3.46,2.6,0,0,0.87,4.33,4.33,2.6,0,1.73,2.6,19.04,1.73,160.1,12.98,2.6,30.55,54.52,15.58,7.79,7.79,32.02,84.81,24.23,12.12,57.12,30.29,1.73,20.77,0.87,35.48,20.31,418.9,55.38,0.87,66,22.5,293.4,0,1.73,9.52,1.73,15.58,8.65,1.73,25.1,64.9,7.79,71.83,14.71,100.4,1.73,137.6,9.52,35.48,348.8,40.67,0.87,0.87,0.87,137.6,2.6,17.31,160.1,2.56,1.11,1.73,45.28,35.09,0,45.36,45.1,0,0,0,11.11,0,64.91,50.52,42.42,58.33,53.03,100,27.78,94.94,33.33,70.83,73.42,100,85.95,73.33,65.08,83.26,73.44,36.36,50,33.33,45,85.95,0,28.57,4,53,24,0,71,79,0,3,6,27,6,5,132,57,20,0,0,0,24,194,88,51,23,158,7,4,3,0,0,1,5,5,3,0,2,3,22,2,185,15,3,63,18,9,119,1,1,9,37,98,28,14,66,35,2,24,1,41,484,64,1,7.39,5,0,26,339,85,0,2,11,2,18,10,2,29,75,9,83,17,116,2,159,11,41,403,47,1,1,1,159,3,20,185,2.96,1.28,2
Botoşani,"Metaloglobus - Botoşani, 0-2",2025-09-29 17:00:00,3,Away,11634,719,191642,4435361,5715763,0,39.71,0.88,30.88,61.76,90.88,65.29,0,8.82,6.18,3.53,1.76,127.9,71.47,10.59,0.88,0.88,0,9.79,11.47,167.7,60,39.71,19.41,139.4,12.35,1.76,1.76,0,0,2.65,7.06,5.29,0.88,0,1.76,0,16.76,1.76,118.2,0,2.65,28.31,45,12.35,6.18,1.76,43.24,88.24,19.41,6.18,44.12,23.82,0.88,19.41,0,24.71,20.41,358.2,47.65,0,50,9.71,250.6,0,5.29,9.71,1.76,13.24,3.53,0,11.47,52.06,1.76,79.41,8.82,99.71,1.76,108.5,0,22.06,283.2,24.71,0,0,0,108.5,0,19.41,118.2,1.43,0.88,0.88,48.89,14.81,100,35.79,48.89,0,0,0,13.33,0,60.49,52.63,44,53.85,54,0,26.67,84.29,28.57,76.92,71.52,100,91.79,0,49.02,79.06,51.85,36.36,0,0,40.91,91.79,100,7.143,0,45,22,1,35,70,1,0,10,7,4,2,145,81,12,1,1,0,13,190,68,45,22,158,14,2,2,0,0,3,8,6,1,0,2,0,19,2,134,0,3,51,14,7,103,1,1,2,49,100,22,7,50,27,1,22,0,28,406,54,0,14.3,0,0,11,284,74,0,6,11,2,15,4,0,13,59,2,90,10,113,2,123,0,25,321,28,0,0,0,123,0,22,134,1.62,1,1
CFR Cluj,"CFR Cluj - FCS Bucureşti, 2-2",2025-08-31 20:30:00,1,Home,11611,719,191642,4435361,5715736,0.88,22.94,0,30,52.06,97.94,61.76,1.76,0.88,2.65,1.76,6.18,117.3,51.18,15,0,0,0.88,35.92,17.65,129.7,50.29,22.94,8.82,106.8,10.59,0.88,0.88,0,0,0.88,9.71,7.06,2.65,0,1.76,2.65,43.24,1.76,83.82,5.29,7.06,29,35.29,15,7.06,8.82,32.65,64.41,15.88,8.82,40.59,19.41,2.65,14.12,0.88,43.24,17.72,294.7,39.71,0,42,9.71,204.7,0.88,2.65,6.18,1.76,9.71,18.53,0,15,47.65,0.88,84.71,9.71,74.12,1.76,75,3.53,19.41,236.5,27.35,0,0,0.88,75,2.65,8.82,83.82,0.98,2.08,0,38.46,29.31,0,38.78,38.46,0,0,0,18.18,66.67,63.79,49.66,39.13,50,47.83,0,54.55,91.53,33.33,55,69.42,100,89.47,66.67,55,80.24,68.89,71.43,0,33.33,60,89.47,0,0,1,26,10,0,34,59,0,2,1,3,2,7,133,58,17,0,0,1,20,147,57,26,10,121,12,1,1,0,0,1,11,8,3,0,2,3,49,2,95,6,8,40,17,8,111,1,1,10,37,73,18,10,46,22,3,16,1,49,334,45,0,10.47,3,0,11,232,70,1,3,7,2,11,21,0,17,54,1,96,11,84,2,85,4,22,268,31,0,0,1,85,3,10,95,1.11,2.36,0
Metaloglobus,"Metaloglobus - Petrolul 52, 0-3",2025-07-25 18:45:00,0,Home,11943,719,191642,4435361,5715696,2.67,32.08,0,51.68,51.68,91.78,61.49,2.67,8.91,18.71,1.78,4.46,99.8,45.45,8.02,2.67,1.78,0,11.01,18.71,175.5,59.7,29.41,7.13,122.1,10.69,6.24,3.56,0,0,0.89,9.8,9.8,1.78,0,0,2.67,22.28,1.78,134.6,6.24,2.67,21.97,41.88,24.95,11.58,5.35,25.84,68.61,24.06,9.8,73.07,32.97,0,21.39,0,21.39,21.48,346.6,49.9,0,62.5,17.82,234.4,0,7.13,4.46,1.78,14.26,8.91,0,20.5,50.79,4.46,55.25,14.26,87.33,1.78,118.5,3.56,23.17,282.5,36.53,0,0,1.78,118.5,1.78,16.93,134.6,1.6,2.01,1.78,22.22,17.65,66.67,34.01,24.24,0,0,0,0,0,56.86,39.09,32.93,52.38,45.12,0,43.75,98.28,23.81,76.19,71.53,100,88.08,57.14,55.32,81.49,73.21,60,0,100,26.32,88.08,0,16.67,3,36,8,0,58,58,0,3,10,21,2,5,112,51,9,3,2,0,21,197,67,33,8,137,12,7,4,0,0,1,11,11,2,0,0,3,25,2,151,7,3,47,28,13,103,1,1,6,29,77,27,11,82,37,0,24,0,24,389,56,0,6.45,4,0,20,263,69,0,8,5,2,16,10,0,23,57,5,62,16,98,2,133,4,26,317,41,0,0,2,133,2,19,151,1.8,2.26,2
Oţelul,"Unirea Slobozia - Oţelul, 2-1",2026-03-23 19:30:00,0,Away,11571,719,191642,4437511,5823758,0.89,39.21,0.89,40.99,53.47,110.5,66.83,1.78,4.46,15.15,2.67,2.67,113.2,39.21,11.58,0,0,0,16.69,14.26,150.6,63.27,36.53,19.6,135.4,17.82,1.78,1.78,0,0,1.78,3.56,2.67,1.78,0,0.89,0,34.75,1.78,125.6,15.15,2.67,28.25,38.32,25.84,11.58,2.67,26.73,74.85,15.15,7.13,46.34,18.71,2.67,24.95,0,32.08,17.21,402.8,54.36,0,62.5,11.58,283.4,0,3.56,6.24,1.78,10.69,10.69,0.89,12.48,46.34,0.89,82.87,8.02,96.24,1.78,111.4,9.8,22.28,327,34.75,0,0,1.78,111.4,5.35,8.02,125.6,0.8,1.29,0.89,54.55,29.55,0,42.01,53.66,0,0,0,8.333,0,68.18,49.7,32.69,50,40.38,0,41.67,86.67,5.88,56.25,71.05,100,88.65,64.71,58.14,81.19,63.93,42.86,0,33.33,55.56,88.65,0,5,1,44,24,1,46,60,0,2,5,17,3,3,127,44,13,0,0,0,16,169,71,41,22,152,20,2,2,0,0,2,4,3,2,0,1,0,39,2,141,17,3,43,29,13,124,1,1,3,30,84,17,8,52,21,3,28,0,36,452,61,0,4.82,15,0,13,318,75,0,4,7,2,12,12,1,14,52,1,93,9,108,2,125,11,25,367,39,0,0,2,125,6,9,141,0.9,1.45,1
Rapid Bucureşti,"Rapid Bucureşti - Dinamo Bucureşti, 2-1",2026-02-21 19:30:00,3,Home,11566,719,191642,4435361,5715896,6.24,19.6,0.89,29.41,32.08,96.24,64.16,0.89,6.24,6.24,3.56,6.24,136.3,59.7,8.91,0,0,0,13.61,16.04,145.2,46.34,18.71,4.46,76.63,11.58,1.78,0.89,0,0,1.78,5.35,4.46,1.78,0,1.78,0.89,57.03,1.78,42.77,0.89,5.35,23.67,26.73,18.71,8.02,7.13,39.21,69.5,17.82,7.13,47.23,24.95,0,13.37,2.67,48.12,16.94,175.5,15.15,0,25.5,9.8,101.6,0,0.89,5.35,1.78,7.13,10.69,0,13.37,27.62,3.56,100.7,10.69,38.32,1.78,36.53,0.89,8.02,119.4,4.46,0,0,0,36.53,0.89,12.48,42.77,0.86,0.68,2.67,22.73,14.93,0,31.9,23.81,0,0,0,25,100,65.67,47.85,37.74,44.44,52.83,0,37.5,86.11,57.14,66.67,50,100,85.42,100,30,68.02,29.41,33.33,0,0,50,85.42,100,23.08,7,22,5,1,33,36,0,1,7,7,4,7,153,67,10,0,0,0,18,163,52,21,5,86,13,2,1,0,0,2,6,5,2,0,2,1,64,2,48,1,6,30,21,9,108,1,1,8,44,78,20,8,53,28,0,15,3,54,197,17,0,17.91,8,0,11,114,72,0,1,6,2,8,12,0,15,31,4,113,12,43,2,41,1,9,134,5,0,0,0,41,1,14,48,0.97,0.76,3
FCS Bucureşti,"FCS Bucureşti - UTA Arad, 4-0",2025-10-26 19:30:00,3,Home,11565,719,191642,4435361,5715789,0.9,19.8,0.9,45,74.7,100.8,81,0,5.4,7.2,1.8,2.7,89.1,51.3,12.6,0.9,0,0,14.74,18.9,152.1,63,19.8,11.7,172.8,12.6,1.8,0,0,0,0.9,3.6,2.7,1.8,0,3.6,0.9,18,1.8,182.7,3.6,0.9,23.29,42.3,23.4,12.6,1.8,29.7,73.8,19.8,13.5,57.6,26.1,2.7,26.1,0,33.3,17.13,505.8,45,1.8,63.8,12.6,395.1,0,3.6,9,1.8,18,8.1,0.9,22.5,69.3,0.9,59.4,15.3,123.3,1.8,171.9,3.6,21.6,430.2,29.7,1.8,0,0,171.9,0.9,25.2,182.7,2.75,0.45,0.9,59.09,24.56,0,41.42,59.09,0,0,0,20,0,57.89,48.52,34.38,71.43,45.31,100,45,92.77,12.5,80.95,71.35,100,94.09,100,51.06,85.05,66,60,0,0,39.29,94.09,100,7.143,1,22,13,1,50,83,1,0,6,8,2,3,99,57,14,1,0,0,21,169,70,22,13,192,14,2,0,0,0,1,4,3,2,0,4,1,20,2,203,4,1,47,26,14,112,1,1,2,33,82,22,15,64,29,3,29,0,37,562,50,2,8.12,3,0,14,439,90,0,4,10,2,20,9,1,25,77,1,66,17,137,2,191,4,24,478,33,2,0,0,191,1,28,203,3.05,0.5,1
Farul Constanţa,"Farul Constanţa - Argeș, 0-0",2025-10-17 19:30:00,1,Home,61242,719,191642,4435361,5715777,0.9,51.3,0,38.7,52.2,121.5,90.9,0,2.7,14.4,1.8,4.5,139.5,60.3,15.3,0,0,0,10.61,12.6,219.6,84.6,48.6,19.8,159.3,16.2,3.6,0,0,0,1.8,7.2,7.2,2.7,0,0,1.8,27.9,1.8,110.7,4.5,3.6,29.23,59.4,50.4,21.6,5.4,39.6,106.2,23.4,7.2,57.6,26.1,0.9,22.5,0.9,47.7,19.75,367.2,55.8,0,54.3,7.2,227.7,0,3.6,4.5,1.8,9.9,8.1,1.8,13.5,47.7,4.5,89.1,9.9,107.1,1.8,96.3,2.7,32.4,288.9,37.8,0,0.9,1.8,96.3,3.6,12.6,110.7,0.93,1.05,1.8,42.11,25.37,0,38.52,40.74,0,0,0,0,0,65.67,48.36,40.63,57.14,45.31,0,9.09,91.38,31.25,78.57,67.23,100,86.99,60,54.55,78.68,67.74,20,50,50,28.57,86.99,0,11.11,1,57,24,0,43,58,1,0,3,16,2,5,155,67,17,0,0,0,14,244,94,54,22,177,18,4,0,0,0,2,8,8,3,0,0,2,31,2,123,5,4,66,56,24,135,1,1,6,44,118,26,8,64,29,1,25,1,53,408,62,0,9.36,5,0,8,253,101,0,4,5,2,11,9,2,15,53,5,99,11,119,2,107,3,36,321,42,0,1,2,107,4,14,123,1.03,1.17,2
Oţelul,"Argeș - Oţelul, 2-0",2025-08-18 18:00:00,0,Away,11571,719,191642,4435361,5715724,0,31.5,0,51.3,39.6,111.6,69.3,1.8,8.1,14.4,0.9,5.4,131.4,53.1,10.8,0.9,0,0,38.53,29.7,187.2,74.7,27.9,14.4,127.8,8.1,2.7,0,0,0,0,6.3,5.4,3.6,0,0,2.7,46.8,1.8,93.6,13.5,1.8,29.62,43.2,37.8,17.1,7.2,35.1,90,23.4,14.4,64.8,32.4,0.9,17.1,0.9,36.9,17.23,307.8,28.8,0,56.8,5.4,197.1,0,4.5,1.8,1.8,7.2,10.8,0,22.5,35.1,5.4,96.3,18,86.4,1.8,83.7,9.9,19.8,236.7,18.9,0,0,1.8,83.7,5.4,11.7,93.6,0.36,1.52,1.8,45.71,20.34,0,39.9,51.61,0,0,0,0,66.67,66.1,48.08,36.11,48.48,50,0,37.5,88.64,37.5,60.61,67.61,100,89.42,73.33,45.83,76.9,65.63,100,0,33.33,30.77,89.42,0,22.22,0,35,16,0,57,44,0,2,9,16,1,6,146,59,12,1,0,0,33,208,83,31,16,142,9,3,0,0,0,0,7,6,4,0,0,3,52,2,104,15,2,48,42,19,124,1,1,8,39,100,26,16,72,36,1,19,1,41,342,32,0,7.08,8,0,6,219,77,0,5,2,2,8,12,0,25,39,6,107,20,96,2,93,11,22,263,21,0,0,2,93,6,13,104,0.4,1.69,2
Petrolul 52,"Unirea Slobozia - Petrolul 52, 1-0",2025-09-21 15:00:00,0,Away,60390,719,191642,4435361,5715759,1.8,36.9,0,54.9,36.9,93.6,80.1,0.9,3.6,22.5,4.5,5.4,128.7,61.2,10.8,0,0,0,24.64,19.8,162.9,65.7,35.1,18.9,121.5,17.1,1.8,0,0,0,0.9,8.1,6.3,2.7,0,0,0.9,30.6,1.8,152.1,8.1,4.5,28.6,32.4,27.9,14.4,0,36,82.8,13.5,10.8,36.9,21.6,1.8,30.6,0.9,22.5,19.21,351.9,57.6,0,51.1,8.1,251.1,0,4.5,8.1,1.8,11.7,11.7,0.9,18.9,35.1,7.2,85.5,15.3,92.7,1.8,129.6,7.2,19.8,287.1,45.9,0,0,0.9,129.6,1.8,17.1,152.1,0.64,1.13,2.7,51.22,17.65,0,40.33,53.85,0,0,0,0,0,58.82,50.83,36.59,54.55,58.54,0,7.69,95.12,32,77.27,76.3,100,85.21,88.89,61.11,81.59,79.69,0,0,50,26.32,85.21,0,15.79,2,41,21,0,61,41,0,1,4,25,5,6,143,68,12,0,0,0,22,181,73,39,21,135,19,2,0,0,0,1,9,7,3,0,0,1,34,2,169,9,5,36,31,16,104,1,1,0,40,92,15,12,41,24,2,34,1,25,391,64,0,9.78,15,0,9,279,89,0,5,9,2,13,13,1,21,39,8,95,17,103,2,144,8,22,319,51,0,0,1,144,2,19,169,0.71,1.25,3
UTA Arad,"FCS Bucureşti - UTA Arad, 4-0",2025-10-26 19:30:00,0,Away,30817,719,191642,4435361,5715789,0,19.8,0,27,44.1,84.6,71.1,3.6,2.7,4.5,2.7,1.8,119.7,57.6,12.6,0,0,0.9,14.23,14.4,152.1,48.6,18.9,6.3,109.8,7.2,4.5,2.7,0,0,0,4.5,3.6,6.3,0,0,0.9,42.3,1.8,50.4,2.7,6.3,26.98,32.4,23.4,6.3,0.9,37.8,72,21.6,7.2,51.3,23.4,0,20.7,2.7,32.4,18.86,239.4,26.1,0,36.2,9,153,0.9,0,4.5,1.8,8.1,18,0,9,39.6,0,86.4,8.1,81,1.8,40.5,2.7,19.8,188.1,14.4,0,0,0,40.5,0,9.9,50.4,0.45,2.75,2.7,31.82,21.88,0,31.95,33.33,0,0,0,0,0,65.63,47.34,42.11,50,45.61,0,22.22,89.8,0,56.25,73.77,100,80.36,100,61.11,78.57,55.17,60,0,0,18.18,80.36,0,37.5,0,22,7,0,30,49,0,4,3,5,3,2,133,64,14,0,0,1,16,169,54,21,7,122,8,5,3,0,0,0,5,4,7,0,0,1,47,2,56,3,7,36,26,7,94,1,1,1,42,80,24,8,57,26,0,23,3,36,266,29,0,15,0,0,10,170,79,1,0,5,2,9,20,0,10,44,0,96,9,90,2,45,3,22,209,16,0,0,0,45,0,11,56,0.5,3.05,3
UTA Arad,"UTA Arad - Petrolul 52, 1-0",2025-12-08 16:30:00,3,Home,30817,719,191642,4435361,5715830,3.6,42.3,0,58.5,67.5,113.4,86.4,0,6.3,32.4,3.6,1.8,120.6,45,14.4,1.8,1.8,0,17.51,14.4,163.8,66.6,36.9,18,164.7,7.2,1.8,1.8,0,0,0.9,5.4,5.4,3.6,0,0.9,1.8,33.3,1.8,192.6,0,0.9,28.09,54,12.6,2.7,6.3,30.6,80.1,27.9,7.2,63.9,30.6,1.8,36,0.9,26.1,22.64,466.2,72.9,0,54.7,16.2,326.7,0,4.5,7.2,1.8,11.7,5.4,0,22.5,62.1,10.8,82.8,9,120.6,1.8,171.9,0,25.2,378.9,53.1,0,0,0,171.9,0,21.6,192.6,0.52,0.23,2.7,44.68,32,100,40.66,48.78,0,0,0,7.692,50,68,48.9,43.66,50,47.89,0,38.46,92,33.33,62.5,73.22,100,89.25,0,46.67,81.27,72.84,37.5,0,0,29.17,89.25,100,37.5,4,47,21,0,65,75,1,0,7,36,4,2,134,50,16,2,2,0,16,182,74,41,20,183,8,2,2,0,0,1,6,6,4,0,1,2,37,2,214,0,1,60,14,3,126,1,1,7,34,89,31,8,71,34,2,40,1,29,518,81,0,9.18,0,0,18,363,96,0,5,8,2,13,6,0,25,69,12,92,10,134,2,191,0,28,421,59,0,0,0,191,0,24,214,0.58,0.26,3
Unirea Slobozia,"Botoşani - Unirea Slobozia, 4-0",2025-07-28 18:00:00,0,Away,11663,719,191642,4435361,5715702,1.8,25.2,0,29.7,50.4,92.7,70.2,3.6,3.6,10.8,3.6,0.9,94.5,47.7,12.6,0,0,0,15.37,11.7,154.8,62.1,23.4,12.6,116.1,5.4,4.5,0.9,0,0,0.9,3.6,2.7,0,0,0,0.9,21.6,1.8,131.4,9,1.8,33.2,54,23.4,9,5.4,28.8,73.8,22.5,8.1,58.5,27,7.2,19.8,2.7,25.2,21.41,325.8,43.2,0,46.8,16.2,199.8,0,1.8,4.5,1.8,7.2,6.3,0,12.6,47.7,1.8,63.9,9,74.7,1.8,108.9,4.5,29.7,247.5,24.3,0,0,0.9,108.9,3.6,6.3,131.4,0.39,1.5,0.9,53.57,26.42,0,40.12,53.85,0,0,0,0,0,60.38,47.67,38.46,69.23,46.15,0,37.5,94.64,16.67,76.92,64.34,100,82.88,50,55,75.97,56.25,80,0,25,42.86,82.88,0,16.67,2,28,15,0,33,56,0,4,4,12,4,1,105,53,14,0,0,0,13,172,69,26,14,129,6,5,1,0,0,1,4,3,0,0,0,1,24,2,146,10,2,60,26,10,103,1,1,6,32,82,25,9,65,30,8,22,3,28,362,48,0,14.85,11,0,18,222,78,0,2,5,2,8,7,0,14,53,2,71,10,83,2,121,5,33,275,27,0,0,1,121,4,7,146,0.43,1.67,1
Universitatea Craiova,"Rapid Bucureşti - Universitatea Craiova, 1-1",2026-03-08 19:00:00,1,Away,26233,719,191642,4435361,5715918,0,27.9,0.9,45.9,74.7,114.3,78.3,0.9,1.8,15.3,0.9,5.4,103.5,45.9,14.4,0.9,0,0,20.29,21.6,157.5,72,27.9,12.6,136.8,12.6,1.8,0,0,0,0.9,4.5,2.7,0.9,0,0.9,0,29.7,1.8,208.8,2.7,3.6,28.68,42.3,23.4,14.4,3.6,28.8,78.3,22.5,8.1,60.3,30.6,1.8,31.5,3.6,42.3,18.67,501.3,50.4,0,65.3,12.6,370.8,0,2.7,5.4,1.8,9,8.1,0,13.5,69.3,3.6,71.1,18,96.3,1.8,193.5,0.9,26.1,417.6,35.1,0,0,1.8,193.5,3.6,14.4,208.8,0.18,1.52,4.5,45.16,31.37,0,45.71,45.16,0,0,0,10,0,62.75,49.71,37.31,37.5,50.75,0,20,92.77,23.53,83.33,70.39,100,92.67,33.33,61.7,83.3,69.64,16.67,0,50,50,92.67,0,35.71,0,31,14,1,51,83,0,1,2,17,1,6,115,51,16,1,0,0,24,175,80,31,14,152,14,2,0,0,0,1,5,3,1,0,1,0,33,2,232,3,4,47,26,16,127,1,1,4,32,87,25,9,67,34,2,35,4,47,557,56,0,6.61,7,0,14,412,87,0,3,6,2,10,9,0,15,77,4,79,20,107,2,215,1,29,464,39,0,0,2,215,4,16,232,0.2,1.69,5
CFR Cluj,"Unirea Slobozia - CFR Cluj, 0-1",2025-11-09 13:30:00,3,Away,11611,719,191642,4435361,5715806,0,41.82,0.91,31.82,45.45,117.3,82.73,0,3.64,7.27,1.82,7.27,140.9,59.09,21.82,0,0,0,17.87,15.45,192.7,76.36,37.27,13.64,150,10,1.82,0.91,0,0,2.73,7.27,5.45,1.82,0,0.91,1.82,40,1.82,112.7,3.64,5.45,25.55,52.73,33.64,13.64,2.73,41.82,95.45,23.64,8.18,58.18,24.55,2.73,21.82,1.82,44.55,17.78,365.4,49.09,0,52.3,7.27,227.3,0,5.45,6.36,1.82,8.18,10,0.91,17.27,42.73,2.73,98.18,9.09,95.45,1.82,95.45,2.73,25.45,281.8,24.55,0,0,0,95.45,1.82,9.09,112.7,0.55,0.36,1.82,39.13,36.92,0,39.62,36.59,0,0,0,11.11,100,70.77,49.53,40.63,52.94,42.19,0,77.78,94,37.5,58.82,63.64,100,84.68,75,48.28,77.11,50,100,0,0,50,84.68,100,18.18,0,46,18,1,35,50,1,0,4,8,2,8,155,65,24,0,0,0,17,212,84,41,15,165,11,2,1,0,0,3,8,6,2,0,1,2,44,2,124,4,6,58,37,15,129,1,1,3,46,105,26,9,64,27,3,24,2,49,402,54,0,7.8,7,0,8,250,91,0,6,7,2,9,11,1,19,47,3,108,10,105,2,105,3,28,310,27,0,0,0,105,2,10,124,0.61,0.4,2
CFR Cluj,"CFR Cluj - Csikszereda Miercurea Ciuc, 3-1",2025-12-12 19:30:00,3,Home,11611,719,191642,4435361,5715832,0,15.45,0,20.91,75.45,87.27,62.73,0.91,4.55,1.82,3.64,3.64,110,55.45,12.73,0,0,0,12.8,5.45,140.9,49.09,11.82,4.55,127.3,7.27,0,0,0,0,0.91,4.55,4.55,3.64,0,2.73,1.82,39.09,1.82,166.4,3.64,1.82,29.64,53.64,20.91,11.82,5.45,37.27,70,15.45,4.55,49.09,19.09,0,21.82,3.64,23.64,18.84,437.3,55.45,0.91,53.8,5.45,335.4,0,4.55,8.18,1.82,13.64,7.27,0,10.91,70.91,0.91,81.82,5.45,96.36,1.82,151.8,2.73,25.45,375.4,39.09,0.91,0,0,151.8,3.64,16.36,166.4,1.5,0.38,2.73,35.29,22.95,0,34.84,38.46,0,0,0,20,0,67.21,49.68,31.48,83.33,38.89,100,40,93.98,50,100,75.71,100,91.26,75,47.46,85.86,70.49,44.44,0,0,38.89,91.26,100,37.5,0,17,6,0,23,83,0,1,5,2,4,4,121,61,14,0,0,0,6,155,54,13,5,140,8,0,0,0,0,1,5,5,4,0,3,2,43,2,183,4,2,59,23,13,96,1,1,6,41,77,17,5,54,21,0,24,4,26,481,61,1,9.2,4,0,6,369,69,0,5,9,2,15,8,0,12,78,1,90,6,106,2,167,3,28,413,43,1,0,0,167,4,18,183,1.65,0.42,3
CFR Cluj,"CFR Cluj - Petrolul 52, 2-1",2026-02-21 17:00:00,3,Home,11611,719,191642,4435361,5715900,4.55,22.73,1.82,59.09,64.55,103.6,80.91,0.91,5.45,20,7.27,2.73,100.9,50,6.36,0.91,0,0,7.19,17.27,174.6,72.73,21.82,13.64,170,7.27,4.55,2.73,0,0,0.91,7.27,6.36,1.82,0,1.82,4.55,28.18,1.82,216.4,8.18,1.82,29.6,49.09,39.09,17.27,2.73,27.27,83.64,25.45,10.91,62.73,35.45,0.91,33.64,2.73,21.82,19.88,505.4,73.64,0,66.7,21.82,368.2,0,7.27,18.18,1.82,20.91,7.27,0.91,22.73,62.73,3.64,69.09,14.55,127.3,1.82,189.1,8.18,22.73,420,50,0,0.91,0.91,189.1,5.45,27.27,216.4,1.16,0.36,3.64,60,12.73,0,41.67,62.5,0,0,0,8.696,40,54.55,47.92,40.58,63.16,56.52,0,34.78,97.18,18.18,84.21,74.87,100,87.39,100,46.3,83.09,67.9,70,100,16.67,30,87.39,100,50,5,25,15,2,65,71,0,1,6,22,8,3,111,55,7,1,0,0,19,192,80,24,15,187,8,5,3,0,0,1,8,7,2,0,2,5,31,2,238,9,2,54,43,19,114,1,1,3,30,92,28,12,69,39,1,37,3,24,556,81,0,7.93,1,0,24,405,89,0,8,20,2,23,8,1,25,69,4,76,16,140,2,208,9,25,462,55,0,1,1,208,6,30,238,1.28,0.4,4
FCS Bucureşti,"FCS Bucureşti - Rapid Bucureşti, 2-1",2025-12-21 19:00:00,3,Home,11565,719,191642,4435361,5715845,0,30,0.91,37.27,46.36,100,69.09,0.91,5.45,14.55,5.45,2.73,115.5,60.91,14.55,0,0,0,5.31,11.82,160.9,55.45,28.18,12.73,120,11.82,1.82,0,0,0,2.73,8.18,6.36,1.82,0,1.82,0,24.55,1.82,131.8,3.64,7.27,32.09,50,12.73,2.73,4.55,39.09,75.45,20.91,9.09,57.27,25.45,0.91,20.91,2.73,30.91,20.07,356.4,36.36,0.91,51.1,12.73,245.4,0,1.82,7.27,1.82,10.91,7.27,0,15.45,41.82,2.73,76.36,10.91,80,1.82,117.3,1.82,31.82,285.4,22.73,0.91,0,0,117.3,0,20.91,131.8,1.33,1,2.73,42.42,23.88,0,34.46,45.16,0,0,0,16.67,0,64.18,46.89,36.51,76.92,44.44,100,33.33,90.2,18.75,92.31,66.67,100,88.97,50,63.64,80.1,62.5,75,0,0,34.78,88.97,100,23.08,0,33,14,1,41,51,0,1,6,16,6,3,127,67,16,0,0,0,13,177,61,31,14,132,13,2,0,0,0,3,9,7,2,0,2,0,27,2,145,4,8,55,14,3,110,1,1,5,43,83,23,10,63,28,1,23,3,34,392,40,1,11.32,7,0,14,270,76,0,2,8,2,12,8,0,17,46,3,84,12,88,2,129,2,35,314,25,1,0,0,129,0,23,145,1.46,1.1,3
Metaloglobus,"Metaloglobus - Dinamo Bucureşti, 0-1",2025-08-08 20:30:00,0,Home,11943,719,191642,4435361,5715715,0.91,34.55,0,50,70.91,108.2,80.91,0.91,5.45,21.82,3.64,2.73,122.7,54.55,14.55,0,0,0,21.47,16.36,164.6,59.09,30.91,11.82,147.3,3.64,0.91,0,0,0,1.82,3.64,3.64,1.82,0,0,0.91,33.64,1.82,146.4,2.73,1.82,34.16,44.55,20.91,9.09,2.73,36.36,77.27,17.27,8.18,54.55,20.91,0,32.73,1.82,32.73,19.19,425.4,55.45,0,54.5,17.27,309.1,0,1.82,10,1.82,11.82,10.91,0,16.36,67.27,8.18,84.55,10.91,111.8,1.82,130.9,2.73,24.55,353.6,44.55,0,0,0,130.9,0,13.64,146.4,0.45,0.35,0.91,42.11,26.67,0,35.91,38.24,0,0,0,0,0,66.67,46.96,31.67,50,38.33,0,0,94.87,37.5,66.67,75.93,100,89.44,100,55.1,83.12,80.33,45.45,0,0,33.33,89.44,0,25,1,38,16,0,55,78,0,1,6,24,4,3,135,60,16,0,0,0,18,181,65,34,13,162,4,1,0,0,0,2,4,4,2,0,0,1,37,2,161,3,2,49,23,10,119,1,1,3,40,85,19,9,60,23,0,36,2,36,468,61,0,13.58,4,0,19,340,89,0,2,11,2,13,12,0,18,74,9,93,12,123,2,144,3,27,389,49,0,0,0,144,0,15,161,0.49,0.39,1
Metaloglobus,"Metaloglobus - Petrolul 52, 1-0",2026-03-21 14:00:00,3,Home,11943,719,191642,4437511,5823755,2.73,39.09,0,39.09,37.27,110,75.45,0,3.64,10,1.82,4.55,123.6,52.73,10.91,0.91,0,0,18.34,16.36,180.9,69.09,39.09,17.27,118.2,3.64,1.82,0.91,0,0,1.82,17.27,15.45,1.82,0,0.91,0.91,31.82,1.82,74.55,0.91,10.91,25.25,43.64,30.91,16.36,9.09,32.73,86.36,20,8.18,58.18,24.55,0,23.64,1.82,39.09,18.85,274.6,43.64,0.91,43.5,18.18,168.2,0,6.36,6.36,1.82,10.91,7.27,1.82,13.64,33.64,3.64,81.82,8.18,78.18,1.82,64.55,0.91,21.82,210,30,0.91,0.91,0,64.55,0,8.18,74.55,1.15,0.68,1.82,44.19,20.69,0,38.19,44.19,0,0,0,8.333,0,62.07,47.74,34.38,50,42.19,100,8.33,90.24,36.36,50,66.15,100,86.59,100,50,76.49,68.75,14.29,50,0,22.22,86.59,100,50,3,43,19,0,43,41,1,0,4,11,2,5,136,58,12,1,0,0,18,199,76,43,19,130,4,2,1,0,0,2,19,17,2,0,1,1,35,2,82,1,12,48,34,18,121,1,1,10,36,95,22,9,64,27,0,26,2,43,302,48,1,23.33,6,0,20,185,83,0,7,7,2,12,8,2,15,37,4,90,9,86,2,71,1,24,231,33,1,1,0,71,0,9,82,1.26,0.75,2
Petrolul 52,"Universitatea Cluj - Petrolul 52, 1-1",2025-08-09 20:30:00,1,Away,60390,719,191642,4435361,5715717,0.91,31.82,0.91,26.36,35.45,99.09,70.91,0.91,1.82,10.91,0,3.64,117.3,58.18,12.73,0.91,0,0,10.55,10,153.6,53.64,30.91,8.18,110,11.82,2.73,0,0,0,0.91,7.27,5.45,0,0,0.91,0,27.27,1.82,78.18,2.73,4.55,29.21,30,20.91,11.82,8.18,38.18,79.09,20.91,5.45,42.73,20.91,0.91,14.55,0.91,30,20.41,267.3,33.64,0,34.6,9.09,177.3,0,2.73,3.64,1.82,5.45,5.45,0,10,30,1.82,73.64,8.18,77.27,1.82,68.18,0.91,16.36,208.2,16.36,0,0,0,68.18,0,6.36,78.18,0.33,0.81,1.82,25.71,21.88,0,34.91,26.47,0,0,0,16.67,0,65.63,51.48,48.94,54.55,48.94,0,50,84.62,16.67,81.82,70.25,100,87.21,33.33,54.55,77.89,48.65,75,0,0,42.86,87.21,0,15.38,1,35,9,1,29,39,0,1,2,12,0,4,129,64,14,1,0,0,11,169,59,34,9,121,13,3,0,0,0,1,8,6,0,0,1,0,30,2,86,3,5,33,23,13,109,1,1,9,42,87,23,6,47,23,1,16,1,33,294,37,0,18.79,6,0,10,195,78,0,3,4,2,6,6,0,11,33,2,81,9,85,2,75,1,18,229,18,0,0,0,75,0,7,86,0.36,0.89,2
Petrolul 52,"Petrolul 52 - Dinamo Bucureşti, 0-3",2025-09-15 20:00:00,0,Home,60390,719,191642,4435361,5715748,1.82,30.91,0,30.91,36.36,74.55,60,2.73,2.73,10.91,1.82,0,116.4,63.64,17.27,0,0,0,4.79,6.36,184.6,61.82,28.18,8.18,102.7,20.91,0,0,0,0,0,10,9.09,0.91,0,0,2.73,21.82,1.82,109.1,1.82,3.64,33.46,30.91,37.27,15.45,1.82,30.91,70.91,14.55,5.45,52.73,19.09,1.82,20,0.91,19.09,21.1,297.3,40.91,0,42.6,12.73,200,0,6.36,7.27,1.82,11.82,8.18,1.82,10.91,36.36,2.73,62.73,5.45,72.73,1.82,95.45,0.91,16.36,243.6,28.18,0,0,1.82,95.45,3.64,10.91,109.1,1.59,1.04,1.82,32.35,27.14,0,33.5,29.03,0,0,0,0,0,48.57,38.42,27.59,85.71,36.21,0,23.08,100,25,85.71,70.8,100,87.5,50,52.94,81.96,68.89,50,0,50,33.33,87.5,0,8.696,2,34,11,0,34,40,0,3,3,12,2,0,128,70,19,0,0,0,7,203,68,31,9,113,23,0,0,0,0,0,11,10,1,0,0,3,24,2,120,2,4,34,41,17,82,1,1,2,34,78,16,6,58,21,2,22,1,21,327,45,0,8.65,7,0,14,220,66,0,7,8,2,13,9,2,12,40,3,69,6,80,2,105,1,18,268,31,0,0,2,105,4,12,120,1.75,1.14,2
Petrolul 52,"Csikszereda Miercurea Ciuc - Petrolul 52, 1-1",2025-10-24 16:30:00,1,Away,60390,719,191642,4435361,5715785,0.91,26.36,0,30,30,90,67.27,0.91,8.18,10,3.64,6.36,109.1,48.18,12.73,0,0,0,13.01,7.27,141.8,54.55,23.64,11.82,115.5,13.64,1.82,1.82,0,0,0,13.64,12.73,1.82,0,0.91,4.55,34.55,1.82,84.55,3.64,8.18,23.48,40,14.55,7.27,0,27.27,61.82,15.45,1.82,52.73,22.73,0.91,12.73,0.91,34.55,19.62,280,34.55,0.91,41.3,9.09,183.6,0.91,5.45,8.18,1.82,10.91,12.73,1.82,8.18,28.18,1.82,73.64,4.55,78.18,1.82,71.82,2.73,17.27,222.7,16.36,0.91,0.91,0.91,71.82,2.73,9.09,84.55,1.5,1.84,1.82,44.83,26.42,0,38.46,50,0,0,0,8.333,0,56.6,43.59,29.31,25,43.1,100,33.33,93.94,18.18,62.5,67.72,100,84.95,75,43.18,79.55,47.37,33.33,50,33.33,20,84.95,0,13.33,1,29,13,0,33,33,0,1,9,11,4,7,120,53,14,0,0,0,8,156,60,26,13,127,15,2,2,0,0,0,15,14,2,0,1,5,38,2,93,4,9,44,16,8,99,1,1,0,30,68,17,2,58,25,1,14,1,38,308,38,1,14.7,6,0,10,202,74,1,6,9,2,12,14,2,9,31,2,81,5,86,2,79,3,19,245,18,1,1,1,79,3,10,93,1.65,2.02,2
Petrolul 52,"Petrolul 52 - Universitatea Craiova, 0-4",2026-01-19 19:00:00,0,Home,60390,719,191642,4435361,5715854,5.45,16.36,0,49.09,62.73,110,71.82,3.64,2.73,20,3.64,11.82,119.1,67.27,20,0,0,0,23.34,20,152.7,57.27,15.45,3.64,145.4,12.73,0.91,0.91,0,0,0.91,3.64,3.64,0.91,0,0,0,35.45,1.82,159.1,7.27,1.82,24.05,40,12.73,5.45,8.18,43.64,73.64,20,9.09,56.36,27.27,0.91,26.36,1.82,41.82,17.75,412.7,61.82,0,47.3,12.73,293.6,0,4.55,4.55,1.82,7.27,12.73,1.82,18.18,59.09,7.27,83.64,13.64,103.6,1.82,140,4.55,18.18,332.7,42.73,0,0,1.82,140,8.18,23.64,159.1,0.7,2.45,0,27.78,29.73,0,37.5,23.53,0,0,0,0,0,64.86,48.21,35.48,45.45,48.39,0,25,94.2,36.36,68.18,71.25,100,88,62.5,45.45,80.62,69.12,0,0,22.22,19.23,88,0,0,6,18,5,0,54,69,0,4,3,22,4,13,131,74,22,0,0,0,22,168,63,17,4,160,14,1,1,0,0,1,4,4,1,0,0,0,39,2,175,8,2,44,14,6,121,1,1,9,48,81,22,10,62,30,1,29,2,46,454,68,0,10.05,14,0,14,323,79,0,5,5,2,8,14,2,20,65,8,92,15,114,2,154,5,20,366,47,0,0,2,154,9,26,175,0.77,2.7,0
Rapid Bucureşti,"Rapid Bucureşti - Hermannstadt, 1-2",2025-09-21 20:00:00,0,Home,11566,719,191642,4435361,5715757,0.91,33.64,0.91,50,67.27,116.4,68.18,1.82,5.45,10.91,6.36,6.36,142.7,77.27,21.82,0.91,0,0,13.2,25.45,213.6,90.91,31.82,14.55,156.4,11.82,2.73,1.82,0,0,0.91,0,0,0.91,0,0.91,1.82,31.82,1.82,189.1,20.91,0.91,31.27,32.73,30.91,14.55,6.36,47.27,109.1,31.82,12.73,71.82,39.09,0.91,20,2.73,44.55,17.76,487.3,49.09,0,61.2,17.27,367.3,0,4.55,7.27,1.82,12.73,9.09,0.91,20.91,65.45,4.55,94.55,20,115.5,1.82,172.7,14.55,13.64,418.2,34.55,0,0,0,172.7,4.55,17.27,189.1,0.86,1.47,2.73,45.95,28.24,0,42.55,45.71,0,0,0,7.143,50,61.18,51.06,44.3,50,54.43,0,28.57,97.3,41.67,78.57,73.84,100,91.35,69.57,41.67,85.82,70.37,87.5,0,0,57.89,91.35,0,23.08,1,37,17,1,55,74,0,2,6,12,7,7,157,85,24,1,0,0,28,235,100,35,16,172,13,3,2,0,0,1,0,0,1,0,1,2,35,2,208,23,1,36,34,16,128,1,1,7,52,120,35,14,79,43,1,22,3,49,536,54,0,7.6,11,0,19,404,75,0,5,8,2,14,10,1,23,72,5,104,22,127,2,190,16,15,460,38,0,0,0,190,5,19,208,0.95,1.62,3
Universitatea Cluj,"Universitatea Cluj - Petrolul 52, 1-1",2025-08-09 20:30:00,1,Home,60374,719,191642,4435361,5715717,1.82,31.82,0.91,33.64,81.82,106.4,83.64,0.91,2.73,12.73,2.73,0.91,114.5,42.73,10.91,0,0,0,12.24,14.55,153.6,51.82,31.82,13.64,166.4,10.91,2.73,0,0,0,0.91,5.45,4.55,1.82,0,0.91,0.91,40,1.82,217.3,11.82,1.82,22.15,40,20.91,6.36,4.55,21.82,61.82,20,5.45,58.18,20.91,0.91,20.91,0.91,26.36,17.13,560.9,70,0,65.4,17.27,443.6,0,3.64,2.73,1.82,5.45,5.45,0.91,10.91,79.09,4.55,75.45,7.27,128.2,1.82,197.3,10.91,21.82,490,50.91,0,0,3.64,197.3,7.27,10,217.3,0.81,0.33,1.82,42.86,25.53,0,33.73,42.86,0,0,0,16.67,0,51.06,40.24,34.38,37.5,35.94,0,16.67,96.67,35.71,50,77.05,100,90.79,92.31,54.55,87.36,72.73,66.67,0,50,36.36,90.79,0,16.67,2,35,15,1,37,90,0,1,3,14,3,1,126,47,12,0,0,0,16,169,57,35,15,183,12,3,0,0,0,1,6,5,2,0,1,1,44,2,239,13,2,44,23,7,117,1,1,5,24,68,22,6,64,23,1,23,1,29,617,77,0,6.47,19,0,19,488,92,0,4,3,2,6,6,1,12,87,5,83,8,141,2,217,12,24,539,56,0,0,4,217,8,11,239,0.89,0.36,2
Botoşani,"Unirea Slobozia - Botoşani, 0-1",2025-11-30 16:30:00,3,Away,11634,719,191642,4435361,5715822,2.76,48.67,0.92,26.63,47.76,146,88.16,0,5.51,6.43,2.76,3.67,135,48.67,10.1,0,0,0,13.16,12.86,191,67.96,44.08,19.29,169.9,21.12,1.84,0.92,0,0,0,6.43,6.43,2.76,0,0.92,0.92,37.65,1.84,124,7.35,2.76,24.13,58.78,33.06,12.86,8.27,28.47,82.65,19.29,6.43,60.61,22.96,2.76,29.39,3.67,45.92,18.84,387.6,57.86,0,59.5,13.78,243.4,0,3.67,5.51,1.84,5.51,7.35,1.84,10.1,42.24,0.92,88.16,8.27,108.4,0.92,109.3,6.43,30.31,294.8,35.82,0,0,0.92,109.3,2.76,11.94,124,0.26,0.59,5.51,45.28,20.75,0,35.58,43.75,0,0,0,16.67,100,58.49,43.27,31.82,50,37.88,0,50,88.46,14.29,64.29,63.78,50,88.15,87.5,51.56,76.07,61.9,66.67,0,33.33,38.46,88.15,100,26.09,3,53,24,1,29,52,1,0,6,7,3,4,147,53,11,0,0,0,14,208,74,48,21,185,23,2,1,0,0,0,7,7,3,0,1,1,41,2,135,8,3,64,36,14,159,1,1,9,31,90,21,7,66,25,3,32,4,50,422,63,0,6.13,5,0,15,265,96,0,4,6,2,6,8,2,11,46,1,96,9,118,1,119,7,33,321,39,0,0,1,119,3,13,135,0.28,0.64,6
CFR Cluj,"Universitatea Cluj - CFR Cluj, 2-1",2026-03-16 19:30:00,0,Away,11611,719,191642,4437530,5823152,0.92,26.63,0.92,44.08,39.49,102.9,74.39,1.84,3.67,15.61,1.84,4.59,134.1,63.37,11.02,0,0,0,15.28,15.61,176.3,63.37,21.12,11.02,110.2,8.27,2.76,1.84,0,0,1.84,9.18,7.35,3.67,0,0.92,0.92,44.08,1.84,100.1,3.67,8.27,32.04,42.24,34.9,11.02,4.59,31.22,73.47,20.2,9.18,51.43,30.31,0,21.12,0,34.9,17.78,294.8,42.24,0,35.8,14.69,178.2,0,0.92,9.18,1.84,12.86,11.02,0,17.45,34.9,5.51,86.33,15.61,73.47,1.84,77.14,1.84,18.37,214.9,24.8,0,0,0.92,77.14,2.76,11.94,100.1,1.01,1.56,1.84,41.38,17.39,0,35.94,52.17,0,0,0,7.143,0,49.28,41.67,39.29,58.82,58.93,0,21.43,88.37,35.29,100,66.67,100,77.06,50,43.48,72.9,58.7,40,0,33.33,15.38,77.06,0,22.22,1,29,12,1,48,43,0,2,4,17,2,5,146,69,12,0,0,0,17,192,69,23,12,120,9,3,2,0,0,2,10,8,4,0,1,1,48,2,109,4,9,46,38,12,112,1,1,5,34,80,22,10,56,33,0,23,0,38,321,46,0,13,5,0,16,194,81,0,1,10,2,14,12,0,19,38,6,94,17,80,2,84,2,20,234,27,0,0,1,84,3,13,109,1.1,1.7,2
Dinamo Bucureşti,"Universitatea Craiova - Dinamo Bucureşti, 2-2",2025-09-26 20:00:00,1,Away,11564,719,191642,4435361,5715766,0,27.55,0,43.16,61.53,90.92,72.55,1.84,4.59,14.69,5.51,1.84,111.1,63.37,11.94,0,0,0,17.55,13.78,176.3,63.37,26.63,16.53,146,14.69,0.92,0,0,0,0,8.27,7.35,1.84,0,1.84,3.67,20.2,1.84,156.1,0,2.76,22.61,45.92,17.45,8.27,6.43,43.16,89.08,21.12,8.27,67.96,26.63,0.92,23.88,0,26.63,19.06,442.6,54.18,0,54,15.61,326.9,0,5.51,11.02,1.84,14.69,12.86,0,24.8,59.69,10.1,79.9,11.02,109.3,1.84,145.1,0,26.63,381.1,33.06,0,0,0,145.1,0,17.45,156.1,2.34,0.96,2.76,60,18.84,0,35.94,62.07,0,0,0,12.5,0,68.12,50.52,31.08,60,39.19,0,43.75,97.01,68.75,80,74.84,100,92.94,0,58,86.1,61.02,33.33,0,0,52.63,92.94,0,18.75,0,30,18,0,47,67,0,2,5,16,6,2,121,69,13,0,0,0,15,192,69,29,18,159,16,1,0,0,0,0,9,8,2,0,2,4,22,2,170,0,3,50,19,9,99,1,1,7,47,97,23,9,74,29,1,26,0,29,482,59,0,12.36,1,0,17,356,79,0,6,12,2,16,14,0,27,65,11,87,12,119,2,158,0,29,415,36,0,0,0,158,0,19,170,2.55,1.04,3
Oţelul,"Csikszereda Miercurea Ciuc - Oţelul, 1-1",2025-09-01 17:00:00,1,Away,11571,719,191642,4435361,5715737,2.76,48.67,0.92,53.27,73.47,113,85.41,0.92,3.67,17.45,5.51,6.43,144.2,65.2,12.86,0,0,0,14.68,25.71,230.5,80.82,45.92,20.2,130.4,18.37,2.76,1.84,0,0,0,7.35,5.51,4.59,0,0.92,1.84,30.31,1.84,136.8,9.18,4.59,29.47,59.69,49.59,18.37,10.1,36.73,100.1,24.8,13.78,67.04,29.39,1.84,28.47,0.92,35.82,19.34,413.3,51.43,0,60,8.27,281.9,0,2.76,5.51,1.84,10.1,14.69,0,22.96,70.71,7.35,87.24,19.29,93.67,1.84,116.6,7.35,30.31,337,29.39,0,0,3.67,116.6,8.27,15.61,136.8,0.72,1.69,2.76,41.51,19.72,0,35.06,44,0,0,0,9.091,50,56.34,43.43,36.99,53.57,43.84,0,18.18,96.25,42.11,75,71.83,100,85.23,80,50.77,81.56,57.14,50,0,44.44,29.41,85.23,0,15,3,53,22,1,58,80,0,1,4,19,6,7,157,71,14,0,0,0,28,251,88,50,22,142,20,3,2,0,0,0,8,6,5,0,1,2,33,2,149,10,5,65,54,20,123,1,1,11,40,109,27,15,73,32,2,31,1,39,450,56,0,5.18,4,0,9,307,93,0,3,6,2,11,16,0,25,77,8,95,21,102,2,127,8,33,367,32,0,0,4,127,9,17,149,0.78,1.84,3
Oţelul,"CFR Cluj - Oţelul, 1-0",2026-01-18 16:45:00,0,Away,11571,719,191642,4435361,5715852,0,34.9,0,56.02,62.45,116.6,101.9,0.92,1.84,16.53,6.43,5.51,135.9,54.18,13.78,0.92,0,0.92,21.3,27.55,205.7,91.84,33.98,15.61,164.4,13.78,3.67,0,0,0,0,6.43,6.43,2.76,0,0,0.92,46.84,1.84,145.1,3.67,4.59,28.78,58.78,34.9,17.45,10.1,35.82,104.7,34.9,14.69,81.73,44.08,0.92,24.8,4.59,35.82,17.86,439.9,63.37,0,60.9,12.86,296.6,0.92,1.84,5.51,1.84,11.94,8.27,0,25.71,62.45,8.27,99.18,20.2,108.4,1.84,132.2,2.76,30.31,360,37.65,0,0,0,132.2,6.43,10.1,145.1,1.1,0.62,2.76,47.37,25.42,0,44.64,45.95,0,0,0,0,100,66.1,50.89,42.7,53.33,53.93,0,23.08,100,50,73.33,65.92,100,91.14,75,51.56,81.84,59.42,50,0,0,36.36,91.14,0,20,0,38,18,0,61,68,0,1,2,18,7,6,148,59,15,1,0,1,30,224,100,37,17,179,15,4,0,0,0,0,7,7,3,0,0,1,51,2,158,4,5,64,38,19,127,1,1,11,39,114,38,16,89,48,1,27,5,39,479,69,0,4.77,2,0,14,323,111,1,2,6,2,13,9,0,28,68,9,108,22,118,2,144,3,33,392,41,0,0,0,144,7,11,158,1.2,0.68,3
Rapid Bucureşti,"CFR Cluj - Rapid Bucureşti, 1-0",2026-03-20 20:45:00,0,Away,11566,719,191642,4437530,5823759,0,29.39,0,60.61,57.86,105.6,89.08,0.92,4.59,22.04,1.84,2.76,126.7,70.71,14.69,0,0,0,13.42,29.39,194.7,76.22,29.39,14.69,125.8,10.1,1.84,0.92,0,0,0,1.84,1.84,6.43,0,0,1.84,26.63,1.84,154.3,11.94,3.67,27.05,33.98,22.04,8.27,5.51,37.65,90,29.39,14.69,72.55,38.57,0,31.22,0.92,33.98,17.3,400.4,42.24,0,50.9,22.04,294.8,0,0.92,4.59,1.84,9.18,16.53,0,27.55,56.02,10.1,78.98,22.04,96.43,1.84,135,9.18,18.37,337,30.31,0,0,0,135,0.92,23.88,154.3,0.65,3.65,0.92,50,20.78,0,39.15,50,0,0,0,0,0,53.25,46.23,40.51,50,53.16,0,30,96.83,45.83,75,76.64,100,87.5,76.92,54.05,84.17,71.74,60,0,0,46.15,87.5,0,9.091,0,32,16,0,66,63,0,1,5,24,2,3,138,77,16,0,0,0,32,212,83,32,16,137,11,2,1,0,0,0,2,2,7,0,0,2,29,2,168,13,4,37,24,9,115,1,1,6,41,98,32,16,79,42,0,34,1,37,436,46,0,11.96,1,0,24,321,97,0,1,5,2,10,18,0,30,61,11,86,24,105,2,147,10,20,367,33,0,0,0,147,1,26,168,0.71,3.97,1
Unirea Slobozia,"UTA Arad - Unirea Slobozia, 1-1",2025-08-22 18:00:00,1,Away,11663,719,191642,4435361,5715735,3.67,40.41,0,54.18,50.51,120.3,84.49,0.92,3.67,18.37,7.35,6.43,159.8,81.73,16.53,0.92,0,0,16.14,20.2,222.2,71.63,33.06,18.37,143.3,8.27,2.76,0,0,0,0.92,11.02,9.18,2.76,0,0.92,1.84,37.65,1.84,121.2,11.94,9.18,35.65,52.35,32.14,9.18,3.67,44.08,92.76,19.29,7.35,67.96,25.71,0.92,24.8,2.76,33.98,19.74,360,48.67,0,44.2,15.61,237.9,0,1.84,7.35,1.84,12.86,11.94,2.76,20.2,48.67,7.35,101.9,15.61,94.59,1.84,104.7,8.27,23.88,280.1,27.55,0,0.92,3.67,104.7,8.27,16.53,121.2,1.5,1.32,2.76,50,20.22,0,32.23,55.56,0,0,0,7.143,100,53.93,41.74,28.38,36.36,37.84,0,35.71,96.36,40,77.27,66.03,100,86.36,69.23,45.61,77.81,56.6,62.5,33.33,44.44,44.44,86.36,0,33.33,4,44,22,0,59,55,0,1,4,20,8,7,174,89,18,1,0,0,22,242,78,36,20,156,9,3,0,0,0,1,12,10,3,0,1,2,41,2,132,13,10,57,35,10,131,1,1,4,48,101,21,8,74,28,1,27,3,37,392,53,0,17.45,2,0,17,259,92,0,2,8,2,14,13,3,22,53,8,111,17,103,2,114,9,26,305,30,0,1,4,114,9,18,132,1.63,1.44,3
Argeș,"Argeș - Universitatea Cluj, 0-1",2026-03-21 19:30:00,0,Home,23334,719,191642,4437530,5823760,2.78,51.03,0,46.39,42.68,116,88.14,0.93,3.71,16.7,2.78,0.93,143.8,65.88,15.77,0,0,0,15.61,22.27,222.7,76.08,40.82,13.92,119.7,12.99,0,0,0,0,0,3.71,2.78,0.93,0,0,0.93,26.91,1.86,85.36,0.93,3.71,27.46,64.02,32.47,13.92,3.71,48.25,102.1,23.2,10.21,73.3,29.69,0.93,30.62,0,29.69,23.16,278.4,57.53,0,46.8,12.06,144.7,0,0,3.71,1.86,7.42,4.64,0,14.85,41.75,3.71,91.86,12.06,73.3,0.93,65.88,0.93,26.91,199.5,35.26,0,0,0,65.88,5.57,14.85,85.36,0.45,1.03,0.93,32.73,23.94,0,34.17,34.09,0,0,0,0,0,73.24,45.83,31.65,45.83,40.51,0,12.5,97.83,22.22,54.17,61.24,50,77.17,100,42.03,71.67,61.29,25,0,0,31.25,77.17,0,7.143,3,55,18,0,50,46,1,1,4,18,3,1,155,71,17,0,0,0,24,240,82,44,15,129,14,0,0,0,0,0,4,3,1,0,0,1,29,2,92,1,4,69,35,15,125,1,1,4,52,110,25,11,79,32,1,33,0,32,300,62,0,13.24,3,0,13,156,95,0,0,4,2,8,5,0,16,45,4,99,13,79,1,71,1,29,215,38,0,0,0,71,6,16,92,0.49,1.11,1
Metaloglobus,"Hermannstadt - Metaloglobus, 2-2",2025-07-18 18:00:00,1,Away,11943,719,191642,4435361,5715688,0.93,25.98,0.93,32.47,60.31,107.6,64.02,1.86,2.78,12.06,2.78,9.28,140.1,67.73,12.06,0,0,0,12.72,12.06,165.2,47.32,24.12,6.49,139.2,11.13,0.93,0.93,0,0,0,7.42,5.57,0.93,0,1.86,0.93,46.39,1.86,116.9,7.42,4.64,26.7,50.1,25.05,12.99,3.71,45.46,76.08,10.21,4.64,46.39,14.85,0.93,15.77,1.86,38.97,16.74,412,45.46,0,50,4.64,293.2,0,4.64,4.64,1.86,6.49,12.06,1.86,13.92,57.53,5.57,99.28,7.42,92.78,1.86,105.8,6.49,29.69,337.7,28.76,0,0,0.93,105.8,9.28,14.85,116.9,0.53,0.91,1.86,28.57,17.81,0,28.65,26.92,0,0,0,28.57,100,67.12,46.07,22,38.46,32,0,57.14,95.38,46.15,61.54,66.67,100,90.48,87.5,59.26,81.98,63.27,40,0,10,50,90.48,0,16.67,1,28,8,1,35,65,0,2,3,13,3,10,151,73,13,0,0,0,13,178,51,26,7,150,12,1,1,0,0,0,8,6,1,0,2,1,50,2,126,8,5,54,27,14,116,1,1,4,49,82,11,5,50,16,1,17,2,42,444,49,0,10.81,8,0,5,316,69,0,5,5,2,7,13,2,15,62,6,107,8,100,2,114,7,32,364,31,0,0,1,114,10,16,126,0.57,0.98,2
Rapid Bucureşti,"Rapid Bucureşti - Universitatea Cluj, 0-2",2026-01-31 19:00:00,0,Home,11566,719,191642,4435361,5715869,0,29.69,0,67.73,43.61,84.43,55.67,1.86,9.28,28.76,3.71,1.86,132.7,81.65,23.2,0.93,0,0,12.54,23.2,195.8,71.44,24.12,9.28,106.7,14.85,5.57,3.71,0,0,0.93,3.71,3.71,3.71,0,0,0.93,21.34,1.86,154.9,6.49,0.93,27.47,47.32,25.05,7.42,2.78,52.89,93.71,24.12,12.99,59.38,31.55,0.93,27.84,0,13.92,20.91,359.1,55.67,0,49,14.85,244.9,0,3.71,7.42,1.86,15.77,9.28,0,22.27,39.9,6.49,83.51,20.41,72.37,1.86,131.8,5.57,25.98,285.8,37.11,0,0,0,131.8,0.93,25.05,154.9,1.09,1.68,2.78,31.25,28.41,0,36.49,38.46,0,0,0,0,100,64.77,47.87,40.63,56,53.13,0,17.65,91.49,22.58,88,67.83,100,85.03,85.71,54.9,79.59,66.67,50,0,0,33.33,85.03,0,18.75,0,32,10,0,73,47,0,2,10,31,4,2,143,88,25,1,0,0,25,211,77,26,10,115,16,6,4,0,0,1,4,4,4,0,0,1,23,2,167,7,1,51,27,8,91,1,1,3,57,101,26,14,64,34,1,30,0,15,387,60,0,6.85,8,0,16,264,60,0,4,8,2,17,10,0,24,43,7,90,22,78,2,142,6,28,308,40,0,0,0,142,1,27,167,1.17,1.81,3
Argeș,"Csikszereda Miercurea Ciuc - Argeș, 0-2",2025-12-06 16:00:00,3,Away,23334,719,191642,4435361,5715827,0.94,33.75,0,46.88,45,99.38,66.56,0,3.75,15.94,2.81,5.63,124.7,59.06,15,0,0,0,13.89,19.69,169.7,73.13,30.94,14.06,120,15.94,1.88,0,0,0,0,9.38,7.5,0,0,1.88,1.88,31.88,1.88,134.1,0,6.56,31.14,61.88,22.5,9.38,3.75,37.5,87.19,25.31,13.13,54.38,33.75,1.88,17.81,0,35.63,20.9,347.8,40.31,0.94,50,12.19,232.5,0,2.81,4.69,1.88,11.25,6.56,0,21.56,45,5.63,84.38,18.75,77.81,1.88,117.2,0,36.56,273.8,24.38,0,0,0,117.2,0,18.75,134.1,1.7,0.13,2.81,44.44,25.4,0,43.09,45.45,0,0,0,8.333,0,63.49,51.38,46.55,66.67,62.07,0,25,100,35.29,95.24,64.84,100,87.41,0,59.09,78.71,60.47,60,0,0,30,87.41,100,17.65,1,36,16,0,50,48,1,0,4,17,3,6,133,63,16,0,0,0,21,181,78,33,15,128,17,2,0,0,0,0,10,8,0,0,2,2,34,2,143,0,7,66,24,10,106,1,1,4,40,93,27,14,58,36,2,19,0,38,371,43,1,11.28,5,0,13,248,71,0,3,5,2,12,7,0,23,48,6,90,20,83,2,125,0,39,292,26,0,0,0,125,0,20,143,1.81,0.14,3
Argeș,"Argeș - Unirea Slobozia, 0-0",2026-03-08 16:00:00,1,Home,23334,719,191642,4435361,5715917,3.75,44.06,0,51.56,46.88,133.1,83.44,0,4.69,25.31,3.75,2.81,120,45,12.19,0,0,0,19.18,15.94,176.2,85.31,38.44,26.25,149.1,8.44,0,0,0,0,0.94,10.31,10.31,1.88,0,0,2.81,30.94,1.88,197.8,8.44,5.63,33.78,51.56,37.5,21.56,9.38,30,96.56,15.94,8.44,49.69,22.5,1.88,30,0.94,25.31,20.82,438.8,70.31,0,65.2,10.31,288.8,0,4.69,8.44,1.88,9.38,6.56,0.94,18.75,39.38,8.44,90,13.13,96.56,1.88,161.2,4.69,27.19,330,42.19,0,0,3.75,161.2,7.5,25.31,197.8,0.27,0.23,0.94,65.96,27.08,0,48.4,68.29,0,0,0,0,66.67,66.67,54.79,32.08,52.94,45.28,0,20,84,33.33,82.35,64.78,100,81.52,55.56,52.73,75.21,60,44.44,0,50,33.33,81.52,0,11.11,4,47,31,0,55,50,1,0,5,27,4,3,128,48,13,0,0,0,17,188,91,41,28,159,9,0,0,0,0,1,11,11,2,0,0,3,33,2,211,9,6,55,40,23,142,1,1,10,32,103,17,9,53,24,2,32,1,27,468,75,0,6.64,0,0,11,308,89,0,5,9,2,10,7,1,20,42,9,96,14,103,2,172,5,29,352,45,0,0,4,172,8,27,211,0.29,0.25,1
Botoşani,"Farul Constanţa - Botoşani, 2-0",2025-11-07 19:30:00,0,Away,11634,719,191642,4435361,5715802,3.75,25.31,0,46.88,41.25,99.38,60.94,1.88,3.75,9.38,2.81,5.63,108.8,48.75,9.38,0.94,0,0.94,30.52,27.19,135.9,58.13,23.44,9.38,113.4,7.5,1.88,0.94,0,0,0.94,11.25,9.38,4.69,0,0,1.88,34.69,1.88,107.8,0,2.81,21.02,42.19,8.44,6.56,3.75,30.94,72.19,25.31,15,53.44,32.81,0,19.69,0.94,33.75,17.51,298.1,32.81,0,40,8.44,197.8,0.94,10.31,6.56,1.88,10.31,14.06,0,20.63,36.56,2.81,75,17.81,75.94,1.88,94.69,0,16.88,231.6,14.06,0,0,0,94.69,3.75,15,107.8,0.91,1.9,0,37.04,19.23,0,42.76,40,0,0,0,0,50,63.46,53.1,47.37,55.17,61.4,0,27.27,88.64,30,65.52,66.94,100,87.83,0,40,77.67,42.86,71.43,0,0,37.5,87.83,0,0,4,27,10,0,50,44,0,2,4,10,3,6,116,52,10,1,0,1,29,145,62,25,10,121,8,2,1,0,0,1,12,10,5,0,0,2,37,2,115,0,3,45,9,7,106,1,1,4,33,77,27,16,57,35,0,21,1,36,318,35,0,16.95,14,0,9,211,65,1,11,7,2,11,15,0,22,39,3,80,19,81,2,101,0,18,247,15,0,0,0,101,4,16,115,0.97,2.03,0
CFR Cluj,"Farul Constanţa - CFR Cluj, 1-2",2026-02-28 19:00:00,3,Away,11611,719,191642,4435361,5715904,0,30.94,1.88,27.19,52.5,106.9,73.13,0.94,0.94,6.56,6.56,6.56,124.7,62.81,17.81,0,0,0,10.08,10.31,168.8,66.56,19.69,7.5,108.8,13.13,0.94,0.94,0,0,2.81,8.44,6.56,0,0,1.88,0,30.94,1.88,85.31,2.81,8.44,34.23,50.63,28.13,15.94,0.94,44.06,87.19,15.94,3.75,46.88,21.56,0.94,25.31,0.94,36.56,18.57,304.7,46.88,0,35.1,9.38,188.4,0,0.94,5.63,1.88,10.31,7.5,0,6.56,47.81,0,86.25,7.5,66.56,1.88,63.75,0.94,19.69,220.3,24.38,0,0,0.94,63.75,3.75,6.56,85.31,0.54,0.67,0,36.36,28.36,0,39.44,38.1,0,0,0,18.18,0,70.15,51.67,34,36.36,46,0,27.27,91.07,0,72.73,61.21,100,74.73,33.33,38.89,72.31,52,50,0,25,42.86,74.73,100,0,0,33,12,2,29,56,0,1,1,7,7,7,133,67,19,0,0,0,11,180,71,21,8,116,14,1,1,0,0,3,9,7,0,0,2,0,33,2,91,3,9,54,30,17,114,1,1,1,47,93,17,4,50,23,1,27,1,39,325,50,0,17.57,2,0,10,201,78,0,1,6,2,11,8,0,7,51,0,92,8,71,2,68,1,21,235,26,0,0,1,68,4,7,91,0.58,0.71,0
Csikszereda Miercurea Ciuc,"Csikszereda Miercurea Ciuc - FCS Bucureşti, 1-1",2025-09-14 20:00:00,1,Home,22731,719,191642,4435361,5715745,0,16.88,0,39.38,36.56,94.69,56.25,0.94,4.69,7.5,0.94,7.5,111.6,53.44,4.69,0,0,0,14.81,21.56,150.9,50.63,16.88,4.69,116.2,12.19,0.94,0.94,0,0,1.88,6.56,6.56,8.44,0,0.94,0,41.25,1.88,108.8,6.56,3.75,25.24,37.5,21.56,9.38,0.94,24.38,67.5,29.06,17.81,59.06,31.88,0.94,13.13,0,25.31,18.36,299.1,47.81,0,44.9,11.25,186.6,0,5.63,3.75,1.88,8.44,19.69,1.88,24.38,32.81,1.88,70.31,18.75,75,1.88,95.63,3.75,22.5,228.8,28.13,0,0,0,95.63,2.81,11.25,108.8,0.56,2.31,0.94,27.78,8.77,0,33.54,27.78,0,0,0,0,0,45.61,44.72,49.21,82.61,53.97,0,55.56,89.74,25,86.96,64.52,100,87.93,57.14,60,76.49,58.82,100,0,0,41.67,87.93,0,7.692,0,18,5,0,42,39,0,1,5,8,1,8,119,57,5,0,0,0,23,161,54,18,5,124,13,1,1,0,0,2,7,7,9,0,1,0,44,2,116,7,4,40,23,10,101,1,1,1,26,72,31,19,63,34,1,14,0,27,319,51,0,9.41,3,0,12,199,60,0,6,4,2,9,21,2,26,35,2,75,20,80,2,102,4,24,244,30,0,0,0,102,3,12,116,0.6,2.46,1
Dinamo Bucureşti,"Argeș - Dinamo Bucureşti, 1-1",2025-10-24 19:30:00,1,Away,11564,719,191642,4435361,5715786,0,42.19,0.94,30,80.63,103.1,77.81,0.94,2.81,15,1.88,0.94,124.7,61.88,11.25,0,0,0,18.38,10.31,199.7,70.31,40.31,19.69,179.1,8.44,1.88,0,0,0,0,5.63,5.63,0.94,0,0.94,1.88,20.63,1.88,167.8,1.88,0.94,25.28,42.19,28.13,13.13,0.94,44.06,99.38,21.56,6.56,67.5,25.31,2.81,23.44,1.88,38.44,18.66,500.6,60,0,63.3,12.19,372.2,0,4.69,2.81,1.88,4.69,2.81,0,13.13,73.13,2.81,85.31,8.44,146.2,1.88,149.1,0.94,30,430.3,45,0,0,2.81,149.1,2.81,9.38,167.8,0.43,0.08,0.94,48.89,18.18,0,35.21,48.84,0,0,0,20,100,71.21,49.77,31.94,63.64,37.5,0,80,90.7,18.75,81.82,81.68,100,88.83,50,71.11,85.96,75,100,0,100,40,88.83,0,11.11,0,45,22,1,32,86,0,1,3,16,2,1,133,66,12,0,0,0,11,213,75,43,21,191,9,2,0,0,0,0,6,6,1,0,1,2,22,2,179,2,1,45,30,14,110,1,1,1,47,106,23,7,72,27,3,25,2,41,534,64,0,8.04,2,0,13,397,83,0,5,3,2,5,3,0,14,78,3,91,9,156,2,159,1,32,459,48,0,0,3,159,3,10,179,0.46,0.08,1
Dinamo Bucureşti,"Hermannstadt - Dinamo Bucureşti, 1-2",2026-01-23 19:00:00,3,Away,11564,719,191642,4435361,5715858,0,32.81,0,36.56,71.25,102.2,67.5,0.94,7.5,9.38,0.94,5.63,102.2,42.19,8.44,0.94,0,0,12.35,17.81,151.9,57.19,30.94,14.06,165.9,12.19,2.81,1.88,0,0,0,5.63,3.75,2.81,0,1.88,0,27.19,1.88,264.4,26.25,2.81,25.35,37.5,19.69,6.56,3.75,24.38,70.31,24.38,11.25,57.19,27.19,0.94,15.94,0,29.06,17.58,581.2,56.25,0,71.4,19.69,467.8,0,2.81,4.69,1.88,8.44,8.44,0.94,15.94,69.38,0.94,66.56,9.38,131.2,1.88,248.4,21.56,23.44,511.9,35.63,0,0,2.81,248.4,5.63,15.94,264.4,0.75,1.03,3.75,45.71,20,0,37.65,45.45,0,0,0,22.22,0,57.78,46.3,42.62,63.16,47.54,0,44.44,97.37,10,52.63,79.1,100,93.97,82.14,62.5,88.06,63.33,40,0,50,23.53,93.97,100,30.77,0,35,16,0,39,76,0,1,8,10,1,6,109,45,9,1,0,0,19,162,61,33,15,177,13,3,2,0,0,0,6,4,3,0,2,0,29,2,282,28,3,40,21,7,109,1,1,4,26,75,26,12,61,29,1,17,0,31,620,60,0,6.52,5,0,21,499,72,0,3,5,2,9,9,1,17,74,1,71,10,140,2,265,23,25,546,38,0,0,3,265,6,17,282,0.8,1.1,4
Farul Constanţa,"Farul Constanţa - Universitatea Craiova, 4-1",2026-02-01 16:15:00,3,Home,61242,719,191642,4435361,5715870,0,21.56,1.88,19.69,30.94,109.7,76.88,0.94,1.88,1.88,0.94,11.25,151.9,79.69,15.94,0.94,0.94,0,17.39,12.19,175.3,56.25,20.63,10.31,102.2,13.13,1.88,1.88,0,0,0.94,16.88,12.19,6.56,0,3.75,0.94,50.63,1.88,38.44,0,14.06,27.61,45,31.88,11.25,12.19,47.81,87.19,17.81,7.5,42.19,18.75,0.94,17.81,1.88,57.19,18.18,210.9,24.38,0,28.9,1.88,101.2,0,2.81,2.81,1.88,5.63,24.38,0,11.25,28.13,0,108.8,7.5,47.81,1.88,25.31,0,15.94,132.2,9.38,0,0,2.81,25.31,4.69,8.44,38.44,0.93,2.68,0.94,47.83,20,100,32.09,50,0,0,0,66.67,0,60,49.73,42.22,61.54,44.44,0,66.67,90.91,0,61.54,46.79,100,65.85,0,35.42,62.67,38.46,66.67,0,60,33.33,65.85,100,7.143,0,23,11,2,21,33,0,1,2,2,1,12,162,85,17,1,1,0,13,187,60,22,11,109,14,2,2,0,0,1,18,13,7,0,4,1,54,2,41,0,15,48,34,12,117,1,1,13,51,93,19,8,45,20,1,19,2,61,225,26,0,12.93,14,0,2,108,82,0,3,3,2,6,26,0,12,30,0,116,8,51,2,27,0,17,141,10,0,0,3,27,5,9,41,0.99,2.86,1
Farul Constanţa,"Farul Constanţa - CFR Cluj, 1-2",2026-02-28 19:00:00,0,Home,61242,719,191642,4435361,5715904,1.88,30.94,0,55.31,90.94,129.4,78.75,1.88,1.88,20.63,1.88,7.5,105,46.88,12.19,0,0,0,24.94,24.38,168.8,61.88,30.94,11.25,174.4,8.44,2.81,2.81,0,0,0,5.63,5.63,0.94,0,0.94,1.88,27.19,1.88,198.8,1.88,4.69,35.47,63.75,28.13,9.38,4.69,30.94,70.31,18.75,10.31,62.81,29.06,0.94,24.38,0.94,35.63,18.87,540.9,75,0,64.9,22.5,395.6,0,6.56,3.75,1.88,7.5,10.31,2.81,16.88,87.19,5.63,69.38,17.81,123.8,1.88,178.1,1.88,35.63,452.8,53.44,0,0,4.69,178.1,11.25,12.19,198.8,0.67,0.54,0,36.36,26,0,36.67,36.36,0,0,0,12.5,0,66,41.67,29.85,42.31,46.27,0,12.5,95.88,27.27,73.08,70.97,100,89.62,100,55.88,83.71,71.25,50,0,41.67,23.08,89.62,0,0,2,33,12,0,59,97,0,2,2,22,2,8,112,50,13,0,0,0,26,180,66,33,12,186,9,3,3,0,0,0,6,6,1,0,1,2,29,2,212,2,5,68,30,10,138,1,1,5,33,75,20,11,67,31,1,26,1,38,577,80,0,9.88,9,0,24,422,84,0,7,4,2,8,11,3,18,93,6,74,19,132,2,190,2,38,483,57,0,0,5,190,12,13,212,0.71,0.58,0
Hermannstadt,"UTA Arad - Hermannstadt, 1-0",2025-07-26 17:30:00,0,Away,55427,719,191642,4435361,5715698,0.94,31.88,0,47.81,41.25,113.4,83.44,0.94,4.69,18.75,4.69,1.88,113.4,60,18.75,0,0,0,12.78,19.69,195,74.06,27.19,12.19,149.1,4.69,2.81,1.88,0,0,0.94,3.75,3.75,1.88,0,0,0,21.56,1.88,120.9,13.13,1.88,28.95,54.38,29.06,12.19,10.31,42.19,90,21.56,8.44,74.06,29.06,1.88,26.25,0.94,39.38,18.44,379.7,49.69,0,46,12.19,246.6,0,5.63,6.56,1.88,8.44,8.44,0.94,14.06,38.44,3.75,77.81,12.19,99.38,1.88,107.8,12.19,28.13,295.3,32.81,0,0.94,1.88,107.8,4.69,14.06,120.9,0.64,0.84,0.94,44.12,31.25,0,37.98,44.83,0,0,0,0,0,70.31,46.15,29.11,42.86,39.24,0,11.11,93.18,20,61.9,66.67,100,89.15,92.86,51.72,77.78,66.04,28.57,100,40,20,89.15,0,20,1,34,15,0,51,44,0,1,5,20,5,2,121,64,20,0,0,0,21,208,79,29,13,159,5,3,2,0,0,1,4,4,2,0,0,0,23,2,129,14,2,58,31,13,121,1,1,11,45,96,23,9,79,31,2,28,1,42,405,53,0,16.09,15,0,13,263,89,0,6,7,2,9,9,1,15,41,4,83,13,106,2,115,13,30,315,35,0,1,2,115,5,15,129,0.68,0.9,1
Hermannstadt,"Hermannstadt - Botoşani, 3-1",2026-02-27 16:00:00,3,Home,55427,719,191642,4435361,5715907,2.81,39.38,0.94,40.31,47.81,120.9,90,0.94,9.38,14.06,1.88,2.81,124.7,40.31,8.44,0,0,0,11.43,16.88,175.3,71.25,39.38,20.63,141.6,17.81,2.81,0.94,0,0,3.75,5.63,3.75,3.75,0,2.81,3.75,45,1.88,57.19,3.75,4.69,26.79,45.94,24.38,12.19,6.56,20.63,81.56,28.13,11.25,71.25,30,1.88,36.56,1.88,33.75,18.97,299.1,46.88,0,42.2,15,175.3,0,0.94,4.69,1.88,7.5,9.38,1.88,19.69,44.06,1.88,86.25,12.19,93.75,1.88,39.38,2.81,26.25,218.4,30,0,1.88,1.88,39.38,1.88,17.81,57.19,1.94,0.5,3.75,52.38,20.93,0,40.64,52.38,0,0,0,37.5,100,51.16,46.52,39.47,66.67,42.11,0,62.5,92.16,13.33,72.22,66.23,100,68.85,75,57.14,73.04,64,60,100,100,47.37,68.85,100,21.05,3,42,22,1,43,51,0,1,10,15,2,3,133,43,9,0,0,0,18,187,76,42,22,151,19,3,1,0,0,4,6,4,4,0,3,4,48,2,61,4,5,49,26,13,129,1,1,7,22,87,30,12,76,32,2,39,2,36,319,50,0,8.55,12,0,16,187,96,0,1,5,2,8,10,2,21,47,2,92,13,100,2,42,3,28,233,32,0,2,2,42,2,19,61,2.07,0.53,4
Metaloglobus,"Metaloglobus - Rapid Bucureşti, 1-2",2025-08-22 20:30:00,0,Home,11943,719,191642,4435361,5715731,1.88,27.19,0.94,54.38,75,122.8,86.25,1.88,8.44,21.56,1.88,5.63,125.6,62.81,9.38,0.94,0,0,15.79,21.56,172.5,58.13,27.19,10.31,158.4,17.81,2.81,0.94,0,0,0.94,5.63,5.63,5.63,0,0.94,0.94,35.63,1.88,142.5,6.56,1.88,23.47,32.81,23.44,9.38,8.44,26.25,67.5,21.56,7.5,59.06,29.06,0,41.25,1.88,29.06,18.28,448.1,71.25,0,57.1,15.94,321.6,0,3.75,6.56,1.88,11.25,15,0,17.81,72.19,6.56,72.19,13.13,120.9,1.88,117.2,4.69,16.88,365.6,53.44,0,0,1.88,117.2,6.56,17.81,142.5,0.56,2.57,1.88,37.93,14.93,0,33.7,37.93,0,0,0,8.333,0,41.79,39.13,36.51,34.78,49.21,0,33.33,96.25,30.43,60.87,76.33,100,82.24,71.43,51.43,81.59,75,42.86,0,28.57,26.32,82.24,0,10.53,2,29,11,1,58,80,0,2,9,23,2,6,134,67,10,1,0,0,23,184,62,29,11,169,19,3,1,0,0,1,6,6,6,0,1,1,38,2,152,7,2,35,25,10,131,1,1,9,28,72,23,8,63,31,0,44,2,31,478,76,0,6.67,14,0,17,343,92,0,4,7,2,12,16,0,19,77,7,77,14,129,2,125,5,18,390,57,0,0,2,125,7,19,152,0.6,2.74,2
Oţelul,"Oţelul - UTA Arad, 2-2",2026-02-20 16:00:00,1,Home,11571,719,191642,4435361,5715903,2.81,40.31,0,60.94,55.31,134.1,89.06,1.88,4.69,14.06,6.56,7.5,156.6,75,17.81,0.94,0.94,0,25.87,30,237.2,94.69,36.56,15,144.4,10.31,5.63,3.75,0,0,0,6.56,6.56,4.69,0,1.88,1.88,41.25,1.88,117.2,19.69,2.81,22.59,45.94,42.19,21.56,4.69,53.44,117.2,26.25,15,79.69,39.38,0,27.19,1.88,64.69,19.32,353.4,47.81,0.94,53.5,11.25,225.9,0,3.75,10.31,1.88,15.94,13.13,0.94,25.31,47.81,5.63,110.6,19.69,102.2,1.88,99.38,14.06,20.63,273.8,30,0.94,0.94,0,99.38,0.94,14.06,117.2,1.82,0.98,0.94,39.53,23.75,100,39.92,41.03,0,0,0,11.77,0,71.25,49.41,32.94,50,49.41,100,23.53,86.44,40,65.63,70.78,100,84.8,71.43,44.9,77.45,62.75,27.27,100,0,20,84.8,0,9.091,3,43,17,0,65,59,0,2,5,15,7,8,167,80,19,1,1,0,32,253,101,39,16,154,11,6,4,0,0,0,7,7,5,0,2,2,44,2,125,21,3,49,45,23,143,1,1,5,57,125,28,16,85,42,0,29,2,69,377,51,1,8.5,5,0,12,241,95,0,4,11,2,17,14,1,27,51,6,118,21,109,2,106,15,22,292,32,1,1,0,106,1,15,125,1.94,1.05,1
Petrolul 52,"Petrolul 52 - Farul Constanţa, 0-1",2026-01-25 13:30:00,0,Home,60390,719,191642,4435361,5715859,2.81,50.63,0,71.25,45.94,150,109.7,0.94,7.5,28.13,5.63,3.75,144.4,61.88,19.69,1.88,0,0,29.43,29.06,217.5,109.7,50.63,31.88,139.7,13.13,4.69,1.88,0,0,2.81,0.94,0.94,0.94,0,0,5.63,31.88,1.88,105,4.69,2.81,22.13,50.63,27.19,15,5.63,38.44,120.9,35.63,15.94,77.81,43.13,2.81,46.88,0,32.81,19.28,359.1,60,0,58.1,18.75,204.4,0,0,9.38,1.88,14.06,4.69,0,26.25,42.19,9.38,102.2,21.56,90.94,1.88,78.75,2.81,21.56,258.8,37.5,0,0,0.94,78.75,3.75,22.5,105,1.01,0.88,1.88,62.96,31.82,0,50.43,62.96,0,0,0,0,0,62.12,55.6,45.78,54.84,55.42,0,6.67,91.84,33.33,74.19,65.1,100,75,60,42.59,72.06,62.5,60,0,25,33.33,75,0,14.29,3,54,34,0,76,49,0,1,8,30,6,4,154,66,21,2,0,0,31,232,117,54,34,149,14,5,2,0,0,3,1,1,1,0,0,6,34,2,112,5,3,54,29,16,160,1,1,6,41,129,38,17,83,46,3,50,0,35,383,64,0,6.89,3,0,20,218,117,0,0,10,2,15,5,0,28,45,10,109,23,97,2,84,3,23,276,40,0,0,1,84,4,24,112,1.08,0.94,2
Rapid Bucureşti,"Botoşani - Rapid Bucureşti, 0-0",2025-12-08 19:30:00,1,Away,11566,719,191642,4435361,5715829,3.75,29.06,0,28.13,55.31,117.2,96.56,0,0.94,9.38,1.88,5.63,151.9,60.94,16.88,0,0,0,18.16,11.25,206.2,80.63,29.06,11.25,118.1,15,0,0,0,0,2.81,4.69,2.81,5.63,0,0,1.88,61.88,1.88,68.44,5.63,3.75,30.17,47.81,51.56,19.69,6.56,31.88,93.75,30.94,7.5,64.69,32.81,0,25.31,1.88,51.56,15.65,300,28.13,0,45.2,10.31,187.5,0,1.88,3.75,1.88,7.5,14.06,0,12.19,53.44,3.75,105,6.56,83.44,1.88,54.38,3.75,25.31,237.2,15,0,0,0.94,54.38,4.69,11.25,68.44,0.89,0.59,1.88,38.71,27.69,0,39.09,38.71,0,0,0,0,0,52.31,45.45,47.83,66.67,50.72,0,12.5,96.61,40,58.33,70.63,100,79.45,66.67,52.94,79.06,53.33,0,0,20,33.33,79.45,0,12.5,4,31,12,0,30,59,1,0,1,10,2,6,162,65,18,0,0,0,12,220,86,31,12,126,16,0,0,0,0,3,5,3,6,0,0,2,66,2,73,6,4,51,55,21,125,1,1,7,34,100,33,8,69,35,0,27,2,55,320,30,0,6.3,19,0,11,200,103,0,2,4,2,8,15,0,13,57,4,112,7,89,2,58,4,27,253,16,0,0,1,58,5,12,73,0.95,0.63,2
CFR Cluj,"Oţelul - CFR Cluj, 4-1",2025-08-24 15:15:00,0,Away,11611,719,191642,4435361,5715732,0.95,39.79,0.95,25.58,32.21,111.8,67.26,3.79,4.74,9.47,5.68,4.74,125,46.42,17.05,0,0,0.95,3.51,3.79,174.3,73.89,32.21,16.11,95.68,3.79,0.95,0.95,0,0,1.89,3.79,1.89,0.95,0,0.95,0.95,38.84,1.89,103.3,0.95,4.74,26.89,43.58,38.84,17.05,1.89,36.95,93.79,18.95,2.84,49.26,18.95,1.89,19.89,0,33.16,20.5,265.3,46.42,0,36.7,4.74,159.2,0.95,4.74,7.58,1.89,12.32,7.58,0,10.42,31.26,2.84,96.63,3.79,60.63,1.89,85.26,0.95,15.16,201.8,24.63,0,0,0,85.26,0,12.32,103.3,0.88,2.05,0.95,52.38,36.73,0,42.39,50,0,0,0,7.692,0,79.59,53.8,38.46,75,38.46,0,38.46,97.06,30,100,63.37,100,82.57,100,34.78,76.07,53.06,50,0,0,30.77,82.57,0,25,1,42,22,1,27,34,0,4,5,10,6,5,132,49,18,0,0,1,4,184,78,34,17,101,4,1,1,0,0,2,4,2,1,0,1,1,41,2,109,1,5,46,41,18,118,1,1,2,39,99,20,3,52,20,2,21,0,35,280,49,0,13.93,0,0,5,168,71,1,5,8,2,13,8,0,11,33,3,102,4,64,2,90,1,16,213,26,0,0,0,90,0,13,109,0.93,2.16,1
Csikszereda Miercurea Ciuc,"Csikszereda Miercurea Ciuc - Botoşani, 1-0",2026-01-18 14:30:00,3,Home,22731,719,191642,4435361,5715848,0.95,32.21,0,36,36.95,164.8,98.53,0,3.79,8.53,0.95,13.26,161.1,64.42,14.21,0,0,0,17.11,18,185.7,86.21,31.26,18.95,139.3,11.37,4.74,0,0,0,0,4.74,1.89,6.63,0,0.95,0,64.42,1.89,37.89,0.95,4.74,24.02,69.16,32.21,19.89,7.58,43.58,108,25.58,9.47,56.84,33.16,2.84,18,0.95,74.84,18.78,253.9,46.42,0,36.6,5.68,98.53,0,0,3.79,1.89,9.47,16.11,0,17.05,33.16,3.79,127,12.32,56.84,1.89,26.53,0.95,21.79,140.2,11.37,0,0,1.89,26.53,7.58,18.95,37.89,1.36,1.66,1.89,58.82,22.06,0,46.43,60.61,0,0,0,10,0,67.65,58.16,45,52.63,58.33,0,40,89.74,44.44,68.42,40.82,100,70,100,31.51,55.22,24.49,50,0,25,50,70,100,16.67,1,34,20,0,38,39,1,0,4,9,1,14,170,68,15,0,0,0,19,196,91,33,20,147,12,5,0,0,0,0,5,2,7,0,1,0,68,2,40,1,5,73,34,21,174,1,1,8,46,114,27,10,60,35,3,19,1,79,268,49,0,12.6,2,0,6,104,104,0,0,4,2,10,17,0,18,35,4,134,13,60,2,28,1,23,148,12,0,0,2,28,8,20,40,1.44,1.75,2
Dinamo Bucureşti,"Dinamo Bucureşti - Universitatea Craiova, 1-1",2026-02-09 19:00:00,1,Home,11564,719,191642,4435361,5715886,0,48.32,0.95,22.74,49.26,123.2,81.47,0.95,0,3.79,0,5.68,141.2,60.63,12.32,0,0,0,21.01,11.37,208.4,63.47,47.37,15.16,140.2,15.16,1.89,1.89,0,0,0.95,4.74,4.74,2.84,0,0.95,1.89,32.21,1.89,86.21,4.74,3.79,20.17,48.32,39.79,12.32,1.89,31.26,75.79,17.05,4.74,59.68,23.68,1.89,26.53,1.89,44.53,16.21,320.2,36,0,44.7,7.58,191.4,0,1.89,2.84,1.89,3.79,9.47,3.79,9.47,47.37,0.95,78.63,5.68,91.89,0.95,72,3.79,30.32,246.3,21.79,0,1.89,2.84,72,6.63,5.68,86.21,0.75,0.69,1.89,31.37,20.31,0,30.45,32,0,0,0,25,50,51.56,36.36,28.57,41.67,39.68,0,50,96.15,25,50,65.54,50,83.52,80,62.75,76.92,60.53,66.67,50,42.86,33.33,83.52,0,12.5,0,51,16,1,24,52,0,1,0,4,0,6,149,64,13,0,0,0,12,220,67,50,16,148,16,2,2,0,0,1,5,5,3,0,1,2,34,2,91,5,4,51,42,13,130,1,1,2,33,80,18,5,63,25,2,28,2,47,338,38,0,10.76,19,0,8,202,86,0,2,3,2,4,10,4,10,50,1,83,6,97,1,76,4,32,260,23,0,2,3,76,7,6,91,0.79,0.73,2
FCS Bucureşti,"Argeș - FCS Bucureşti, 1-0",2026-01-16 19:00:00,0,Away,11565,719,191642,4435361,5715850,1.89,62.53,0,67.26,60.63,132.6,99.47,0.95,8.53,22.74,2.84,4.74,163.9,69.16,21.79,0,0,0,36.32,33.16,235.9,95.68,58.74,22.74,170.5,11.37,1.89,0.95,0,0,0.95,4.74,4.74,0.95,0,0,0,32.21,1.89,182.8,5.68,1.89,23.74,67.26,36.95,15.16,4.74,50.21,118.4,29.37,18,67.26,35.05,1.89,30.32,1.89,40.74,18.91,475.6,68.21,0,66.7,18,311.7,0,3.79,5.68,1.89,9.47,6.63,1.89,28.42,51.16,6.63,106.1,21.79,128.8,0.95,153.5,3.79,39.79,376.1,42.63,0,0,0,153.5,1.89,15.16,182.8,0.58,0.27,0,37.88,31.51,0,40.56,38.71,0,0,0,0,0,72.6,50.2,43.66,54.29,52.11,0,40,84.38,29.17,65.71,75.56,50,83.94,66.67,59.15,79.08,62.5,50,0,0,25,83.94,0,0,2,66,25,0,71,64,0,1,9,24,3,5,173,73,23,0,0,0,35,249,101,62,24,180,12,2,1,0,0,1,5,5,1,0,0,0,34,2,193,6,2,71,39,16,140,1,1,5,53,125,31,19,71,37,2,32,2,43,502,72,0,5.67,5,0,19,329,105,0,4,6,2,10,7,2,30,54,7,112,23,136,1,162,4,42,397,45,0,0,0,162,2,16,193,0.61,0.29,0
FCS Bucureşti,"FCS Bucureşti - Universitatea Cluj, 1-3",2026-03-07 19:00:00,0,Home,11565,719,191642,4435361,5715916,3.79,36.95,0,51.16,62.53,109,69.16,2.84,9.47,19.89,0.95,0.95,126,71.05,21.79,0,0,0,20.79,21.79,198,78.63,35.05,16.11,127,7.58,1.89,0.95,0,0,0,3.79,3.79,2.84,0,0.95,2.84,18,1.89,218.8,17.05,0,30.62,34.11,25.58,12.32,7.58,52.11,99.47,18,10.42,64.42,27.47,0.95,34.11,0,22.74,18.95,474.6,52.11,0,58,14.21,353.4,0,3.79,5.68,1.89,9.47,9.47,0,17.05,55.89,5.68,87.16,13.26,106.1,1.89,197.1,12.32,23.68,405.5,40.74,0,0,3.79,197.1,3.79,25.58,218.8,0.4,1.36,3.79,46.15,30.67,0,39.71,45.95,0,0,0,0,0,73.33,50.24,27.94,47.83,42.65,0,10,89.39,28.57,60.87,83.58,100,90.04,72.22,69.44,85.43,78.18,50,0,100,25.93,90.04,0,50,4,39,18,0,54,66,0,3,10,21,1,1,133,75,23,0,0,0,23,209,83,37,17,134,8,2,1,0,0,0,4,4,3,0,1,3,19,2,231,18,0,36,27,13,115,1,1,8,55,105,19,11,68,29,1,36,0,24,501,55,0,9.56,10,0,15,373,73,0,4,6,2,10,10,0,18,59,6,92,14,112,2,208,13,25,428,43,0,0,4,208,4,27,231,0.42,1.44,4
Oţelul,"Dinamo Bucureşti - Oţelul, 1-0",2025-11-29 19:45:00,0,Away,11571,719,191642,4435361,5715821,0,28.42,0,33.16,68.21,90.95,68.21,0.95,3.79,16.11,1.89,1.89,118.4,72.95,18,0,0,0,2.44,8.53,187.6,67.26,25.58,12.32,132.6,10.42,1.89,0.95,0,0,0,3.79,3.79,0,0,0,0.95,17.05,1.89,121.3,7.58,2.84,27.59,46.42,20.84,9.47,2.84,51.16,93.79,19.89,4.74,65.37,26.53,1.89,16.11,1.89,30.32,19.97,378.9,43.58,0,48.9,15.16,268.1,0,1.89,3.79,1.89,8.53,4.74,0,11.37,62.53,2.84,81.47,8.53,100.4,1.89,105.2,6.63,28.42,316.4,30.32,0,0,0,105.2,0,9.47,121.3,0.3,0.22,1.89,46.67,24.68,0,35.86,48.15,0,0,0,0,0,70.13,50,30.43,55.56,40.58,0,44.44,91.67,17.65,100,75.71,100,86.72,87.5,61.22,83.5,69.57,75,0,0,30,86.72,0,18.18,0,30,14,0,35,72,0,1,4,17,2,2,125,77,19,0,0,0,9,198,71,27,13,140,11,2,1,0,0,0,4,4,0,0,0,1,18,2,128,8,3,49,22,10,96,1,1,3,54,99,21,5,69,28,2,17,2,32,400,46,0,12.74,1,0,16,283,72,0,2,4,2,9,5,0,12,66,3,86,9,106,2,111,7,30,334,32,0,0,0,111,0,10,128,0.32,0.23,2
Petrolul 52,"Farul Constanţa - Petrolul 52, 2-0",2026-03-15 14:00:00,0,Away,60390,719,191642,4437511,5822252,0.95,15.16,0,50.21,46.42,112.7,73.89,1.89,7.58,19.89,1.89,5.68,97.58,47.37,7.58,0.95,0.95,0,16.16,13.26,129.8,45.47,15.16,6.63,149.7,16.11,2.84,2.84,0,0,0,5.68,5.68,2.84,0,0,2.84,35.05,1.89,131.7,0.95,0,35.85,33.16,26.53,9.47,0.95,20.84,51.16,14.21,4.74,40.74,21.79,1.89,25.58,8.53,32.21,18.24,398.8,54.95,0,58.7,17.05,272.8,0,5.68,11.37,1.89,17.05,9.47,0,16.11,42.63,5.68,62.53,10.42,103.3,0.95,109,0.95,16.11,306.9,37.89,0,0,0,109,2.84,12.32,131.7,1,0.56,1.89,43.75,16,100,35.04,43.75,0,0,0,0,0,44,39.42,34.88,35.71,53.49,0,33.33,91.84,28.57,78.57,68.99,50,82.73,100,48.57,76.96,68.97,50,0,0,30.77,82.73,0,11.77,1,16,7,0,53,49,0,2,8,21,2,6,103,50,8,1,1,0,14,137,48,16,7,158,17,3,3,0,0,0,6,6,3,0,0,3,37,2,139,1,0,35,28,10,119,1,1,1,22,54,15,5,43,23,2,27,9,34,421,58,0,6.46,2,0,18,288,78,0,6,12,2,18,10,0,17,45,6,66,11,109,1,115,1,17,324,40,0,0,0,115,3,13,139,1.06,0.59,2
Rapid Bucureşti,"Rapid Bucureşti - Oţelul, 0-2",2025-12-13 19:30:00,0,Home,11566,719,191642,4435361,5715836,3.79,30.32,0,54,68.21,115.6,76.74,1.89,2.84,20.84,4.74,1.89,112.7,54,9.47,0,0,0,18.29,19.89,164.8,46.42,28.42,10.42,151.6,20.84,0.95,0.95,0,0,0.95,0,0,4.74,0,0,0.95,28.42,1.89,148.7,21.79,0.95,24.2,45.47,25.58,6.63,5.68,30.32,63.47,15.16,9.47,54.95,18.95,0,26.53,0,34.11,18.14,470.8,55.89,0,50.9,19.89,357.2,0,4.74,10.42,1.89,12.32,11.37,0.95,22.74,63.47,9.47,70.11,12.32,121.3,1.89,134.5,21.79,31.26,405.5,42.63,0,0.95,1.89,134.5,1.89,18.95,148.7,0.63,1.52,0.95,37.5,17.54,0,28.16,36.67,0,0,0,0,100,56.14,38.51,27.59,47.62,34.48,0,23.08,93.06,45.45,61.9,80,100,90.45,100,68.75,86.12,76.27,45.45,100,100,40,90.45,0,4.545,4,32,12,0,57,72,0,2,3,22,5,2,119,57,10,0,0,0,21,174,49,30,11,160,22,1,1,0,0,1,0,0,5,0,0,1,30,2,157,23,1,48,27,7,122,1,1,6,32,67,16,10,58,20,0,28,0,36,497,59,0,8.12,13,0,21,377,81,0,5,11,2,13,12,1,24,67,10,74,13,128,2,142,23,33,428,45,0,1,2,142,2,20,157,0.67,1.6,1
UTA Arad,"UTA Arad - Metaloglobus, 2-0",2025-11-02 14:30:00,3,Home,30817,719,191642,4435361,5715799,1.89,49.26,1.89,54.95,57.79,122.2,72,0,3.79,18,3.79,2.84,151.6,60.63,18,0,0,0,19.69,23.68,198.9,90.95,38.84,19.89,178.1,9.47,3.79,3.79,0,0,0,5.68,5.68,1.89,0,1.89,5.68,41.68,1.89,131.7,9.47,1.89,24.37,54.95,28.42,17.05,3.79,41.68,107,24.63,15.16,60.63,32.21,2.84,23.68,0,27.47,18.95,426.3,59.68,0,57.8,14.21,286.1,0,3.79,11.37,1.89,12.32,8.53,0.95,21.79,52.11,3.79,107,18.95,123.2,1.89,113.7,7.58,34.11,337.3,36,0,0,2.84,113.7,5.68,17.05,131.7,1.63,0.87,0.95,48.08,29.69,0,45.71,51.22,0,0,0,15.38,33.33,68.75,53.81,40.63,64,53.13,0,23.08,90.16,21.05,80,69.15,100,86.33,80,62.07,79.11,60.32,25,0,50,44.44,86.33,100,10,2,52,25,2,58,61,1,0,4,19,4,3,160,64,19,0,0,0,25,210,96,41,21,188,10,4,4,0,0,0,6,6,2,0,2,6,44,2,139,10,2,58,30,18,129,1,1,4,44,113,26,16,64,34,3,25,0,29,450,63,0,5.22,7,0,15,302,76,0,4,12,2,13,9,1,23,55,4,113,20,130,2,120,8,36,356,38,0,0,3,120,6,18,139,1.72,0.92,1
Unirea Slobozia,"Unirea Slobozia - Hermannstadt, 2-3",2026-01-31 13:30:00,0,Home,11663,719,191642,4435361,5715864,0.95,46.42,1.89,29.37,46.42,112.7,76.74,2.84,2.84,5.68,2.84,6.63,144.9,69.16,11.37,1.89,0,0,23.41,14.21,221.7,75.79,36.95,14.21,131.7,8.53,4.74,1.89,0,0,0.95,14.21,14.21,0.95,0,1.89,0.95,29.37,1.89,144,0.95,6.63,23.73,67.26,31.26,17.05,10.42,41.68,90.95,17.05,2.84,74.84,32.21,0,23.68,4.74,35.05,17.79,374.2,54.95,0,55.6,4.74,239.7,0,7.58,4.74,1.89,8.53,17.05,0.95,9.47,42.63,2.84,86.21,6.63,97.58,1.89,127,0.95,43.58,306,36.95,0,0.95,1.89,127,5.68,18.95,144,1.47,2.28,0.95,32.65,16.44,0,34.19,38.46,0,0,0,22.22,100,60.27,41.03,22.78,20,43.04,0,33.33,91.84,50,46.67,74.1,100,88.16,100,64.79,81.77,67.24,60,100,33.33,35,88.16,0,11.11,1,49,16,2,31,49,0,3,3,6,3,7,153,73,12,2,0,0,15,234,80,39,15,139,9,5,2,0,0,1,15,15,1,0,2,1,31,2,152,1,7,71,33,18,119,1,1,11,44,96,18,3,79,34,0,25,5,37,395,58,0,8.86,6,0,5,253,81,0,8,5,2,9,18,1,10,45,3,91,7,103,2,134,1,46,323,39,0,1,2,134,6,20,152,1.55,2.41,1
Argeș,"Oţelul - Argeș, 2-1",2025-12-20 16:00:00,0,Away,23334,719,191642,4435361,5715844,1.91,35.43,0,41.17,32.55,122.5,82.34,1.91,6.7,13.4,6.7,13.4,139.8,59.36,12.45,0,0,0,18.24,15.32,182.9,61.28,32.55,10.53,125.4,17.23,6.7,1.91,0,0,0,6.7,6.7,8.62,0,0.96,2.87,45,1.91,62.23,3.83,7.66,30.97,53.62,34.47,9.57,1.91,35.43,81.38,23.94,9.57,53.62,26.81,0,35.43,0,37.34,18.61,272.9,43.09,0,38.1,10.53,136,0,0,3.83,1.91,11.49,19.15,0.96,17.23,30.64,2.87,92.87,10.53,74.68,1.91,45.96,0.96,25.85,183.8,24.89,0,0.96,0,45.96,0,19.15,62.23,1.46,1.66,3.83,35.14,20.97,0,33.51,32.35,0,0,0,8.333,33.33,59.68,44.5,44.64,62.5,50,0,33.33,94.12,21.43,68.75,59.54,100,73.85,25,48.21,67.37,57.78,25,100,0,45,73.85,0,22.22,2,37,13,0,43,34,0,2,7,14,7,14,146,62,13,0,0,0,16,191,64,34,11,131,18,7,2,0,0,0,7,7,9,0,1,3,47,2,65,4,8,56,36,10,128,1,1,2,37,85,25,10,56,28,0,37,0,39,285,45,0,8.03,2,0,11,142,86,0,0,4,2,12,20,1,18,32,3,97,11,78,2,48,1,27,192,26,0,1,0,48,0,20,65,1.53,1.73,4
Botoşani,"Botoşani - Dinamo Bucureşti, 1-1",2025-11-24 19:30:00,1,Home,11634,719,191642,4435361,5715815,0,50.74,0.96,41.17,52.66,117.8,96.7,0.96,1.91,10.53,6.7,5.74,150.3,69.89,9.57,0.96,0,0,11.55,20.11,246.1,75.64,42.13,14.36,148.4,15.32,0.96,0,0,0,0.96,3.83,3.83,5.74,0,0.96,0,29.68,1.91,90.96,13.4,3.83,25.31,67.98,54.57,17.23,2.87,45,99.57,22.02,8.62,70.85,33.51,0.96,39.26,4.79,27.77,18.19,356.2,61.28,0,42.6,13.4,211.6,0,0,3.83,1.91,10.53,11.49,0,17.23,46.91,4.79,90,16.28,100.5,1.91,80.43,13.4,37.34,275.7,38.3,0,0,0.96,80.43,0.96,14.36,90.96,0.49,1.13,1.91,30.19,13.7,0,30.74,34.09,0,0,0,9.091,0,64.38,40.47,31.08,42.86,47.3,0,36.36,89.09,45.45,80.95,67.74,100,88.42,100,54.93,77.42,62.5,50,0,100,26.67,88.42,0,12.5,0,53,16,1,43,55,0,1,2,11,7,6,157,73,10,1,0,0,21,257,79,44,15,155,16,1,0,0,0,1,4,4,6,0,1,0,31,2,95,14,4,71,57,18,123,1,1,3,47,104,23,9,74,35,1,41,5,29,372,64,0,11.58,12,0,14,221,101,0,0,4,2,11,12,0,18,49,5,94,17,105,2,84,14,39,288,40,0,0,1,84,1,15,95,0.51,1.18,2
Csikszereda Miercurea Ciuc,"Universitatea Cluj - Csikszereda Miercurea Ciuc, 4-1",2026-02-14 18:00:00,0,Away,22731,719,191642,4435361,5715889,0,13.4,0.96,36.38,37.34,83.3,67.02,3.83,1.91,11.49,6.7,3.83,95.74,46.91,15.32,0.96,0.96,0,8.07,10.53,123.5,50.74,12.45,5.74,96.7,6.7,4.79,1.91,0,0,0,2.87,2.87,1.91,0,0.96,2.87,35.43,1.91,83.3,1.91,0,29.53,45,21.06,6.7,3.83,30.64,60.32,17.23,3.83,42.13,22.98,1.91,22.98,0,29.68,20.57,253.7,41.17,0.96,33.3,13.4,160.8,0,2.87,5.74,1.91,13.4,10.53,0.96,12.45,36.38,2.87,71.81,6.7,62.23,1.91,69.89,1.91,23.94,196.3,29.68,0,0,1.91,69.89,6.7,10.53,83.3,2.73,2.56,1.91,42.86,32.65,100,41.09,46.15,0,0,0,7.143,66.67,65.31,48.84,40.91,36.36,54.55,0,42.86,97.44,25,63.64,64.36,100,83.91,100,53.19,77.36,72.09,66.67,0,28.57,54.55,83.91,0,28.57,0,14,6,1,38,39,0,4,2,12,7,4,100,49,16,1,1,0,11,129,53,13,6,101,7,5,2,0,0,0,3,3,2,0,1,3,37,2,87,2,0,47,22,7,87,1,1,4,32,63,18,4,44,24,2,24,0,31,265,43,1,20.75,3,0,14,168,70,0,3,6,2,14,11,1,13,38,3,75,7,65,2,73,2,25,205,31,0,0,2,73,7,11,87,2.85,2.67,2
Dinamo Bucureşti,"UTA Arad - Dinamo Bucureşti, 2-0",2025-12-20 19:00:00,0,Away,11564,719,191642,4435361,5715842,0.96,39.26,0,23.94,79.47,100.5,77.55,1.91,2.87,6.7,0.96,3.83,125.4,60.32,11.49,0.96,0,0,19.59,10.53,190.5,66.06,36.38,16.28,192.4,7.66,2.87,1.91,0,0,1.91,5.74,5.74,3.83,0,0,1.91,25.85,1.91,239.4,10.53,0.96,22.86,43.09,27.77,15.32,5.74,37.34,86.17,16.28,1.91,63.19,22.02,3.83,19.15,1.91,35.43,17.39,600.3,59.36,0,66.7,13.4,473.9,0,4.79,4.79,1.91,5.74,12.45,0.96,6.7,77.55,2.87,80.43,4.79,151.3,1.91,226,8.62,22.02,530.4,44.04,0,0.96,0,226,0,12.45,239.4,0.51,1.62,0.96,43.9,19.05,0,34.67,44.74,0,0,0,0,50,61.9,45.23,25.76,18.18,34.85,0,16.67,97.59,42.86,45.45,78.61,100,94.4,81.82,51.11,88.36,74.19,40,100,0,30.77,94.4,0,12.5,1,41,18,0,25,83,0,2,3,7,1,4,131,63,12,1,0,0,11,199,69,38,17,201,8,3,2,0,0,2,6,6,4,0,0,2,27,2,250,11,1,45,29,16,105,1,1,6,39,90,17,2,66,23,4,20,2,37,627,62,0,11.93,0,0,14,495,81,0,5,5,2,6,13,1,7,81,3,84,5,158,2,236,9,23,554,46,0,1,0,236,0,13,250,0.53,1.69,1
Farul Constanţa,"Csikszereda Miercurea Ciuc - Farul Constanţa, 1-0",2026-03-06 18:30:00,0,Away,61242,719,191642,4435361,5715913,0,41.17,0,41.17,56.49,101.5,85.21,0.96,4.79,22.98,1.91,1.91,129.3,53.62,14.36,0,0,0,17.97,16.28,182.9,62.23,39.26,15.32,131.2,8.62,0.96,0.96,0,0,0,9.57,7.66,3.83,0,0,0,34.47,1.91,162.8,17.23,4.79,30.9,51.7,32.55,9.57,3.83,37.34,79.47,17.23,6.7,55.53,22.98,0.96,30.64,0,27.77,19.56,406,46.91,0,55.1,9.57,288.2,0,4.79,1.91,1.91,1.91,8.62,0,12.45,52.66,4.79,87.13,11.49,102.5,1.91,143.6,11.49,37.34,337,35.43,0,0,0.96,143.6,5.74,18.19,162.8,0.54,1.93,0.96,37.21,26.79,0,34.03,39.02,0,0,0,0,0,69.64,43.46,31.03,41.18,41.38,0,50,93.22,20.83,70.59,78.1,100,88.24,66.67,72.22,83.02,75.51,100,0,16.67,21.05,88.24,0,11.11,0,43,16,0,43,59,0,1,5,24,2,2,135,56,15,0,0,0,17,191,65,41,16,137,9,1,1,0,0,0,10,8,4,0,0,0,36,2,170,18,5,54,34,10,106,1,1,4,39,83,18,7,58,24,1,32,0,29,424,49,0,9.92,4,0,10,301,89,0,5,2,2,2,9,0,13,55,5,91,12,107,2,150,12,39,352,37,0,0,1,150,6,19,170,0.56,2.02,1
Oţelul,"UTA Arad - Oţelul, 0-4",2025-10-19 16:30:00,3,Away,11571,719,191642,4435361,5715783,0.96,52.66,1.91,31.6,58.4,124.5,93.83,0,3.83,11.49,0,7.66,164.7,84.26,17.23,0,0,0,20.05,9.57,245.1,96.7,46.91,33.51,157,18.19,0.96,0,0,0,0.96,6.7,6.7,0,0,3.83,1.91,27.77,1.91,114.9,0,4.79,29.13,58.4,35.43,18.19,0,59.36,133.1,21.06,6.7,72.77,26.81,0.96,14.36,0.96,51.7,18.45,392.6,45,0.96,48.9,13.4,244.2,0,2.87,4.79,1.91,9.57,9.57,0.96,17.23,53.62,5.74,121.6,7.66,106.3,1.91,94.79,0,28.72,308.3,24.89,0.96,0.96,1.91,94.79,3.83,19.15,114.9,2.61,0.49,3.83,65.45,20.45,0,39.45,71.43,0,0,0,40,0,70.45,54.3,28.95,70,36.84,100,40,91.8,50,80,67.68,100,82.5,0,49.18,78.54,55.32,80,100,50,40,82.5,100,21.05,1,55,36,2,33,61,1,0,4,12,0,8,172,88,18,0,0,0,10,256,101,49,35,164,19,1,0,0,0,1,7,7,0,0,4,2,29,2,120,0,5,61,37,19,130,1,1,0,62,139,22,7,76,28,1,15,1,54,410,47,1,6.46,4,0,14,255,98,0,3,5,2,10,10,1,18,56,6,127,8,111,2,99,0,30,322,26,1,1,2,99,4,20,120,2.73,0.51,4
Oţelul,"Universitatea Cluj - Oţelul, 4-0",2026-02-27 19:00:00,0,Away,11571,719,191642,4435361,5715911,0.96,31.6,0,26.81,52.66,99.57,71.81,3.83,3.83,10.53,0,9.57,133.1,63.19,18.19,0,0,0,15.93,6.7,168.5,55.53,29.68,10.53,136.9,14.36,1.91,0,0,0,0.96,4.79,4.79,3.83,0,0,1.91,38.3,1.91,113.9,2.87,1.91,24.34,45.96,32.55,10.53,2.87,39.26,74.68,14.36,3.83,41.17,16.28,0.96,22.98,1.91,35.43,18.66,353.3,44.04,0,41.7,10.53,242.2,0,2.87,5.74,1.91,8.62,19.15,0.96,8.62,48.83,2.87,88.09,4.79,98.62,1.91,100.5,1.91,23.94,279.6,26.81,0,0,0,100.5,0.96,9.57,113.9,0.92,2.15,1.91,33.33,28.79,0,32.95,35.48,0,0,0,0,0,62.12,44.32,34.88,57.14,39.53,0,22.22,92.73,27.27,71.43,72.03,100,88.24,66.67,52.08,79.13,60.87,50,0,0,40,88.24,0,13.33,1,33,11,0,28,55,0,4,4,11,0,10,139,66,19,0,0,0,7,176,58,31,11,143,15,2,0,0,0,1,5,5,4,0,0,2,40,2,119,3,2,48,34,11,104,1,1,3,41,78,15,4,43,17,1,24,2,37,369,46,0,10.56,6,0,11,253,75,0,3,6,2,9,20,1,9,51,3,92,5,103,2,105,2,25,292,28,0,0,0,105,1,10,119,0.96,2.25,2
Petrolul 52,"Petrolul 52 - Oţelul, 0-0",2025-11-08 13:30:00,1,Home,60390,719,191642,4435361,5715805,0.96,28.72,0,41.17,45,111.1,81.38,0,10.53,14.36,3.83,3.83,106.3,48.83,12.45,1.91,0.96,0,7.73,13.4,172.3,67.98,27.77,12.45,141.7,11.49,4.79,1.91,0,0,0.96,8.62,8.62,5.74,0,0,3.83,28.72,1.91,127.3,2.87,6.7,27.16,41.17,38.3,12.45,1.91,26.81,76.6,23.94,6.7,56.49,29.68,0.96,25.85,0.96,45,21.39,356.2,47.87,0,46.7,6.7,232.7,0,1.91,8.62,1.91,13.4,11.49,0,15.32,39.26,4.79,68.94,12.45,92.87,1.91,113,2.87,20.11,274.8,28.72,0,0,0,113,2.87,11.49,127.3,1.26,0.56,1.91,46.67,25.49,50,39.44,44.83,0,0,0,0,25,54.9,44.44,42.37,50,52.54,0,28.57,87.23,33.33,92.86,65.54,100,88.72,100,48.84,77.15,60,55.56,0,0,41.67,88.72,0,16.67,1,30,14,0,43,47,1,0,11,15,4,4,111,51,13,2,1,0,14,180,71,29,13,148,12,5,2,0,0,1,9,9,6,0,0,4,30,2,133,3,7,43,40,13,116,1,1,2,28,80,25,7,59,31,1,27,1,47,372,50,0,14.16,4,0,7,243,85,0,2,9,2,14,12,0,16,41,5,72,13,97,2,118,3,21,287,30,0,0,0,118,3,12,133,1.32,0.58,2
Rapid Bucureşti,"Rapid Bucureşti - Argeș, 2-0",2025-11-08 19:30:00,3,Home,11566,719,191642,4435361,5715801,3.83,42.13,0.96,36.38,60.32,100.5,61.28,0,5.74,9.57,1.91,3.83,154.2,74.68,18.19,0,0,0,10.98,18.19,204.9,75.64,33.51,13.4,133.1,10.53,0,0,0,0,0.96,4.79,4.79,0.96,0,1.91,0,37.34,1.91,180,13.4,3.83,27.64,47.87,26.81,9.57,1.91,54.57,97.66,17.23,7.66,61.28,31.6,0.96,11.49,1.91,42.13,18.14,433.7,45.96,0,57.1,12.45,324.6,0,8.62,6.7,1.91,7.66,10.53,0.96,11.49,58.4,1.91,108.2,16.28,97.66,0.96,164.7,9.57,26.81,368.6,28.72,0,0,0,164.7,1.91,17.23,180,0.62,0.44,1.91,38.64,24.36,0,36.92,40,0,0,0,25,0,73.08,47.66,28.13,42.11,51.56,0,25,96.83,20,89.47,73.38,50,91.49,71.43,56,84.99,62.5,42.86,0,0,50,91.49,100,18.18,4,44,17,1,38,63,1,0,6,10,2,4,161,78,19,0,0,0,19,214,79,35,14,139,11,0,0,0,0,1,5,5,1,0,2,0,39,2,188,14,4,50,28,10,105,1,1,2,57,102,18,8,64,33,1,12,2,44,453,48,0,9.5,3,0,13,339,64,0,9,7,2,8,11,1,12,61,2,113,17,102,1,172,10,28,385,30,0,0,0,172,2,18,188,0.65,0.46,2
Universitatea Cluj,"Universitatea Cluj - Hermannstadt, 3-0",2025-12-07 14:00:00,3,Home,60374,719,191642,4435361,5715828,0.96,22.02,1.91,38.3,67.98,95.74,67.02,0,1.91,7.66,5.74,2.87,106.3,67.02,22.02,0,0,0,16.88,21.06,161.8,58.4,21.06,8.62,146.5,11.49,0,0,0,0,1.91,1.91,1.91,0.96,0,2.87,0,17.23,1.91,174.3,3.83,2.87,35.18,45,2.87,0.96,0.96,47.87,76.6,19.15,9.57,69.89,26.81,1.91,16.28,0,32.55,18.49,453.8,39.26,0,50,23.94,345.6,0,10.53,4.79,1.91,9.57,7.66,0,14.36,64.15,0.96,73.72,12.45,113,1.91,155.1,1.91,32.55,386.8,26.81,0,0,0,155.1,0,12.45,174.3,0.98,0.29,2.87,39.13,32.86,0,36.09,40.91,0,0,0,30,0,71.43,47.34,27.4,45.45,38.36,0,40,94.37,12.5,59.09,77.12,100,89.01,50,72.34,85.23,68.29,20,0,0,46.15,89.01,100,25,1,23,9,2,40,71,1,0,2,8,6,3,111,70,23,0,0,0,22,169,61,22,9,153,12,0,0,0,0,2,2,2,1,0,3,0,18,2,182,4,3,47,3,1,100,1,1,1,50,80,20,10,73,28,2,17,0,34,474,41,0,12.44,7,0,25,361,70,0,11,5,2,10,8,0,15,67,1,77,13,118,2,162,2,34,404,28,0,0,0,162,0,13,182,1.02,0.3,3
Universitatea Cluj,"Universitatea Cluj - Unirea Slobozia, 1-0",2026-01-24 16:00:00,3,Home,60374,719,191642,4435361,5715863,4.79,33.51,0.96,45,70.85,92.87,72.77,0,6.7,11.49,1.91,1.91,131.2,53.62,13.4,0,0,0,12.39,23.94,175.2,71.81,29.68,17.23,133.1,12.45,0.96,0,0,0,0,0.96,0.96,0.96,0,0.96,0,44.04,1.91,168.5,11.49,0,27.42,31.6,14.36,5.74,5.74,28.72,77.55,24.89,10.53,73.72,34.47,0.96,22.02,7.66,36.38,18.76,424.1,39.26,0,51,12.45,319.8,0,1.91,4.79,1.91,9.57,3.83,0,15.32,65.11,1.91,90.96,16.28,108.2,1.91,154.2,8.62,21.06,367.7,30.64,0,0,1.91,154.2,4.79,11.49,168.5,0.61,0.34,0,54.29,25,0,40.98,58.06,0,0,0,10,0,53.57,44.26,33.77,44,46.75,0,30,91.89,16.67,68,81.29,100,91.48,75,66.67,86.68,78.05,40,0,40,33.33,91.48,100,0,5,35,19,1,47,74,1,0,7,12,2,2,137,56,14,0,0,0,25,183,75,31,18,139,13,1,0,0,0,0,1,1,1,0,1,0,46,2,176,12,0,33,15,6,97,1,1,6,30,81,26,11,77,36,1,23,8,38,443,41,0,10.71,15,0,13,334,76,0,2,5,2,10,4,0,16,68,2,95,17,113,2,161,9,22,384,32,0,0,2,161,5,12,176,0.64,0.35,0
Universitatea Craiova,"Universitatea Craiova - Petrolul 52, 2-0",2025-08-24 17:30:00,3,Home,26233,719,191642,4435361,5715734,0,24.89,0.96,45.96,88.09,89.04,83.3,0,4.79,11.49,5.74,1.91,88.09,45.96,15.32,0,0,0,17.03,17.23,173.3,67.02,22.02,6.7,193.4,5.74,0.96,0,0,0,0,8.62,8.62,0,0,1.91,0,17.23,1.91,217.3,0,0.96,21.9,30.64,29.68,10.53,0,32.55,73.72,23.94,9.57,72.77,34.47,1.91,28.72,0.96,25.85,17.13,607,57.45,0,62.3,19.15,477.8,0,7.66,9.57,1.91,16.28,7.66,0.96,20.11,77.55,0.96,56.49,14.36,159.9,1.91,200.1,0,17.23,532.3,42.13,0,0.96,1.91,200.1,1.91,12.45,217.3,1.31,0.35,0,26.92,33.33,0,38.67,30.43,0,0,0,11.77,0,70.83,42.54,32.89,55.56,47.37,0,52.94,88.04,8.33,83.33,82.67,100,92.07,0,56.25,87.7,73.33,50,100,100,53.85,92.07,100,0,0,26,7,1,48,92,1,0,5,12,6,2,92,48,16,0,0,0,18,181,70,23,7,202,6,1,0,0,0,0,9,9,0,0,2,0,18,2,227,0,1,32,31,11,93,1,1,0,34,77,25,10,76,36,2,30,1,27,634,60,0,12.09,0,0,20,499,87,0,8,10,2,17,8,1,21,81,1,59,15,167,2,209,0,18,556,44,0,1,2,209,2,13,227,1.37,0.37,0
Universitatea Craiova,"Hermannstadt - Universitatea Craiova, 0-2",2025-12-14 19:30:00,3,Away,26233,719,191642,4435361,5715838,3.83,35.43,1.91,50.74,72.77,115.8,81.38,0,4.79,15.32,2.87,9.57,127.3,61.28,16.28,1.91,0.96,0,16.07,21.06,189.6,74.68,31.6,17.23,147.4,11.49,3.83,0.96,0,0,0,6.7,5.74,3.83,0,1.91,0.96,30.64,1.91,163.7,0.96,3.83,29.41,65.11,27.77,13.4,6.7,41.17,90.96,19.15,7.66,65.11,27.77,0,23.94,5.74,50.74,18.88,466.3,46.91,0,55.8,15.32,342.8,0,2.87,2.87,1.91,8.62,9.57,5.74,19.15,71.81,5.74,89.04,14.36,106.3,1.91,147.4,0.96,40.21,393.5,33.51,0,1.91,3.83,147.4,7.66,16.28,163.7,0.94,0.65,0.96,48.65,26.56,50,39.39,54.55,0,0,0,22.22,100,67.19,47.98,29.41,36.36,42.65,0,44.44,98.68,37.5,68.18,72.08,100,90.06,100,61.76,84.39,71.43,66.67,33.33,50,47.06,90.06,100,8.333,4,37,18,2,53,76,1,0,5,16,3,10,133,64,17,2,1,0,22,198,78,33,18,154,12,4,1,0,0,0,7,6,4,0,2,1,32,2,171,1,4,68,29,14,121,1,1,7,43,95,20,8,68,29,0,25,6,53,487,49,0,11.62,6,0,16,358,85,0,3,3,2,9,10,6,20,75,6,93,15,111,2,154,1,42,411,35,0,2,4,154,8,17,171,0.98,0.68,1
Oţelul,"Oţelul - Csikszereda Miercurea Ciuc, 3-0",2026-01-26 16:00:00,3,Home,11571,719,191642,4435361,5715857,5.81,30.97,0,57.1,100.7,102.6,88.06,0,4.84,18.39,4.84,2.9,110.3,51.29,5.81,0.97,0,0,23.71,18.39,166.4,70.65,30,17.42,193.6,16.45,1.94,0.97,0,0,0,0.97,0.97,0.97,0,2.9,2.9,28.06,1.94,224.5,15.48,0,27,56.13,36.77,19.35,8.71,26.13,87.1,24.19,8.71,47.42,28.06,1.94,37.74,0,26.13,17.45,596.1,69.68,0.97,70,17.42,474.2,0,3.87,7.74,1.94,19.35,9.68,0.97,22.26,97.74,7.74,71.61,12.58,149,1.94,207.1,12.58,33.87,520.6,49.35,0.97,0,0.97,207.1,6.77,25.16,224.5,3.21,0.34,0,56.25,11.32,0,42.44,58.06,0,0,0,15,33.33,50.94,52.33,51.02,47.37,59.18,100,30,97.12,42.11,68.42,77,100,92.24,81.25,60.34,87.34,70.83,37.5,0,14.29,23.08,92.24,100,0,6,32,18,0,59,104,1,0,5,19,5,3,114,53,6,1,0,0,19,172,73,31,18,200,17,2,1,0,0,0,1,1,1,0,3,3,29,2,232,16,0,58,38,20,106,1,1,9,27,90,25,9,49,29,2,39,0,27,616,72,1,5.86,5,0,18,490,91,0,4,8,2,20,10,1,23,101,8,74,13,154,2,214,13,35,538,51,1,0,1,214,7,26,232,3.32,0.35,0
Rapid Bucureşti,"CFR Cluj - Rapid Bucureşti, 3-0",2025-11-23 19:30:00,0,Away,11566,719,191642,4435361,5715813,5,34,0,73,73,117,73,3,3,19,7,3,146,67,10,0,0,0,22.67,39,199,77,30,12,175,10,5,3,0,0,0,1,1,7,0,0,2,45,2,196,9,2,22.29,40,27,13,8,38,95,29,22,71,39,2,26,0,36,15.73,541,63,0,61.7,22,408,0,2,7,2,12,16,3,26,69,3,98,29,130,2,175,7,25,460,51,0,0,2,175,6,18,196,1.13,2.08,1,44.12,14.93,0,38.69,40,0,0,0,0,0,56.72,47.74,40.85,56.41,54.93,0,8.33,94.52,15.79,74.36,74.29,100,89.29,77.78,62.5,85.03,80.95,42.86,0,33.33,22.22,89.29,0,10,5,34,15,0,73,73,0,3,3,19,7,3,146,67,10,0,0,0,39,199,77,30,12,175,10,5,3,0,0,0,1,1,7,0,0,2,45,2,196,9,2,40,27,13,117,1,1,8,38,95,29,22,71,39,2,26,0,36,541,63,0,7.1,10,0,22,408,73,0,2,7,2,12,16,3,26,69,3,98,29,130,2,175,7,25,460,51,0,0,2,175,6,18,196,1.13,2.08,1
Universitatea Cluj,"Oţelul - Universitatea Cluj, 1-2",2025-10-25 15:00:00,3,Away,60374,719,191642,4435361,5715791,2.31,36.15,1.54,36.92,33.85,72.31,60.77,0.77,4.62,9.23,0.77,2.31,97.69,39.23,7.69,0.77,0,0,8.61,16.92,153.1,70.77,30,20,83.08,11.54,1.54,0.77,0,0,4.62,9.23,7.69,1.54,0,1.54,4.62,22.31,2.31,69.23,0,6.92,31.53,38.46,32.31,14.62,5.38,25.38,84.62,21.54,10.77,45.38,25.38,0,16.92,1.54,25.38,18.53,226.2,30,0,41.9,13.85,143.1,0,2.31,6.15,2.31,10,8.46,0.77,17.69,31.54,3.08,70.77,12.31,53.85,2.31,59.23,0,23.85,177.7,16.92,0,0.77,0,59.23,0.77,15.38,69.23,1.46,0.87,3.08,63.83,19.61,0,46.23,66.67,0,0,0,15.38,50,64.71,55.28,47.46,63.64,55.93,0,30.77,93.18,33.33,72.73,64.81,100,85.56,0,62,78.57,56.41,87.5,100,0,45,85.56,100,26.67,3,47,30,2,48,44,0,1,6,12,1,3,127,51,10,1,0,0,22,199,92,39,26,108,15,2,1,0,0,6,12,10,2,0,2,6,29,3,90,0,9,50,42,19,94,1,1,7,33,110,28,14,59,33,0,22,2,33,294,39,0,18,19,0,18,186,79,0,3,8,3,13,11,1,23,41,4,92,16,70,3,77,0,31,231,22,0,1,0,77,1,20,90,1.9,1.13,4
Universitatea Craiova,"UTA Arad - Universitatea Craiova, 3-3",2025-07-12 17:30:00,1,Away,26233,719,191642,4435361,5715683,4.95,29.72,1.65,38.81,59.45,116.4,76.79,2.48,2.48,10.73,0.83,9.08,134.6,67.71,14.04,0.83,0,0,31.93,15.69,164.3,65.23,26.42,17.34,137.1,9.91,0.83,0,0,0,0,10.73,9.91,3.3,0,2.48,0.83,37.16,2.48,87.52,3.3,4.95,28.79,51.19,18.17,9.91,0.83,42.11,90.83,20.64,9.91,48.72,23.12,1.65,26.42,0,55.32,19.07,326.1,36.33,0.83,52.1,10.73,207.2,0,5.78,6.61,2.48,10.73,16.51,1.65,16.51,54.5,1.65,97.43,11.56,85.05,2.48,71.01,1.65,28.9,246.1,26.42,0.83,1.65,1.65,71.01,4.13,16.51,87.52,1.78,1.53,2.48,61.11,20.73,0,39.7,65.63,0,0,0,23.08,100,62.2,55.28,42.37,63.16,47.46,100,30.77,91.67,15.38,73.68,62.05,100,81.13,50,56.45,75.44,72.73,50,100,40,50,81.13,0,25,6,36,22,2,47,72,0,3,3,13,1,11,163,82,17,1,0,0,19,199,79,32,21,166,12,1,0,0,0,0,13,12,4,0,3,1,45,3,106,4,6,62,22,12,141,1,1,1,51,110,25,12,59,28,2,32,0,67,395,44,1,8.46,4,0,13,251,93,0,7,8,3,13,20,2,20,66,2,118,14,103,3,86,2,35,298,32,1,2,2,86,5,20,106,2.16,1.85,3
Csikszereda Miercurea Ciuc,"Csikszereda Miercurea Ciuc - CFR Cluj, 2-2",2025-10-16 19:30:00,1,Home,22731,719,191642,4435361,5715712,0,24.62,0.85,31.42,54.34,96.79,59.43,1.7,0.85,5.94,4.25,10.19,130.8,44.15,9.34,0,0,0,10.15,12.74,118.9,48.4,24.62,11.89,99.34,5.94,5.09,4.25,0,0,0.85,3.4,3.4,5.09,0,1.7,3.4,61.98,2.55,123.1,4.25,4.25,24.14,33.11,11.04,7.64,4.25,28.87,66.23,17.83,9.34,39.06,19.53,0,16.13,0,43.3,19.04,304,47.55,0.85,43.4,11.89,226.7,0,0.85,8.49,2.55,12.74,16.13,0,15.28,50.94,0.85,102.7,10.19,69.62,2.55,112.1,4.25,17.83,254.7,33.96,0.85,0,3.4,112.1,5.94,12.74,123.1,1.88,2.8,1.7,48.28,21.15,0,40.71,48.28,0,0,0,13.33,50,65.38,55.71,45.65,73.33,50,100,40,93.75,14.29,80,70.09,100,91.03,100,53.85,83.8,71.43,70,0,57.14,46.67,91.03,0,28.57,0,29,14,1,37,64,0,2,1,7,5,12,154,52,11,0,0,0,15,140,57,29,14,117,7,6,5,0,0,1,4,4,6,0,2,4,73,3,145,5,5,39,13,9,114,1,1,5,34,78,21,11,46,23,0,19,0,51,358,56,1,17.89,7,0,14,267,70,0,1,10,3,15,19,0,18,60,1,121,12,82,3,132,5,21,300,40,1,0,4,132,7,15,145,2.22,3.3,2
CFR Cluj,"Petrolul 52 - CFR Cluj, 1-0",2025-10-20 19:30:00,0,Away,11611,719,191642,4435361,5715780,0,24.86,0,26.57,69.43,95.14,72.86,0.86,3.43,8.57,2.57,3.43,102,48,10.29,0.86,0,0,11.61,9.43,161.1,64.29,23.14,11.14,140.6,13.71,2.57,0,0,0,0.86,4.29,4.29,0.86,0,0,2.57,29.14,2.57,132.9,5.14,0.86,26.43,35.14,27.43,12.86,3.43,30.86,83.14,28.29,4.29,60.86,30,5.14,24.86,1.71,35.14,16.93,400.3,46.29,0,57.8,12.86,289.7,0,3.43,5.14,2.57,6.86,8.57,1.71,12,64.29,4.29,71.14,5.14,102,2.57,125.1,4.29,14.57,333.4,26.57,0,0.86,2.57,125.1,9.43,9.43,132.9,0.81,0.72,1.71,44.83,21.43,0,39.89,48.15,0,0,0,0,33.33,64.29,51.6,46.48,45.45,49.3,0,37.5,92.59,50,54.55,72.56,100,94.19,83.33,41.46,83.3,57.41,66.67,50,27.27,63.64,94.19,0,12.5,0,29,13,0,31,81,0,1,4,10,3,4,119,56,12,1,0,0,11,188,75,27,13,164,16,3,0,0,0,1,5,5,1,0,0,3,34,3,155,6,1,41,32,15,111,1,1,4,36,97,33,5,71,35,6,29,2,41,467,54,0,8.89,0,0,15,338,85,0,4,6,3,8,10,2,14,75,5,83,6,119,3,146,5,17,389,31,0,1,3,146,11,11,155,0.95,0.84,2
Farul Constanţa,"CFR Cluj - Farul Constanţa, 0-2",2025-10-25 20:00:00,3,Away,61242,719,191642,4435361,5715784,0,23.37,0.87,30.29,57.12,112.5,82.21,0,3.46,6.92,0,15.58,115.1,60.58,12.98,0,0,0,19.2,14.71,151.4,45.87,23.37,6.92,135,9.52,0.87,0.87,0,0,1.73,11.25,10.38,9.52,0,1.73,0,31.15,2.6,116.8,1.73,6.06,26.68,59.71,20.77,4.33,4.33,34.62,62.31,16.44,6.92,46.73,21.63,0,7.79,0.87,54.52,18.82,347,27.69,0,41.5,12.12,231.1,0,6.06,5.19,2.6,8.65,17.31,0,12.12,54.52,1.73,72.69,7.79,85.67,2.6,98.65,1.73,24.23,264.8,14.71,0,0,0,98.65,1.73,11.25,116.8,0.93,1.81,1.73,29.63,21.43,0,30.29,29.63,0,0,0,20,0,57.14,41.14,35.19,47.06,46.3,0,40,95.45,25,52.94,63.46,100,84.44,100,40.58,76.31,53.13,50,0,0,46.15,84.44,100,18.18,0,27,8,1,35,66,1,0,4,8,0,18,133,70,15,0,0,0,17,175,53,27,8,156,11,1,1,0,0,2,13,12,11,0,2,0,36,3,135,2,7,69,24,5,130,1,1,5,40,72,19,8,54,25,0,9,1,63,401,32,0,14.32,1,0,14,267,95,0,7,6,3,10,20,0,14,63,2,84,9,99,3,114,2,28,306,17,0,0,0,114,2,13,135,1.08,2.09,2
Farul Constanţa,"Farul Constanţa - Petrolul 52, 2-1",2025-09-01 20:00:00,3,Home,61242,719,191642,4435361,5715739,0.88,38.82,0.88,43.24,42.35,103.2,67.94,0.88,7.94,14.12,2.65,3.53,114.7,47.65,11.47,0,0,0,16.69,15.88,163.2,60.88,34.41,16.76,122.7,9.71,0.88,0,0,0,0,11.47,11.47,0,0,1.76,2.65,28.24,2.65,97.06,0,4.41,27.21,46.76,26.47,14.12,7.94,32.65,79.41,15,5.29,50.29,17.65,0.88,21.18,0,29.12,20.14,302.6,43.24,0.88,51.2,12.35,199.4,0,7.06,6.18,2.65,11.47,10.59,1.76,14.12,36.18,5.29,78.53,8.82,82.06,2.65,85.59,0,22.06,232.1,24.71,0.88,0,0,85.59,3.53,25.59,97.06,1.67,0.85,0,45.45,24.07,0,37.3,48.72,0,0,0,15.38,66.67,68.52,48.65,29.82,33.33,35.09,100,30.77,85.42,37.5,55.56,66.91,100,88.18,0,47.17,76.68,57.14,42.86,0,0,27.59,88.18,100,0,1,44,20,1,49,48,0,1,9,16,3,4,130,54,13,0,0,0,18,185,69,39,19,139,11,1,0,0,0,0,13,13,0,0,2,3,32,3,110,0,5,53,30,16,117,1,1,9,37,90,17,6,57,20,1,24,0,33,343,49,1,9.57,16,0,14,226,77,0,8,7,3,13,12,2,16,41,6,89,10,93,3,97,0,25,263,28,1,0,0,97,4,29,110,1.89,0.96,0
Metaloglobus,"Metaloglobus - Botoşani, 0-2",2025-09-29 17:00:00,0,Home,11943,719,191642,4435361,5715763,0.88,39.71,0,39.71,59.12,86.47,70.59,1.76,3.53,19.41,0.88,3.53,120,44.12,9.71,0,0,0.88,12.48,16.76,167.7,68.82,36.18,15.88,120.9,10.59,3.53,2.65,0,0,0.88,7.06,5.29,1.76,0,0,0.88,36.18,2.65,91.76,0.88,4.41,26.52,43.24,12.35,6.18,1.76,24.71,76.76,28.24,10.59,71.47,35.29,0,17.65,0.88,33.53,21.44,314.1,36.18,0,50,10.59,195.9,0.88,2.65,2.65,2.65,3.53,13.24,0,17.65,55.59,6.18,78.53,14.12,97.06,1.76,77.65,0.88,30,260.3,26.47,0,0,0,77.65,0,10.59,91.76,0.88,1.43,1.76,44.44,22,0,41.05,43.9,0,0,0,0,100,56,45.79,39.51,63.16,49.38,0,25,94.03,31.82,84.21,80.29,66.67,84.62,100,69.39,82.87,73.17,33.33,0,0,8.33,84.62,0,16.67,1,45,20,0,45,67,0,2,4,22,1,4,136,50,11,0,0,1,19,190,78,41,18,137,12,4,3,0,0,1,8,6,2,0,0,1,41,3,104,1,5,49,14,7,98,1,1,2,28,87,32,12,81,40,0,20,1,38,356,41,0,12.2,1,0,12,222,80,1,3,3,3,4,15,0,20,63,7,89,16,110,2,88,1,34,295,30,0,0,0,88,0,12,104,1,1.62,2
Metaloglobus,"Metaloglobus - FCS Bucureşti, 2-1",2025-10-18 19:30:00,3,Home,11943,719,191642,4435361,5715779,0,25.59,0.88,13.24,37.94,88.24,48.53,0.88,0,1.76,1.76,10.59,111.2,38.82,5.29,0,0,0,5.68,6.18,121.8,38.82,24.71,12.35,71.47,14.12,0,0,0,0,3.53,10.59,9.71,5.29,0,1.76,0,46.76,2.65,53.82,0.88,9.71,32.48,36.18,19.41,7.94,10.59,18.53,50.29,10.59,2.65,37.94,12.35,0.88,5.29,4.41,45,19.31,194.1,24.71,0.88,30.4,3.53,128.8,0,0.88,3.53,2.65,5.29,14.12,0,6.18,35.29,0.88,78.53,2.65,51.18,2.65,45,0.88,23.82,158.8,15.88,0.88,0,2.65,45,4.41,11.47,53.82,1.09,1.56,4.41,51.72,13.64,0,31.88,50,0,0,0,33.33,0,47.73,41.3,27.91,42.86,32.56,100,50,93.02,50,42.86,71.6,100,83.61,100,65.85,81.82,64.29,50,0,60,69.23,83.61,100,31.25,0,29,15,1,15,43,0,1,0,2,2,12,126,44,6,0,0,0,7,138,44,28,14,81,16,0,0,0,0,4,12,11,6,0,2,0,53,3,61,1,11,41,22,9,100,1,1,12,21,57,12,3,43,14,1,6,5,51,220,28,1,20.83,8,0,4,146,55,0,1,4,3,6,16,0,7,40,1,89,3,58,3,51,1,27,180,18,1,0,3,51,5,13,61,1.24,1.77,5
CFR Cluj,"CFR Cluj - Universitatea Craiova, 2-3",2025-08-03 20:30:00,0,Home,11611,719,191642,4435361,5715704,0,28.51,1.78,66.83,50.79,96.24,81.98,2.67,8.02,24.06,8.91,1.78,114.1,54.36,19.6,0,0,0,19.49,25.84,163.1,73.96,26.73,13.37,131,13.37,4.46,0.89,0,0,0,3.56,3.56,0.89,0,1.78,7.13,31.19,2.67,143.5,10.69,1.78,29.78,37.43,11.58,4.46,6.24,32.08,81.98,32.08,16.93,68.61,36.53,1.78,41.88,1.78,10.69,17.4,392.1,55.25,0,55.3,16.93,276.2,0,1.78,12.48,2.67,16.93,6.24,0,31.19,49.01,8.91,76.63,18.71,94.46,2.67,123.9,7.13,16.93,327,30.3,0,0,0.89,123.9,1.78,29.41,143.5,1.56,0.46,2.67,46.88,36.07,0,45.36,50,0,0,0,10.53,37.5,59.02,50.27,46.75,65.52,53.25,0,31.58,96.49,37.04,72.41,72.11,100,86.34,66.67,45.24,83.41,54.84,35.71,0,50,33.33,86.34,0,20,0,32,15,2,75,57,0,3,9,27,10,2,128,61,22,0,0,0,29,183,83,30,15,147,15,5,1,0,0,0,4,4,1,0,2,8,35,3,161,12,2,42,13,5,108,1,1,7,36,92,36,19,77,41,2,47,2,12,440,62,0,5.9,6,0,19,310,92,0,2,14,3,19,7,0,35,55,10,86,21,106,3,139,8,19,367,34,0,0,1,139,2,33,161,1.75,0.52,3
Csikszereda Miercurea Ciuc,"Farul Constanţa - Csikszereda Miercurea Ciuc, 3-0",2025-11-03 16:30:00,0,Away,22731,719,191642,4435361,5715793,0.89,30.3,0,32.97,43.66,92.67,69.5,2.67,2.67,7.13,3.56,5.35,116.7,51.68,10.69,0.89,0,0,10.42,14.26,159.5,57.03,29.41,8.02,104.3,7.13,2.67,1.78,0,0,0,5.35,5.35,2.67,0,0,2.67,34.75,2.67,110.5,18.71,0.89,29.5,40.99,22.28,10.69,1.78,28.51,71.29,24.06,7.13,55.25,27.62,0,24.06,1.78,31.19,17.99,301.2,40.99,0,41.2,16.04,195.2,0,4.46,6.24,2.67,9.8,9.8,1.78,12.48,41.88,2.67,71.29,9.8,73.96,2.67,91.78,15.15,20.5,244.2,28.51,0,0,0.89,91.78,7.13,4.46,110.5,0.56,2.15,1.78,26.47,20.69,0,35.75,27.27,0,0,0,0,0,55.17,44.69,43.55,50,50,0,27.27,95.92,37.5,68.75,70.94,100,83.06,80.95,50,81.07,69.57,57.14,0,12.5,20,83.06,0,25,1,34,9,0,37,49,0,3,3,8,4,6,131,58,12,1,0,0,16,179,64,33,9,117,8,3,2,0,0,0,6,6,3,0,0,3,39,3,124,21,1,46,25,12,104,1,1,2,32,80,27,8,62,31,0,27,2,35,338,46,0,18,16,0,18,219,78,0,5,7,3,11,11,2,14,47,3,80,11,83,3,103,17,23,274,32,0,0,1,103,8,5,124,0.63,2.41,2
FCS Bucureşti,"Petrolul 52 - FCS Bucureşti, 0-1",2025-07-19 20:30:00,3,Away,11565,719,191642,4435361,5715691,1.78,37.43,0.89,42.77,38.32,101.6,61.49,0,5.35,9.8,4.46,7.13,115.8,43.66,4.46,0,0,0,23.4,22.28,162.2,62.38,33.86,15.15,115,13.37,3.56,2.67,0,0,2.67,11.58,9.8,0.89,0,0.89,4.46,34.75,2.67,112.3,5.35,6.24,19.55,31.19,20.5,8.02,4.46,16.04,61.49,21.39,8.02,60.59,33.86,1.78,17.82,3.56,36.53,18.63,302.1,38.32,0,53.7,12.48,196,0,5.35,8.02,2.67,9.8,10.69,0.89,16.04,35.64,2.67,66.83,15.15,81.98,2.67,98.91,3.56,16.93,237.9,24.06,0,0.89,1.78,98.91,4.46,14.26,112.3,1.41,0.64,3.56,42.86,10.2,0,38.46,44.74,0,0,0,9.091,40,36.73,37.91,35.29,36,55.88,0,45.45,93.02,27.27,68,71.32,100,88.1,66.67,54.29,78.76,62.79,55.56,100,40,18.75,88.1,100,26.67,2,42,18,1,48,43,1,0,6,11,5,8,130,49,5,0,0,0,25,182,70,38,17,129,15,4,3,0,0,3,13,11,1,0,1,5,39,3,126,6,7,35,23,9,114,1,1,5,18,69,24,9,68,38,2,20,4,41,339,43,0,10.05,2,0,14,220,69,0,6,9,3,11,12,1,18,40,3,75,17,92,3,111,4,19,267,27,0,1,2,111,5,16,126,1.58,0.72,4
Petrolul 52,"Metaloglobus - Petrolul 52, 0-3",2025-07-25 18:45:00,3,Away,60390,719,191642,4435361,5715696,3.56,32.08,0.89,28.51,26.73,81.98,59.7,0,0,8.02,1.78,3.56,141.7,73.07,16.04,0,0,0,13.73,11.58,175.5,70.4,30.3,21.39,93.56,12.48,0,0,0,0,0,7.13,6.24,6.24,0,2.67,0.89,36.53,2.67,64.16,9.8,4.46,23.8,31.19,24.95,8.91,1.78,49.01,99.8,19.6,7.13,45.45,23.17,0,11.58,0,28.51,17.8,219.2,24.95,0.89,37.5,8.91,131,0,2.67,2.67,2.67,8.91,14.26,0,14.26,25.84,2.67,107.8,8.02,55.25,2.67,52.57,8.02,15.15,161.3,12.48,0.89,0,0,52.57,0,5.35,64.16,2.01,1.6,0.89,69.44,21.95,0,40.1,70.59,0,0,0,30,100,67.07,56.85,43.14,61.54,50.98,100,50,96.67,33.33,69.23,59.05,100,81.94,81.82,48.57,73.58,50,100,0,0,83.33,81.94,100,7.143,4,36,25,1,32,30,1,0,0,9,2,4,159,82,18,0,0,0,13,197,79,34,24,105,14,0,0,0,0,0,8,7,7,0,3,1,41,3,72,11,5,35,28,10,92,1,1,2,55,112,22,8,51,26,0,13,0,32,246,28,1,11.09,13,0,10,147,67,0,3,3,3,10,16,0,16,29,3,121,9,62,3,59,9,17,181,14,1,0,0,59,0,6,72,2.26,1.8,1
Unirea Slobozia,"Unirea Slobozia - Oţelul, 2-1",2026-03-23 19:30:00,3,Home,11663,719,191642,4437511,5823758,0,39.21,0.89,25.84,29.41,106,72.18,0.89,4.46,5.35,0.89,4.46,131,46.34,13.37,1.78,0,0,26.29,9.8,150.6,57.92,38.32,15.15,80.2,8.02,4.46,1.78,0,0,0,6.24,5.35,3.56,0,1.78,0.89,45.45,2.67,48.12,1.78,4.46,27.37,39.21,25.84,10.69,4.46,31.19,69.5,12.48,0.89,39.21,18.71,0,17.82,2.67,40.99,20.24,179.1,26.73,0.89,37.5,4.46,87.33,0,1.78,4.46,2.67,10.69,10.69,0,5.35,25.84,0.89,91.78,6.24,40.99,2.67,40.99,0.89,19.6,121.2,12.48,0.89,0,0,40.99,1.78,7.13,48.12,1.29,0.8,0.89,38.64,28.85,0,38.46,39.53,0,0,0,16.67,100,67.31,46.15,31.82,9.09,47.73,100,33.33,87.88,16.67,63.64,51.11,100,85.19,50,50,67.66,46.67,20,0,0,50,85.19,100,11.11,0,44,17,1,29,33,0,1,5,6,1,5,147,52,15,2,0,0,11,169,65,43,17,90,9,5,2,0,0,0,7,6,4,0,2,1,51,3,54,2,5,44,29,12,119,1,1,5,35,78,14,1,44,21,0,20,3,46,201,30,1,14.59,12,0,5,98,81,0,2,5,3,12,12,0,6,29,1,103,7,46,3,46,1,22,136,14,1,0,0,46,2,8,54,1.45,0.9,1
Argeș,"Farul Constanţa - Argeș, 0-0",2025-10-17 19:30:00,1,Away,23334,719,191642,4435361,5715777,2.7,51.3,0,33.3,41.4,118.8,85.5,0,2.7,7.2,1.8,6.3,144.9,57.6,12.6,1.8,0,0,22.93,18,219.6,84.6,50.4,23.4,124.2,12.6,7.2,3.6,0,0,1.8,12.6,11.7,0.9,0,0,0,36,2.7,82.8,0,9.9,25.09,55.8,50.4,20.7,9,34.2,99.9,20.7,4.5,60.3,27,0.9,28.8,0.9,33.3,18.74,279.9,51.3,0,45.7,10.8,158.4,0,2.7,3.6,2.7,8.1,9.9,0,9.9,38.7,2.7,94.5,6.3,77.4,1.8,74.7,0,32.4,209.7,30.6,0,0,0.9,74.7,0.9,9,82.8,1.05,0.93,0.9,47.37,21.88,0,38.52,46.43,0,0,0,0,0,59.38,45.49,34.33,25,44.78,0,33.33,93.48,37.5,35,62.32,66.67,90.22,0,58.06,74.92,59.65,50,0,100,40,90.22,0,7.143,3,57,27,0,37,46,1,0,3,8,2,7,161,64,14,2,0,0,20,244,94,56,26,138,14,8,4,0,0,2,14,13,1,0,0,0,40,3,92,0,11,62,56,23,132,1,1,10,38,111,23,5,67,30,1,32,1,37,311,57,0,9.57,15,0,12,176,95,0,3,4,3,9,11,0,11,43,3,105,7,86,2,83,0,36,233,34,0,0,1,83,1,10,92,1.17,1.03,1
FCS Bucureşti,"Universitatea Craiova - FCS Bucureşti, 1-0",2026-02-15 19:00:00,0,Away,11565,719,191642,4435361,5715893,0.9,37.8,0,39.6,60.3,118.8,69.3,0.9,4.5,17.1,2.7,2.7,100.8,37.8,7.2,0.9,0,0,13.79,12.6,138.6,52.2,33.3,14.4,131.4,8.1,3.6,0,0,0,0,7.2,6.3,1.8,0,0,2.7,25.2,2.7,154.8,9,2.7,31.63,55.8,19.8,7.2,3.6,23.4,66.6,18.9,8.1,43.2,20.7,2.7,27,3.6,37.8,18.98,386.1,60.3,0,60.5,7.2,263.7,0,4.5,8.1,2.7,9.9,9,0,18.9,54.9,9,65.7,8.1,90,2.7,139.5,5.4,31.5,308.7,41.4,0,0,0,139.5,4.5,16.2,154.8,0.76,0.82,2.7,45.24,19.05,0,37.66,43.24,0,0,0,0,33.33,61.9,48.05,43.75,64.29,47.92,0,18.18,91.04,52.63,64.29,68.49,100,90.12,60,56.45,79.95,68.66,55.56,0,0,33.33,90.12,0,33.33,1,42,19,0,44,67,0,1,5,19,3,3,112,42,8,1,0,0,14,154,58,37,16,146,9,4,0,0,0,0,8,7,2,0,0,3,28,3,172,10,3,62,22,8,132,1,1,4,26,74,21,9,48,23,3,30,4,42,429,67,0,10,5,0,8,293,77,0,5,9,3,11,10,0,21,61,10,73,9,100,3,155,6,35,343,46,0,0,0,155,5,18,172,0.84,0.91,3
Rapid Bucureşti,"Rapid Bucureşti - Universitatea Craiova, 1-1",2026-03-08 19:00:00,1,Home,11566,719,191642,4435361,5715918,1.8,27.9,0,30.6,33.3,99,66.6,0.9,2.7,7.2,0.9,1.8,127.8,60.3,11.7,0,0,0,11.12,14.4,157.5,50.4,27,14.4,97.2,11.7,2.7,0.9,0,0,0.9,3.6,3.6,0.9,0,0.9,1.8,39.6,2.7,81.9,9.9,2.7,26.5,39.6,23.4,6.3,4.5,37.8,75.6,17.1,5.4,45.9,18,3.6,16.2,1.8,42.3,17.96,252,29.7,0,34.7,10.8,146.7,0,2.7,3.6,2.7,8.1,9,0.9,8.1,32.4,0.9,91.8,7.2,54.9,2.7,68.4,6.3,14.4,180.9,13.5,0,0,1.8,68.4,8.1,11.7,81.9,1.52,0.18,1.8,51.61,19.4,0,32,53.33,0,0,0,11.11,0,62.69,48,37.25,37.5,39.22,0,22.22,97.3,12.5,50,56.48,100,83.52,63.64,36.36,71.79,45.45,50,0,22.22,23.08,83.52,0,15.38,2,31,16,0,34,37,0,1,3,8,1,2,142,67,13,0,0,0,16,175,56,30,16,108,13,3,1,0,0,1,4,4,1,0,1,2,44,3,91,11,3,44,26,7,110,1,1,5,42,84,19,6,51,20,4,18,2,47,280,33,0,17.17,14,0,12,163,74,0,3,4,3,9,10,1,9,36,1,102,8,61,3,76,7,16,201,15,0,0,2,76,9,13,91,1.69,0.2,2
Universitatea Cluj,"CFR Cluj - Universitatea Cluj, 3-2",2026-02-07 19:00:00,0,Away,60374,719,191642,4435361,5715885,1.8,28.8,0.9,68.4,86.4,104.4,81.9,2.7,7.2,18.9,3.6,7.2,97.2,43.2,8.1,0,0,0,14.51,31.5,165.6,67.5,28.8,10.8,169.2,9.9,0.9,0.9,0,0,0,0.9,0.9,0,0,1.8,4.5,25.2,2.7,198.9,20.7,3.6,21.46,43.2,26.1,14.4,12.6,27.9,79.2,26.1,16.2,67.5,34.2,0,23.4,1.8,34.2,19.54,505.8,62.1,0,68.1,26.1,382.5,0,3.6,9,2.7,16.2,10.8,1.8,32.4,84.6,9,63.9,25.2,126.9,2.7,181.8,14.4,24.3,434.7,39.6,0,0,0.9,181.8,4.5,25.2,198.9,2.53,1.54,1.8,37.5,18.75,0,40.76,37.5,0,0,0,11.11,60,64.58,47.83,38.67,51.43,50.67,0,44.44,97.92,47.62,80,75,100,91.4,69.57,56.25,85.94,63.77,70,0,20,42.86,91.4,0,18.18,2,32,12,1,76,96,0,3,8,21,4,8,108,48,9,0,0,0,35,184,75,32,12,188,11,1,1,0,0,0,1,1,0,0,2,5,28,3,221,23,4,48,29,16,116,1,1,14,31,88,29,18,75,38,0,26,2,38,562,69,0,7.09,3,0,29,425,91,0,4,10,3,18,12,2,36,94,10,71,28,141,3,202,16,27,483,44,0,0,1,202,5,28,221,2.81,1.71,2
Csikszereda Miercurea Ciuc,"CFR Cluj - Csikszereda Miercurea Ciuc, 3-1",2025-12-12 19:30:00,0,Away,22731,719,191642,4435361,5715832,0.91,15.45,0.91,42.73,48.18,86.36,68.18,2.73,1.82,12.73,1.82,4.55,107.3,49.09,10,0.91,0.91,0,21.37,20.91,140.9,54.55,13.64,8.18,132.7,11.82,3.64,2.73,0,0,0,1.82,1.82,3.64,0,0.91,1.82,42.73,2.73,151.8,5.45,1.82,29.07,50,20.91,8.18,2.73,33.64,69.09,18.18,9.09,55.45,27.27,3.64,16.36,0,32.73,18.65,372.7,50,0,46.2,8.18,260,0,2.73,3.64,2.73,7.27,13.64,1.82,19.09,44.55,4.55,85.45,15.45,93.64,2.73,137.3,4.55,24.55,305.4,30.91,0,0.91,0,137.3,5.45,7.27,151.8,0.38,1.5,1.82,58.82,20.37,100,38.71,60,0,0,0,12.5,100,68.52,49.03,32.79,43.48,49.18,0,62.5,92.45,35.71,73.91,70.55,100,90.42,83.33,49.09,81.95,61.82,75,50,0,37.5,90.42,0,15.38,1,17,10,1,47,53,0,3,2,14,2,5,118,54,11,1,1,0,23,155,60,15,9,146,13,4,3,0,0,0,2,2,4,0,1,2,47,3,167,6,2,55,23,9,95,1,1,3,37,76,20,10,61,30,4,18,0,36,410,55,0,11.25,7,0,9,286,75,0,3,4,3,8,15,2,21,49,5,94,17,103,3,151,5,27,336,34,0,1,0,151,6,8,167,0.42,1.65,2
Dinamo Bucureşti,"Csikszereda Miercurea Ciuc - Dinamo Bucureşti, 2-2",2025-07-14 20:30:00,1,Away,11564,719,191642,4435361,5715687,1.82,23.64,1.82,64.55,71.82,107.3,81.82,1.82,8.18,23.64,5.45,0.91,93.64,44.55,11.82,1.82,0.91,0,29.05,24.55,145.4,61.82,23.64,10.91,170.9,10,1.82,0.91,0,0,0,4.55,3.64,1.82,0,1.82,0.91,25.45,2.73,214.6,13.64,2.73,32.12,38.18,20.91,10,1.82,28.18,74.55,25.45,12.73,56.36,29.09,0.91,34.55,1.82,22.73,18.39,559.1,71.82,0,70.6,12.73,450.9,0,1.82,8.18,2.73,15.45,4.55,0.91,28.18,70,5.45,64.55,15.45,140,2.73,193.6,11.82,21.82,491.8,52.73,0,0,1.82,193.6,5.45,20,214.6,1.46,0.29,2.73,46.15,26.53,50,42.5,46.15,0,0,0,11.77,100,63.27,51.25,45.16,51.85,51.61,0,64.71,97.47,23.08,62.96,81.91,100,90.25,86.67,57.14,87.97,73.42,66.67,0,33.33,40.91,90.25,0,27.27,2,26,12,2,71,79,0,2,9,26,6,1,103,49,13,2,1,0,27,160,68,26,12,188,11,2,1,0,0,0,5,4,2,0,2,1,28,3,236,15,3,42,23,11,118,1,1,2,31,82,28,14,62,32,1,38,2,25,615,79,0,5.77,10,0,14,496,90,0,2,9,3,17,5,1,31,77,6,71,17,154,3,213,13,24,541,58,0,0,2,213,6,22,236,1.61,0.32,3
Dinamo Bucureşti,"Dinamo Bucureşti - UTA Arad, 1-1",2025-08-15 20:30:00,1,Home,11564,719,191642,4435361,5715722,4.55,25.45,0.91,52.73,75.45,90,65.45,0.91,5.45,20,3.64,4.55,120,58.18,10,0,0,0,7.03,18.18,156.4,60,24.55,13.64,169.1,8.18,0.91,0.91,0,0,0,1.82,1.82,5.45,0,0.91,0.91,36.36,2.73,160,22.73,0,24.95,15.45,21.82,10,5.45,31.82,74.55,19.09,11.82,50.91,26.36,1.82,24.55,2.73,30.91,14.33,510.9,48.18,0,58.9,24.55,415.4,1.82,1.82,10.91,2.73,13.64,10.91,0.91,23.64,72.73,5.45,81.82,17.27,143.6,2.73,143.6,20,7.27,457.3,39.09,0,0.91,0,143.6,0.91,35.45,160,1.28,1.24,1.82,53.57,17.19,0,38.37,55.56,0,0,0,6.667,0,54.69,47.67,37.5,65,51.79,0,40,96.39,27.27,95,84.95,100,89.77,88,47.06,89.5,81.13,83.33,100,0,38.46,89.77,0,22.22,5,28,15,1,58,83,0,1,6,22,4,5,132,64,11,0,0,0,20,172,66,27,15,186,9,1,1,0,0,0,2,2,6,0,1,1,40,3,176,25,0,17,24,11,99,1,1,6,35,82,21,13,56,29,2,27,3,34,562,53,0,8.06,11,0,27,457,72,2,2,12,3,15,12,1,26,80,6,90,19,158,3,158,22,8,503,43,0,1,0,158,1,39,176,1.41,1.36,2
Farul Constanţa,"Farul Constanţa - FCS Bucureşti, 1-2",2025-11-30 19:30:00,0,Home,61242,719,191642,4435361,5715819,3.64,28.18,0,57.27,59.09,136.4,93.64,1.82,2.73,18.18,2.73,4.55,126.4,61.82,11.82,0,0,0,24.4,25.45,198.2,70.91,27.27,8.18,149.1,13.64,1.82,0.91,0,0,0.91,3.64,2.73,3.64,0,0.91,0.91,36.36,2.73,140.9,2.73,2.73,31.32,66.36,38.18,17.27,7.27,44.55,93.64,23.64,12.73,70,33.64,1.82,39.09,1.82,33.64,19.82,414.6,66.36,0.91,53.1,7.27,261.8,0,0.91,6.36,2.73,10,8.18,3.64,22.73,55.45,5.45,89.09,18.18,89.09,2.73,115.5,1.82,33.64,309.1,36.36,0.91,0.91,2.73,115.5,13.64,12.73,140.9,1.86,1.69,1.82,29.03,19.12,0,35.78,30,0,0,0,9.091,0,72.06,47.25,33.77,50,48.05,100,36.36,93.85,30,71.43,59.76,100,81.94,66.67,50.68,74.56,54.79,14.29,25,20,35.71,81.94,0,13.33,4,31,9,0,63,65,0,2,3,20,3,5,139,68,13,0,0,0,28,218,78,30,9,164,15,2,1,0,0,1,4,3,4,0,1,1,40,3,155,3,3,73,42,19,150,1,1,8,49,103,26,14,77,37,2,43,2,37,456,73,1,6.73,37,0,8,288,103,0,1,7,3,11,9,4,25,61,6,98,20,98,3,127,2,37,340,40,1,1,3,127,15,14,155,2.05,1.86,2
Universitatea Craiova,"Petrolul 52 - Universitatea Craiova, 0-4",2026-01-19 19:00:00,3,Away,26233,719,191642,4435361,5715854,3.64,16.36,0,40.91,82.73,97.27,80.91,0,0.91,9.09,10,3.64,116.4,56.36,18.18,0,0,0,26.03,15.45,152.7,62.73,15.45,7.27,150,10,0.91,0.91,0,0,0.91,7.27,6.36,1.82,0,3.64,0,43.64,2.73,180,0.91,5.45,26.68,46.36,12.73,6.36,2.73,36.36,74.55,23.64,5.45,67.27,30,1.82,32.73,0.91,36.36,17.08,487.3,50,1.82,52.7,19.09,374.6,0,1.82,4.55,2.73,12.73,7.27,3.64,16.36,75.45,4.55,88.18,8.18,109.1,2.73,166.4,0.91,25.45,418.2,34.55,1.82,1.82,2.73,166.4,8.18,12.73,180,2.45,0.7,0.91,50,32.26,0,41.07,47.06,0,0,0,28.57,0,64.52,48.81,35.14,35.29,44.59,100,35.71,91.21,50,52.94,72.73,100,92.42,100,54.9,85.82,69.09,20,50,33.33,28.57,92.42,100,9.091,4,18,9,0,45,91,1,0,1,10,11,4,128,62,20,0,0,0,17,168,69,17,8,165,11,1,1,0,0,1,8,7,2,0,4,0,48,3,198,1,6,51,14,7,107,1,1,3,40,82,26,6,74,33,2,36,1,40,536,55,2,9.38,16,0,21,412,89,0,2,5,3,14,8,4,18,83,5,97,9,120,3,183,1,28,460,38,2,2,3,183,9,14,198,2.7,0.77,1
Argeș,"Argeș - Rapid Bucureşti, 0-2",2025-07-11 20:30:00,0,Home,23334,719,191642,4435361,5715681,1.84,33.06,0,43.16,31.22,83.57,64.29,1.84,6.43,12.86,4.59,2.76,140.5,73.47,14.69,0,0,0,7.96,17.45,187.3,73.47,33.06,19.29,121.2,20.2,5.51,2.76,0,0,0,2.76,1.84,2.76,0,0,2.76,33.98,2.76,108.4,4.59,1.84,26.95,45.92,28.47,11.02,16.53,43.16,96.43,22.96,11.02,52.35,28.47,0.92,22.04,0,20.2,19.27,296.6,49.59,0,53.5,13.78,186.4,0,3.67,6.43,2.76,12.86,7.35,0,14.69,30.31,0.92,96.43,14.69,83.57,2.76,92.76,1.84,22.04,228.7,28.47,0,0,0.92,92.76,2.76,21.12,108.4,1.68,0.39,4.59,58.33,20,0,39.22,58.33,0,0,0,0,33.33,58.75,51.47,43.86,63.16,54.39,0,21.43,97.06,7.14,84.21,68.94,100,85.59,40,48,77.09,57.41,85.71,0,33.33,26.09,85.59,0,22.73,2,36,21,0,47,34,0,2,7,14,5,3,153,80,16,0,0,0,19,204,80,36,21,132,22,6,3,0,0,0,3,2,3,0,0,3,37,3,118,5,2,50,31,12,91,1,1,18,47,105,25,12,57,31,1,24,0,22,323,54,0,4.96,23,0,15,203,70,0,4,7,3,14,8,0,16,33,1,105,16,91,3,101,2,24,249,31,0,0,1,101,3,23,118,1.83,0.42,5
Botoşani,"Botoşani - Argeș, 3-1",2025-08-11 18:00:00,3,Home,11634,719,191642,4435361,5715713,2.76,56.94,1.84,35.82,35.82,103.8,78.06,0.92,3.67,8.27,0.92,6.43,159.8,72.55,19.29,0,0,0,18.82,15.61,214,77.14,54.18,22.96,114.8,11.94,0,0,0,0,0.92,9.18,3.67,2.76,0,2.76,0,30.31,2.76,56.02,1.84,8.27,28.47,52.35,36.73,13.78,5.51,56.94,112,16.53,10.1,47.76,19.29,0.92,20.2,0.92,36.73,21.54,236,34.9,0,45.9,7.35,118.5,0,0.92,4.59,2.76,11.02,11.94,0.92,18.37,33.06,0.92,112,11.02,69.8,2.76,43.16,0.92,25.71,158,20.2,0,0.92,1.84,43.16,3.67,13.78,56.02,1.28,0.8,2.76,43.55,26.58,0,36.05,42.37,0,0,0,25,0,78.48,52.36,34.62,64.71,40.38,0,58.33,92.31,11.11,70.59,60.8,100,77.05,50,49.12,66.93,57.89,60,100,50,40,77.05,100,23.08,3,62,27,2,39,39,0,1,4,9,1,7,174,79,21,0,0,0,17,233,84,59,25,125,13,0,0,0,0,1,10,4,3,0,3,0,33,3,61,2,9,57,40,15,113,1,1,6,62,122,18,11,52,21,1,22,1,40,257,38,0,7.64,6,0,8,129,85,0,1,5,3,12,13,1,20,36,1,122,12,76,3,47,1,28,172,22,0,1,2,47,4,15,61,1.39,0.87,3
CFR Cluj,"CFR Cluj - Rapid Bucureşti, 1-0",2026-03-20 20:45:00,3,Home,11611,719,191642,4437530,5823759,1.84,29.39,0,33.06,48.67,111.1,78.06,0,3.67,5.51,2.76,1.84,130.4,72.55,22.04,2.76,1.84,0,18.49,11.02,194.7,77.14,25.71,11.94,128.6,11.02,3.67,1.84,0,0,2.76,5.51,5.51,2.76,0,0.92,0.92,28.47,2.76,130.4,2.76,3.67,23.69,45,22.04,12.86,0.92,43.16,101.9,33.06,5.51,70.71,29.39,0.92,22.96,0,35.82,14.13,373.8,39.49,0,49.1,13.78,252.6,0,2.76,8.27,2.76,16.53,9.18,0,15.61,45.92,2.76,84.49,8.27,85.41,2.76,120.3,0.92,22.04,301.2,22.04,0,0,0,120.3,2.76,19.29,130.4,3.65,0.65,2.76,43.75,30.38,66.67,39.62,46.43,0,0,0,5.556,0,59.49,52.36,46.75,50,41.56,0,44.44,94.34,50,75,66.43,100,92.25,33.33,48.98,80.59,55.81,55.56,0,0,33.33,92.25,100,25,2,32,14,0,36,53,1,0,4,6,3,2,142,79,24,3,2,0,12,212,84,28,13,140,12,4,2,0,0,3,6,6,3,0,1,1,31,3,142,3,4,49,24,14,121,1,1,1,47,111,36,6,77,32,1,25,0,39,407,43,0,10.11,1,0,15,275,85,0,3,9,3,18,10,0,17,50,3,92,9,93,3,131,1,24,328,24,0,0,0,131,3,21,142,3.97,0.71,3
Farul Constanţa,"Hermannstadt - Farul Constanţa, 1-0",2025-08-25 18:00:00,0,Away,61242,719,191642,4435361,5715729,1.84,25.71,0,53.27,62.45,92.76,82.65,0.92,5.51,13.78,2.76,3.67,113.9,53.27,12.86,0,0,0,15.38,28.47,190.1,68.88,22.96,9.18,155.2,12.86,1.84,0.92,0,0,0,10.1,9.18,1.84,0,0,2.76,34.9,2.76,231.4,16.53,2.76,27.3,45.92,42.24,13.78,5.51,33.98,78.98,20.2,10.1,68.88,31.22,0,33.98,3.67,19.29,19.08,509.7,59.69,0,62.7,13.78,390.3,0,6.43,6.43,2.76,10.1,8.27,0.92,19.29,58.78,7.35,79.9,19.29,121.2,2.76,212.1,11.94,26.63,441.7,45,0,0.92,2.76,212.1,5.51,21.12,231.4,1.21,1.39,3.67,42.86,24.14,0,36.23,40,0,0,0,0,33.33,63.79,41.55,29.33,35.48,45.33,0,9.09,94.12,53.33,67.74,78.11,100,91.67,72.22,58,86.67,75.38,42.86,100,50,47.83,91.67,0,28.57,2,28,12,0,58,68,0,1,6,15,3,4,124,58,14,0,0,0,31,207,75,25,10,169,14,2,1,0,0,0,11,10,2,0,0,3,38,3,252,18,3,50,46,15,101,1,1,6,37,86,22,11,75,34,0,37,4,21,555,65,0,7.6,3,0,15,425,90,0,7,7,3,11,9,1,21,64,8,87,21,132,3,231,13,29,481,49,0,1,3,231,6,23,252,1.32,1.51,4
Farul Constanţa,"Farul Constanţa - UTA Arad, 1-1",2025-12-15 16:30:00,1,Home,61242,719,191642,4435361,5715839,0.92,43.16,0.92,54.18,66.12,128.6,97.35,0.92,4.59,11.94,7.35,3.67,178.2,90,13.78,0,0,0,23.51,27.55,254.4,95.51,39.49,19.29,184.6,14.69,3.67,2.76,0,0,0.92,7.35,6.43,4.59,0,0.92,0.92,45,2.76,115.7,9.18,3.67,33.03,61.53,42.24,20.2,5.51,62.45,138.7,34.9,17.45,78.98,40.41,0,30.31,1.84,40.41,19.74,417.9,58.78,0,56,17.45,262.6,0,4.59,11.02,2.76,14.69,11.94,0,27.55,57.86,6.43,128.6,22.04,130.4,2.76,107.5,9.18,39.49,335.2,41.33,0,0,1.84,107.5,5.51,13.78,115.7,0.86,2.2,1.84,48.94,15.31,0,37.55,48.84,0,0,0,6.25,0,69.39,54.51,44.19,63.33,51.16,0,25,87.5,53.85,80,70.65,100,92.86,100,64.18,80.22,70.31,58.33,0,33.33,26.67,92.86,0,12.5,1,47,23,1,59,72,0,1,5,13,8,4,194,98,15,0,0,0,30,277,104,43,21,201,16,4,3,0,0,1,8,7,5,0,1,1,49,3,126,10,4,67,46,22,140,1,1,6,68,151,38,19,86,44,0,33,2,44,455,64,0,7.49,2,0,19,286,106,0,5,12,3,16,13,0,30,63,7,140,24,142,3,117,10,43,365,45,0,0,2,117,6,15,126,0.94,2.4,2
Metaloglobus,"Metaloglobus - Farul Constanţa, 2-1",2025-12-07 16:30:00,3,Home,11943,719,191642,4435361,5715826,0.92,34.9,1.84,43.16,43.16,123.1,74.39,0.92,5.51,10.1,6.43,6.43,163.5,67.04,9.18,0,0,0,12.34,22.04,180.9,56.94,32.14,12.86,120.3,13.78,0,0,0,0,2.76,9.18,8.27,0.92,0,1.84,0.92,61.53,2.76,77.14,9.18,7.35,31.11,39.49,18.37,5.51,4.59,39.49,77.14,18.37,9.18,60.61,28.47,1.84,17.45,0.92,55.1,21.47,287.4,32.14,0,36,6.43,175.4,0,1.84,7.35,2.76,11.02,13.78,0,19.29,41.33,5.51,114.8,15.61,71.63,2.76,65.2,8.27,14.69,211.2,16.53,0,0,0.92,65.2,4.59,11.02,77.14,1.59,1.15,2.76,39.47,13.7,0,31.47,40,0,0,0,16.67,100,58.9,42.64,30.3,41.67,46.97,0,41.67,95.74,54.55,70.83,59.54,100,84.52,90,37.21,73.48,51.43,62.5,0,20,25,84.52,100,20,1,38,15,2,47,47,0,1,6,11,7,7,178,73,10,0,0,0,24,197,62,35,14,131,15,0,0,0,0,3,10,9,1,0,2,1,67,3,84,10,8,43,20,6,134,1,1,5,43,84,20,10,66,31,2,19,1,60,313,35,0,11,10,0,7,191,81,0,2,8,3,12,15,0,21,45,6,125,17,78,3,71,9,16,230,18,0,0,1,71,5,12,84,1.73,1.25,3
Oţelul,"FCS Bucureşti - Oţelul, 1-0",2025-09-28 19:30:00,0,Away,11571,719,191642,4435361,5715762,5.51,44.08,0,42.24,45.92,106.5,73.47,0.92,3.67,13.78,4.59,3.67,137.8,60.61,11.94,0,0,0,19.91,13.78,198.4,73.47,43.16,20.2,121.2,13.78,5.51,4.59,0,0,0,8.27,6.43,2.76,0,0,2.76,33.06,2.76,114.8,5.51,4.59,26.45,37.65,35.82,11.94,8.27,37.65,94.59,24.8,10.1,57.86,29.39,1.84,24.8,0,29.39,17.95,335.2,43.16,0,48,10.1,227.8,0,3.67,9.18,2.76,12.86,12.86,1.84,19.29,43.16,6.43,90.92,11.94,90.92,2.76,100.1,4.59,20.2,274.6,24.8,0,0,0,100.1,2.76,14.69,114.8,1.35,2.27,0.92,45.83,19.7,0,37.04,46.81,0,0,0,0,66.67,62.12,47.69,42.86,73.33,50.79,0,21.43,94,46.67,86.67,75,100,87.2,83.33,53.66,81.92,57.45,50,0,0,31.25,87.2,0,6.667,6,48,22,0,46,50,0,1,4,15,5,4,150,66,13,0,0,0,15,216,80,47,22,132,15,6,5,0,0,0,9,7,3,0,0,3,36,3,125,6,5,41,39,13,116,1,1,9,41,103,27,11,63,32,2,27,0,32,365,47,0,10.58,6,0,11,248,80,0,4,10,3,14,14,2,21,47,7,99,13,99,3,109,5,22,299,27,0,0,0,109,3,16,125,1.47,2.47,1
Petrolul 52,"Petrolul 52 - Botoşani, 0-0",2025-11-03 19:30:00,1,Home,60390,719,191642,4435361,5715795,0.92,27.55,0,33.06,43.16,100.1,70.71,0,5.51,11.02,0.92,5.51,116.6,61.53,11.94,0,0,0,15.12,14.69,172.7,65.2,22.96,11.94,123.1,11.02,1.84,1.84,0,0,0,3.67,3.67,6.43,0,0,3.67,27.55,2.76,118.5,0,1.84,23.6,45,37.65,18.37,4.59,45.92,98.27,20.2,11.02,45.92,21.12,3.67,14.69,0.92,34.9,19.19,342.6,37.65,0,42.9,7.35,227.8,0,5.51,5.51,2.76,6.43,11.02,0.92,15.61,39.49,1.84,87.24,11.02,82.65,2.76,101.9,0,25.71,266.3,23.88,0,0.92,0,101.9,1.84,11.94,118.5,0.78,1.32,1.84,50,19.4,0,37.77,52,0,0,0,0,25,74.63,56.91,44,75,46,0,28.57,91.49,16.67,75,67.16,100,86.05,0,57.14,77.75,63.41,66.67,100,0,15.38,86.05,0,16.67,1,30,15,0,36,47,1,0,6,12,1,6,127,67,13,0,0,0,16,188,71,25,13,134,12,2,2,0,0,0,4,4,7,0,0,4,30,3,129,0,2,49,41,20,109,1,1,5,50,107,22,12,50,23,4,16,1,38,373,41,0,11.66,17,0,8,248,77,0,6,6,3,7,12,1,17,43,2,95,12,90,3,111,0,28,290,26,0,1,0,111,2,13,129,0.85,1.44,2
Rapid Bucureşti,"Oţelul - Rapid Bucureşti, 1-1",2025-08-11 20:30:00,1,Away,11566,719,191642,4435361,5715716,3.67,35.82,0.92,42.24,70.71,104.7,75.31,0.92,11.94,7.35,2.76,5.51,115.7,56.94,17.45,0,0,0,18.24,20.2,196.5,78.98,32.14,14.69,162.6,8.27,0.92,0,0,0,0,0.92,0.92,4.59,0,0.92,1.84,22.96,2.76,112,11.02,0,28.23,53.27,33.06,13.78,4.59,39.49,100.1,31.22,11.94,70.71,32.14,2.76,23.88,0,33.98,18.71,407.8,59.69,0,55.1,21.12,279.2,0,9.18,8.27,2.76,14.69,16.53,0,22.96,67.04,3.67,78.06,13.78,123.1,2.76,104.7,5.51,35.82,344.4,45.92,0,0,0,104.7,0.92,17.45,112,1.17,1.23,0,43.59,30.65,0,40.19,45.71,0,0,0,6.25,100,69.35,50.93,44.16,59.09,45.45,0,50,94.81,50,68.18,75.71,100,93.44,50,67.24,84.46,76.92,66.67,0,0,47.37,93.44,0,0,4,39,17,1,46,77,0,1,13,8,3,6,126,62,19,0,0,0,22,214,86,35,16,177,9,1,0,0,0,0,1,1,5,0,1,2,25,3,122,12,0,58,36,15,114,1,1,5,43,109,34,13,77,35,3,26,0,37,444,65,0,10.09,3,0,23,304,82,0,10,9,3,16,18,0,25,73,4,85,15,134,3,114,6,39,375,50,0,0,0,114,1,19,122,1.27,1.34,0
UTA Arad,"Farul Constanţa - UTA Arad, 1-1",2025-12-15 16:30:00,1,Away,30817,719,191642,4435361,5715839,2.76,43.16,0,56.94,45.92,132.2,93.67,0.92,1.84,17.45,4.59,10.1,160.7,78.98,9.18,0,0,0,13.13,26.63,254.4,84.49,39.49,14.69,142.3,12.86,2.76,1.84,0,0,1.84,8.27,6.43,2.76,0,0.92,1.84,38.57,2.76,102.9,0,6.43,30.22,51.43,42.24,17.45,1.84,44.08,105.6,27.55,11.94,90,41.33,1.84,24.8,0,44.08,18.93,347.1,54.18,0.92,44,8.27,189.2,0,4.59,7.35,2.76,11.94,14.69,0.92,22.04,41.33,6.43,99.18,19.29,85.41,2.76,81.73,0,22.04,249.8,25.71,0.92,0,0,81.73,0.92,21.12,102.9,2.2,0.86,1.84,38.3,11.63,0,33.21,37.21,0,0,0,7.692,50,55.81,41.52,30.61,44.83,45.92,100,30.77,90,36.84,72.41,60,100,79.46,0,42.86,71.96,47.46,37.5,0,0,43.48,79.46,0,14.29,3,47,18,0,62,50,0,1,2,19,5,11,175,86,10,0,0,0,29,277,92,43,16,155,14,3,2,0,0,2,9,7,3,0,1,2,42,3,112,0,7,56,46,19,144,1,1,2,48,115,30,13,98,45,2,27,0,48,378,59,1,10.48,5,0,9,206,102,0,5,8,3,13,16,1,24,45,7,108,21,93,3,89,0,24,272,28,1,0,0,89,1,23,112,2.4,0.94,2
Universitatea Cluj,"Hermannstadt - Universitatea Cluj, 2-2",2025-08-03 17:30:00,1,Away,60374,719,191642,4435361,5715708,0,16.53,1.84,46.84,105.6,84.49,56.94,1.84,4.59,16.53,2.76,8.27,100.1,60.61,17.45,0,0,0,11.17,20.2,148.8,55.1,16.53,6.43,178.2,10.1,0.92,0,0,0,0,5.51,3.67,2.76,0,1.84,2.76,22.96,2.76,251.6,8.27,3.67,25.63,36.73,14.69,6.43,4.59,40.41,77.14,23.88,11.94,56.94,24.8,0.92,19.29,0,33.98,17.12,675,59.69,0,70.4,21.12,565.7,0,6.43,9.18,2.76,10.1,14.69,0,21.12,102.9,6.43,69.8,12.86,152.4,2.76,234.2,6.43,24.8,613.5,53.27,0,0,0,234.2,0,12.86,251.6,1.07,2.14,0.92,38.89,28.79,0,37.04,38.89,0,0,0,18.18,0,66.67,51.85,41.94,59.09,43.55,0,27.27,97.39,38.89,63.64,85.57,100,93.07,77.78,67.5,90.88,89.23,50,0,0,42.86,93.07,0,9.091,0,18,7,2,51,115,0,2,5,18,3,9,109,66,19,0,0,0,22,162,60,18,7,194,11,1,0,0,0,0,6,4,3,0,2,3,25,3,274,9,4,40,16,7,92,1,1,5,44,84,26,13,62,27,1,21,0,37,735,65,0,6.57,0,0,23,616,62,0,7,10,3,11,16,0,23,112,7,76,14,166,3,255,7,27,668,58,0,0,0,255,0,14,274,1.17,2.33,1
Botoşani,"Botoşani - Csikszereda Miercurea Ciuc, 3-1",2025-08-23 17:45:00,3,Home,11634,719,191642,4435361,5715728,6.49,32.47,1.86,40.82,68.66,111.3,70.52,0.93,4.64,12.06,7.42,2.78,144.7,80.72,13.92,0,0,0,10.77,15.77,207.8,64.95,29.69,12.06,132.7,24.12,0,0,0,0,0.93,5.57,3.71,1.86,0,2.78,0,31.55,2.78,96.49,2.78,4.64,26.02,38.04,30.62,12.06,1.86,48.25,95.57,21.34,9.28,64.02,25.05,1.86,26.91,1.86,27.84,18.41,323.8,49.18,0.93,58.5,23.2,207.8,0,0.93,7.42,2.78,12.99,7.42,0,20.41,64.02,3.71,93.71,12.99,89.07,2.78,79.79,1.86,14.85,251.4,29.69,0.93,0,0,79.79,0.93,17.63,96.49,1.89,0.84,4.64,42.86,17.24,0,31.25,40.63,0,0,0,21.43,0,59.77,45.98,33.33,58.82,39.13,100,57.14,93.24,30.77,82.35,67.13,100,82.69,66.67,39.02,77.65,60.38,75,0,0,42.11,82.69,100,19.23,7,35,15,2,44,74,0,1,5,13,8,3,156,87,15,0,0,0,17,224,70,32,13,143,26,0,0,0,0,1,6,4,2,0,3,0,34,3,104,3,5,41,33,13,120,1,1,2,52,103,23,10,69,27,2,29,2,30,349,53,1,4.7,2,0,25,224,76,0,1,8,3,14,8,0,22,69,4,101,14,96,3,86,2,16,271,32,1,0,0,86,1,19,104,2.04,0.91,5
CFR Cluj,"CFR Cluj - Argeș, 0-2",2025-07-27 17:30:00,0,Home,11611,719,191642,4435361,5715700,0.93,69.59,0,40.82,54.74,119.7,76.08,1.86,7.42,17.63,2.78,5.57,130.8,45.46,8.35,0.93,0,0,10.08,13.92,210.6,73.3,67.73,25.05,153.1,12.06,2.78,1.86,0,0,0,10.21,9.28,2.78,0,0,1.86,15.77,2.78,134.5,0.93,7.42,28.58,61.24,29.69,16.7,2.78,18.56,82.58,21.34,9.28,65.88,22.27,1.86,18.56,0,24.12,19.27,395.3,51.03,0,61.9,6.49,252.4,0,6.49,6.49,2.78,9.28,11.13,0,16.7,53.81,6.49,60.31,11.13,103.9,2.78,121.5,0.93,34.33,316.4,30.62,0,0,0.93,121.5,3.71,14.85,134.5,0.47,1.18,1.86,37.33,18.37,0,34.8,36.99,0,0,0,0,0,40.82,39.21,32.39,66.67,33.8,0,10,98.31,36.84,80,67.88,100,90.34,100,56.06,80.05,60,57.14,0,25,50,90.34,0,15.38,1,75,28,0,44,59,0,2,8,19,3,6,141,49,9,1,0,0,15,227,79,73,27,165,13,3,2,0,0,0,11,10,3,0,0,2,17,3,145,1,8,66,32,18,129,1,1,3,20,89,23,10,71,24,2,20,0,26,426,55,0,8.47,3,0,7,272,82,0,7,7,3,10,12,0,18,58,7,65,12,112,3,131,1,37,341,33,0,0,1,131,4,16,145,0.51,1.27,2
CFR Cluj,"Universitatea Cluj - CFR Cluj, 2-2",2025-09-29 20:00:00,1,Away,11611,719,191642,4435361,5715765,0,29.69,1.86,40.82,79.79,98.35,76.08,1.86,6.49,15.77,2.78,4.64,137.3,69.59,19.48,0,0,0,13.21,14.85,185.6,69.59,24.12,8.35,129.9,10.21,1.86,0.93,0,0,0.93,5.57,5.57,0,0,1.86,0.93,38.04,2.78,107.6,0.93,5.57,32.05,36.19,23.2,7.42,4.64,47.32,90.93,26.91,7.42,63.09,33.4,1.86,17.63,1.86,30.62,16.66,416.6,37.11,0,50,15.77,300.6,0,0.93,6.49,2.78,8.35,8.35,1.86,12.99,77.94,0.93,94.64,13.92,95.57,2.78,88.14,0,19.48,347,20.41,0,0.93,0.93,88.14,0.93,13.92,107.6,0.48,0.51,0.93,31.25,28,0,37.5,34.62,0,0,0,22.22,100,68,49,42.65,50,52.94,0,44.44,97.67,5.88,93.75,73.57,100,81.9,0,53.85,83.3,55,57.14,50,100,46.67,81.9,0,9.091,0,32,10,2,44,86,0,2,7,17,3,5,148,75,21,0,0,0,16,200,75,26,9,140,11,2,1,0,0,1,6,6,0,0,2,1,41,3,116,1,6,39,25,8,106,1,1,5,51,98,29,8,68,36,2,19,2,33,449,40,0,10.77,4,0,17,324,82,0,1,7,3,9,9,2,14,84,1,102,15,103,3,95,0,21,374,22,0,1,1,95,1,15,116,0.52,0.55,1
Unirea Slobozia,"Unirea Slobozia - Oţelul, 0-0",2025-08-04 18:00:00,1,Home,11663,719,191642,4435361,5715711,1.86,42.68,0,63.09,43.61,111.3,93.71,0,3.71,19.48,10.21,1.86,123.4,62.16,10.21,0,0,0,15.99,25.05,198.6,81.65,42.68,18.56,153.1,13.92,2.78,0.93,0,0,0.93,4.64,3.71,3.71,0,0,0.93,18.56,2.78,78.87,1.86,3.71,28.85,57.53,22.27,8.35,1.86,39.9,103,36.19,18.56,71.44,44.54,0,31.55,2.78,32.47,19.15,327.5,52.89,0,46.7,10.21,192.1,0,0.93,12.06,2.78,18.56,6.49,0,27.84,38.04,4.64,77.01,22.27,116,2.78,61.24,1.86,39.9,253.3,35.26,0,0,0.93,61.24,1.86,14.85,78.87,1.28,1.22,1.86,43.48,16.42,0,41.12,43.48,0,0,0,0,0,64.18,51.87,50.65,74.07,62.34,0,25,87.23,23.81,88.89,75.76,100,77.65,100,69.35,77.34,66.67,46.15,0,50,25,77.65,0,13.33,2,46,20,0,68,47,1,0,4,21,11,2,133,67,11,0,0,0,27,214,88,46,20,165,15,3,1,0,0,1,5,4,4,0,0,1,20,3,85,2,4,62,24,9,120,1,1,2,43,111,39,20,77,48,0,34,3,35,353,57,0,13.81,3,0,11,207,101,0,1,13,3,20,7,0,30,41,5,83,24,125,3,66,2,43,273,38,0,0,1,66,2,16,85,1.38,1.31,2
Universitatea Cluj,"Universitatea Cluj - FCS Bucureşti, 0-2",2025-11-01 19:30:00,0,Home,60374,719,191642,4435361,5715796,0.93,25.98,0,38.04,51.03,107.6,74.23,1.86,3.71,6.49,0.93,18.56,158.7,68.66,12.06,0,0,0,30.43,25.05,175.4,60.31,25.05,13.92,117.8,6.49,1.86,0.93,0,0,0.93,10.21,8.35,6.49,0,0,1.86,64.02,2.78,99.28,7.42,8.35,24.67,36.19,17.63,7.42,6.49,44.54,84.43,17.63,6.49,63.09,25.98,0,19.48,0,56.6,18.19,320.1,21.34,0,34,6.49,217.1,0.93,3.71,4.64,2.78,6.49,27.84,0,9.28,43.61,2.78,123.4,11.13,76.08,2.78,93.71,5.57,16.7,252.4,13.92,0,0,0,93.71,0,12.99,99.28,1.4,1.61,1.86,57.14,17.57,0,34.39,55.56,0,0,0,0,0,64.86,48.15,27.94,25.93,41.18,0,0,85.45,42.86,44.44,64.57,100,94.39,75,46.15,78.84,65.22,40,0,0,7.14,94.39,0,28.57,1,28,16,0,41,55,0,2,4,7,1,20,171,74,13,0,0,0,27,189,65,27,15,127,7,2,1,0,0,1,11,9,7,0,0,2,69,3,107,8,9,39,19,8,116,1,1,7,48,91,19,7,68,28,0,21,0,61,345,23,0,15.29,10,0,7,234,80,1,4,5,3,7,30,0,10,47,3,133,12,82,3,101,6,18,272,15,0,0,0,101,0,14,107,1.51,1.73,2
FCS Bucureşti,"FCS Bucureşti - Dinamo Bucureşti, 0-0",2025-12-06 19:30:00,1,Home,11565,719,191642,4435361,5715825,0,45,0,45,68.44,123.8,88.13,0,3.75,14.06,0.94,1.88,136.9,65.63,14.06,0,0,0,29.55,25.31,210.9,75,44.06,16.88,155.6,10.31,1.88,0.94,0,0,0.94,3.75,3.75,1.88,0,0,0.94,26.25,2.81,151.9,11.25,3.75,29.16,60,19.69,7.5,12.19,46.88,101.2,30,10.31,80.63,36.56,0.94,30.94,4.69,43.13,17.62,447.2,43.13,0,52.8,7.5,314.1,0,0.94,4.69,2.81,4.69,6.56,0.94,16.88,63.75,3.75,90,14.06,112.5,2.81,137.8,8.44,37.5,371.2,30.94,0,0.94,1.88,137.8,6.56,11.25,151.9,0.5,0.46,2.81,37.5,21.43,0,35.56,38.3,0,0,0,0,0,71.43,48,37.21,40.74,45.35,0,40,93.15,26.67,55.56,72.29,100,90.74,75,62.5,83.02,71.74,80,100,28.57,33.33,90.74,0,27.27,0,48,18,0,48,73,1,0,4,15,1,2,146,70,15,0,0,0,27,225,80,47,18,166,11,2,1,0,0,1,4,4,2,0,0,1,28,3,162,12,4,64,21,8,132,1,1,13,50,108,32,11,86,39,1,33,5,46,477,46,0,11.78,14,0,8,335,94,0,1,5,3,5,7,1,18,68,4,96,15,120,3,147,9,40,396,33,0,1,2,147,7,12,162,0.53,0.49,3
FCS Bucureşti,"UTA Arad - FCS Bucureşti, 2-4",2026-03-01 20:00:00,3,Away,11565,719,191642,4435361,5715909,0,22.5,0.94,44.06,71.25,99.38,88.13,1.88,3.75,13.13,7.5,3.75,101.2,44.06,14.06,0.94,0,0,14.24,11.25,139.7,68.44,20.63,14.06,187.5,6.56,0.94,0,0,0,0,4.69,4.69,0,0,3.75,1.88,34.69,2.81,269.1,3.75,1.88,21.97,45,14.06,10.31,1.88,30,74.06,19.69,3.75,59.06,30,1.88,43.13,1.88,22.5,16.9,649.7,71.25,0,66.7,15,518.4,0,2.81,12.19,2.81,19.69,7.5,0,15.94,68.44,3.75,78.75,8.44,150,2.81,242.8,3.75,25.31,568.1,54.38,0,0,0,242.8,0.94,27.19,269.1,3.18,1.18,0,62.5,31.91,0,48.99,68.18,0,0,0,19.05,0,68.09,53.02,33.33,33.33,50.79,0,42.86,96.05,28.57,75,80,100,90.24,100,56.25,87.45,76.32,69.23,0,0,44.83,90.24,100,0,0,24,15,1,47,76,0,2,4,14,8,4,108,47,15,1,0,0,12,149,73,22,15,200,7,1,0,0,0,0,5,5,0,0,4,2,37,3,287,4,2,48,15,11,106,1,1,2,32,79,21,4,63,32,2,46,2,24,693,76,0,10.4,1,0,16,553,94,0,3,13,3,21,8,0,17,73,4,84,9,160,3,259,4,27,606,58,0,0,0,259,1,29,287,3.39,1.26,0
Farul Constanţa,"Farul Constanţa - Botoşani, 2-0",2025-11-07 19:30:00,3,Home,61242,719,191642,4435361,5715802,0.94,25.31,0.94,51.56,108.8,100.3,56.25,0,3.75,17.81,2.81,7.5,110.6,53.44,16.88,1.88,0,0,15.45,19.69,135.9,53.44,21.56,10.31,154.7,11.25,1.88,0,0,0,0.94,8.44,8.44,2.81,0,1.88,0.94,31.88,2.81,161.2,1.88,3.75,32.33,55.31,8.44,1.88,5.63,28.13,59.06,17.81,13.13,48.75,23.44,0.94,18.75,0,29.06,19.63,488.4,62.81,0.94,60,22.5,382.5,0,6.56,7.5,2.81,14.06,10.31,0,26.25,103.1,6.56,71.25,15.94,119.1,2.81,148.1,1.88,32.81,420.9,41.25,0.94,0,1.88,148.1,5.63,15.94,161.2,1.9,0.91,1.88,44.44,31.58,0,39.31,47.83,0,0,0,13.33,0,52.63,43.45,36.54,66.67,48.08,100,46.67,94.83,36.84,80.95,76.97,100,91.86,100,59.32,86.18,65.67,62.5,0,33.33,47.06,91.86,100,16.67,1,27,12,1,55,116,1,0,4,19,3,8,118,57,18,2,0,0,21,145,57,23,11,165,12,2,0,0,0,1,9,9,3,0,2,1,34,3,172,2,4,59,9,2,107,1,1,6,30,63,19,14,52,25,1,20,0,31,521,67,1,8.75,0,0,24,408,60,0,7,8,3,15,11,0,28,110,7,76,17,127,3,158,2,35,449,44,1,0,2,158,6,17,172,2.03,0.97,2
Farul Constanţa,"Petrolul 52 - Farul Constanţa, 0-1",2026-01-25 13:30:00,3,Away,61242,719,191642,4435361,5715859,2.81,50.63,0.94,33.75,36.56,150,97.5,0,2.81,9.38,2.81,8.44,185.6,77.81,13.13,0,0,0,16.87,17.81,217.5,66.56,49.69,15,140.6,22.5,1.88,0.94,0,0,2.81,8.44,8.44,0.94,0,0.94,0,57.19,2.81,59.06,1.88,5.63,25.96,51.56,27.19,9.38,5.63,42.19,90,23.44,11.25,61.88,29.06,0,16.88,2.81,68.44,17.8,303.8,39.38,0,41.9,8.44,166.9,0,2.81,2.81,2.81,4.69,14.06,1.88,14.06,30.94,0.94,114.4,14.06,91.88,1.88,41.25,1.88,25.31,210,19.69,0,0,0.94,41.25,7.5,8.44,59.06,0.88,1.01,0.94,29.63,16.87,0,30.6,30.19,0,0,0,20,0,54.22,41.38,37.88,63.16,46.97,0,40,84.62,10,78.95,65.33,66.67,69.84,100,49.09,69.14,50,33.33,0,12.5,33.33,69.84,100,4.167,3,54,16,1,36,39,1,0,3,10,3,9,198,83,14,0,0,0,19,232,71,53,16,150,24,2,1,0,0,3,9,9,1,0,1,0,61,3,63,2,6,55,29,10,160,1,1,6,45,96,25,12,66,31,0,18,3,73,324,42,0,8.81,0,0,9,178,104,0,3,3,3,5,15,2,15,33,1,122,15,98,2,44,2,27,224,21,0,0,1,44,8,9,63,0.94,1.08,1
Argeș,"Argeș - Botoşani, 0-0",2025-12-13 16:00:00,1,Home,23334,719,191642,4435361,5715833,0,57.79,0,45.47,21.79,134.5,83.37,0,3.79,15.16,1.89,7.58,180,69.16,18,0,0,0,23.08,18.95,230.2,90.95,56.84,35.05,100.4,12.32,5.68,2.84,0,0,0,9.47,4.74,0.95,0,0,2.84,53.05,2.84,41.68,2.84,9.47,29.7,54.95,44.53,14.21,2.84,49.26,117.5,18.95,9.47,58.74,23.68,2.84,24.63,1.89,44.53,23.94,189.5,41.68,0,37.5,2.84,66.32,0,0,4.74,2.84,8.53,12.32,2.84,18.95,18.95,7.58,137.4,11.37,50.21,2.84,26.53,1.89,24.63,109,16.11,0,0,0,26.53,4.74,18,41.68,0.66,0.81,0.95,60.66,26.03,0,39.51,61.67,0,0,0,0,33.33,71.23,51.03,32.26,50,40.32,0,22.22,86.96,50,60,50,100,63.64,66.67,44.83,57.5,38.64,40,0,0,31.58,63.64,0,7.692,0,61,37,0,48,23,1,0,4,16,2,8,190,73,19,0,0,0,20,243,96,60,37,106,13,6,3,0,0,0,10,5,1,0,0,3,56,3,44,3,10,58,47,15,142,1,1,3,52,124,20,10,62,25,3,26,2,47,200,44,0,8.47,18,0,3,70,88,0,0,5,3,9,13,3,20,20,8,145,12,53,3,28,2,26,115,17,0,0,0,28,5,19,44,0.7,0.86,1
CFR Cluj,"CFR Cluj - Hermannstadt, 2-1",2025-10-05 14:00:00,3,Home,11611,719,191642,4435361,5715768,0,20.84,0.95,43.58,70.11,118.4,86.21,0.95,7.58,11.37,8.53,2.84,100.4,56.84,22.74,0,0,0,11.21,15.16,171.5,78.63,18,5.68,171.5,3.79,2.84,1.89,0,0,0,5.68,3.79,0,0,1.89,2.84,22.74,2.84,180,1.89,5.68,26.6,51.16,31.26,20.84,0.95,42.63,93.79,24.63,9.47,62.53,29.37,0,31.26,0,28.42,17.6,515.4,61.58,0,56.4,12.32,371.4,0,0.95,13.26,2.84,17.05,5.68,0,17.05,68.21,0,71.05,11.37,118.4,2.84,155.4,0.95,21.79,419.7,36,0,0,0.95,155.4,3.79,21.79,180,1.31,0.23,0,27.27,40,0,45.86,31.58,0,0,0,11.11,100,75,54.7,39.39,62.5,46.97,0,44.44,97.3,0,75,69.06,100,86.32,50,42.59,81.43,58.46,64.29,0,25,39.13,86.32,100,0,0,22,6,1,46,74,0,1,8,12,9,3,106,60,24,0,0,0,16,181,83,19,6,181,4,3,2,0,0,0,6,4,0,0,2,3,24,3,190,2,6,54,33,22,125,1,1,1,45,99,26,10,66,31,0,33,0,30,544,65,0,13,0,0,13,392,91,0,1,14,3,18,6,0,18,72,0,75,12,125,3,164,1,23,443,38,0,0,1,164,4,23,190,1.38,0.24,0
Metaloglobus,"Metaloglobus - UTA Arad, 2-2",2026-03-07 13:30:00,1,Home,11943,719,191642,4435361,5715919,0,43.58,1.89,41.68,36.95,112.7,84.32,1.89,6.63,14.21,2.84,3.79,140.2,62.53,17.05,0.95,0,0,17.03,17.05,171.5,63.47,43.58,14.21,127.9,12.32,2.84,0.95,0,0,0.95,11.37,9.47,1.89,0,1.89,5.68,34.11,2.84,94.74,5.68,10.42,25.23,52.11,25.58,10.42,7.58,35.05,75.79,16.11,7.58,39.79,21.79,1.89,25.58,3.79,50.21,18.8,319.3,41.68,0,46.5,9.47,201.8,0,1.89,4.74,2.84,9.47,17.05,0.95,15.16,32.21,5.68,83.37,12.32,80.53,2.84,77.68,4.74,29.37,236.8,27.47,0,0,0.95,77.68,1.89,17.05,94.74,1.61,2.25,2.84,32.61,27.27,0,37.02,32.61,0,0,0,20,33.33,56.06,44.2,40.48,44.44,54.76,0,20,87.18,40,72.22,62.96,100,82,83.33,56.36,74.18,65.91,60,0,50,27.78,82,0,23.08,0,46,15,2,44,39,0,2,7,15,3,4,148,66,18,1,0,0,18,181,67,46,15,135,13,3,1,0,0,1,12,10,2,0,2,6,36,3,100,6,11,55,27,11,119,1,1,8,37,80,17,8,42,23,2,27,4,53,337,44,0,12.64,11,0,10,213,89,0,2,5,3,10,18,1,16,34,6,88,13,85,3,82,5,31,250,29,0,0,1,82,2,18,100,1.7,2.38,3
Oţelul,"Oţelul - Metaloglobus, 4-0",2025-10-06 16:30:00,3,Home,11571,719,191642,4435361,5715774,0,37.89,3.79,54,60.63,99.47,78.63,0,3.79,13.26,5.68,2.84,144.9,69.16,22.74,0,0,0,31.19,24.63,190.4,76.74,34.11,15.16,139.3,18,3.79,2.84,0,0,1.89,5.68,5.68,2.84,0,3.79,3.79,37.89,2.84,94.74,3.79,3.79,27.45,62.53,20.84,9.47,1.89,44.53,94.74,25.58,11.37,62.53,29.37,1.89,36,0.95,30.32,18.94,338.2,46.42,0,48.8,4.74,214.1,0,1.89,14.21,2.84,16.11,8.53,0,23.68,54,6.63,97.58,14.21,99.47,2.84,83.37,0.95,39.79,265.3,29.37,0,0,0.95,83.37,2.84,18,94.74,1.58,1.09,3.79,40,32.88,0,40.3,44.44,0,0,0,23.53,50,64.38,49.75,40.91,46.15,46.97,0,35.29,89.06,50,57.69,71.43,100,88,25,63.64,78.43,63.27,46.67,0,33.33,52.63,88,100,21.05,0,40,16,4,57,64,1,0,4,14,6,3,153,73,24,0,0,0,26,201,81,36,16,147,19,4,3,0,0,2,6,6,3,0,4,4,40,3,100,4,4,66,22,10,105,1,1,2,47,100,27,12,66,31,2,38,1,32,357,49,0,5.75,2,0,5,226,83,0,2,15,3,17,9,0,25,57,7,103,15,105,3,88,1,42,280,31,0,0,1,88,3,19,100,1.67,1.15,4
UTA Arad,"Metaloglobus - UTA Arad, 2-2",2026-03-07 13:30:00,1,Away,30817,719,191642,4435361,5715919,0.95,43.58,0.95,60.63,45.47,125,86.21,1.89,5.68,19.89,3.79,2.84,115.6,39.79,8.53,0,0,0,13.78,23.68,171.5,73.89,42.63,24.63,135.5,9.47,6.63,3.79,0,0,0.95,11.37,10.42,0,0,1.89,6.63,32.21,2.84,136.4,2.84,7.58,27.76,58.74,25.58,11.37,2.84,23.68,87.16,27.47,18,62.53,29.37,3.79,36,1.89,38.84,20.28,361.9,53.05,0,53.5,7.58,241.6,0,3.79,11.37,2.84,17.05,9.47,0,30.32,43.58,8.53,80.53,18,97.58,2.84,117.5,1.89,35.05,289.9,36,0,0,1.89,117.5,3.79,33.16,136.4,2.25,1.61,0,56.52,21.43,0,43.09,57.78,0,0,0,11.11,42.86,59.52,50.83,43.94,76,46.97,0,22.22,95.83,42.86,76,72.03,100,86.11,66.67,59.68,80.1,67.86,58.33,0,50,40,86.11,0,0,1,46,26,1,64,48,0,2,6,21,4,3,122,42,9,0,0,0,25,181,78,45,26,143,10,7,4,0,0,1,12,11,0,0,2,7,34,3,144,3,8,62,27,12,132,1,1,3,25,92,29,19,66,31,4,38,2,41,382,56,0,8.75,2,0,8,255,91,0,4,12,3,18,10,0,32,46,9,85,19,103,3,124,2,37,306,38,0,0,2,124,4,35,144,2.38,1.7,0
UTA Arad,"UTA Arad - Hermannstadt, 3-2",2026-03-13 16:30:00,3,Home,30817,719,191642,4437511,5822253,0,45.47,1.89,29.37,50.21,125,75.79,1.89,3.79,6.63,2.84,3.79,180,90,21.79,0,0,0,13.61,17.05,219.8,77.68,34.11,15.16,108,11.37,0.95,0.95,0,0,0.95,7.58,4.74,2.84,0,2.84,0.95,44.53,2.84,82.42,3.79,6.63,29.19,69.16,18.95,9.47,2.84,59.68,112.7,23.68,11.37,65.37,26.53,0,25.58,0,45.47,21.91,278.5,41.68,0,42.2,7.58,140.2,0,0.95,4.74,2.84,5.68,11.37,0,17.05,42.63,1.89,124.1,12.32,63.47,2.84,60.63,3.79,30.32,188.5,22.74,0,0,0,60.63,0,13.26,82.42,0.4,1.97,0.95,43.75,24.21,0,35.34,44.44,0,0,0,33.33,100,66.32,51.29,36.23,66.67,40.58,0,66.67,84.91,28.57,72.22,58.77,100,73.56,100,43.84,67.69,54.55,80,0,0,35.71,73.56,100,8.333,0,48,21,2,31,53,0,2,4,7,3,4,190,95,23,0,0,0,18,232,82,36,16,114,12,1,1,0,0,1,8,5,3,0,3,1,47,3,87,4,7,73,20,10,132,1,1,3,63,119,25,12,69,28,0,27,0,48,294,44,0,9.16,2,0,8,148,80,0,1,5,3,6,12,0,18,45,2,131,13,67,3,64,4,32,199,24,0,0,0,64,0,14,87,0.42,2.08,1
UTA Arad,"UTA Arad - Metaloglobus, 5-1",2026-04-05 14:00:00,3,Home,30817,719,191642,4437511,5828021,1.89,24.63,0.95,63.47,92.84,99.47,79.58,0.95,8.53,23.68,5.68,2.84,99.47,42.63,7.58,0.95,0,0,11.86,20.84,133.6,63.47,24.63,15.16,156.3,8.53,1.89,0,0,0,0.95,0.95,0.95,0.95,0,4.74,6.63,32.21,2.84,144.9,4.74,0.95,29.36,52.11,17.05,9.47,2.84,24.63,73.89,24.63,10.42,49.26,31.26,0.95,28.42,3.79,24.63,18.76,471.8,74.84,0.95,59.6,15.16,364.7,0,0,12.32,2.84,18.95,4.74,0,24.63,89.05,7.58,72,18,125,2.84,128.8,4.74,31.26,402.6,56.84,0.95,0,0.95,128.8,1.89,28.42,144.9,2.96,0.35,1.89,61.54,17.78,0,47.52,61.54,0,0,0,25,42.86,57.78,55.32,50,50,63.46,100,35,95.92,32,86.36,80,100,88.89,100,60,85.34,75.95,61.54,0,50,33.33,88.89,100,22.22,2,26,16,1,67,98,0,1,9,25,6,3,105,45,8,1,0,0,22,141,67,26,16,165,9,2,0,0,0,1,1,1,1,0,5,7,34,3,153,5,1,55,18,10,105,1,1,3,26,78,26,11,52,33,1,30,4,26,498,79,1,8.32,11,0,16,385,84,0,0,13,3,20,5,0,26,94,8,76,19,132,3,136,5,33,425,60,1,0,1,136,2,30,153,3.12,0.37,2
Universitatea Craiova,"Botoşani - Universitatea Craiova, 1-1",2025-08-31 17:30:00,1,Away,26233,719,191642,4435361,5715741,1.89,27.47,0.95,46.42,60.63,109,75.79,0.95,7.58,11.37,1.89,5.68,107,46.42,12.32,0,0,0,21.79,22.74,174.3,76.74,24.63,12.32,162,7.58,0.95,0.95,0,0,0,9.47,9.47,1.89,0,0.95,1.89,33.16,2.84,147.8,0.95,0.95,31.96,65.37,29.37,15.16,4.74,34.11,90.95,28.42,11.37,71.05,36,2.84,14.21,0.95,41.68,19.22,426.3,44.53,0,60.9,6.63,307.9,0,8.53,5.68,2.84,12.32,8.53,0,19.89,54,2.84,80.53,18,116.5,2.84,132.6,0.95,44.53,353.4,26.53,0,0,1.89,132.6,4.74,18.95,147.8,1.66,1.11,0.95,48.28,26.53,0,44.02,50,0,0,0,7.692,0,73.47,52.17,40,50,50.67,0,46.15,89.06,25,79.17,71.93,100,89.74,100,68.12,82.89,59.57,50,0,40,50,89.74,0,12.5,2,29,14,1,49,64,0,1,8,12,2,6,113,49,13,0,0,0,24,184,81,26,13,171,8,1,1,0,0,0,10,10,2,0,1,2,35,3,156,1,1,69,31,16,115,1,1,5,36,96,30,12,75,38,3,15,1,44,450,47,0,7.65,5,0,7,325,80,0,9,6,3,13,9,0,21,57,3,85,19,123,3,140,1,47,373,28,0,0,2,140,5,20,156,1.75,1.17,1
Universitatea Craiova,"Dinamo Bucureşti - Universitatea Craiova, 1-1",2026-02-09 19:00:00,1,Away,26233,719,191642,4435361,5715886,0.95,48.32,0.95,39.79,81.47,135.5,94.74,0.95,1.89,16.11,3.79,0.95,138.3,59.68,13.26,0,0,0,22.99,14.21,208.4,86.21,43.58,26.53,154.4,13.26,0.95,0,0,0,0,1.89,1.89,0.95,0,0.95,3.79,30.32,2.84,147.8,4.74,1.89,30.94,62.53,39.79,15.16,3.79,42.63,116.5,29.37,10.42,60.63,28.42,1.89,33.16,1.89,49.26,17.82,451.9,48.32,0,55.3,11.37,313.6,0,1.89,6.63,2.84,9.47,3.79,0,20.84,77.68,6.63,102.3,10.42,103.3,2.84,130.7,3.79,30.32,363.8,28.42,0,0,0,130.7,0.95,18.95,147.8,0.69,0.75,1.89,60.78,22.22,0,41.36,60.87,0,0,0,10,50,71.43,55.91,48.44,73.33,46.88,0,40,95.35,41.18,73.33,66.87,100,88.46,80,48.48,80.5,58.82,57.14,0,0,45,88.46,0,14.29,1,51,31,1,42,86,0,1,2,17,4,1,146,63,14,0,0,0,15,220,91,46,28,163,14,1,0,0,0,0,2,2,1,0,1,4,32,3,156,5,2,66,42,16,143,1,1,4,45,123,31,11,64,30,2,35,2,52,477,51,0,8.84,7,0,12,331,100,0,2,7,3,10,4,0,22,82,7,108,11,109,3,138,4,32,384,30,0,0,0,138,1,20,156,0.73,0.79,2
Oţelul,"Petrolul 52 - Oţelul, 0-0",2025-11-08 13:30:00,1,Away,11571,719,191642,4435361,5715805,0,28.72,0,45.96,51.7,106.3,89.04,0,3.83,22.02,2.87,3.83,137.9,56.49,8.62,0.96,0.96,0,9.32,9.57,172.3,68.94,26.81,13.4,133.1,10.53,1.91,1.91,0,0,0.96,9.57,9.57,3.83,0,0,1.91,52.66,2.87,155.1,1.91,2.87,31.24,51.7,38.3,21.06,6.7,32.55,89.04,22.02,4.79,48.83,25.85,0.96,36.38,0.96,40.21,19.26,389.7,55.53,0,53.3,20.11,289.1,0,6.7,7.66,2.87,11.49,13.4,2.87,23.94,48.83,11.49,98.62,7.66,99.57,2.87,137.9,0.96,29.68,329.4,39.26,0,1.91,5.74,137.9,10.53,22.02,155.1,0.56,1.26,1.91,46.67,15.25,100,40,50,0,0,0,0,50,57.63,51.67,45.1,50,52.94,0,50,94.44,52.17,80,74.82,100,88.89,50,57.41,84.52,70.69,75,66.67,54.55,34.78,88.89,0,18.18,0,30,14,0,48,54,1,0,4,23,3,4,144,59,9,1,1,0,10,180,72,28,14,139,11,2,2,0,0,1,10,10,4,0,0,2,55,3,162,2,3,54,40,22,111,1,1,7,34,93,23,5,51,27,1,38,1,42,407,58,0,8.35,4,0,21,302,93,0,7,8,3,12,14,3,25,51,12,103,8,104,3,144,1,31,344,41,0,2,6,144,11,23,162,0.58,1.32,2
Botoşani,"UTA Arad - Botoşani, 2-1",2026-02-15 13:00:00,0,Away,11634,719,191642,4435361,5715891,1.68,34.49,0.84,41.21,55.51,136.3,83.27,1.68,6.73,15.14,5.89,6.73,128.7,55.51,15.98,2.52,0.84,0,6.68,10.09,174.1,66.45,33.64,14.3,153.1,10.93,4.21,0.84,0,0,0,6.73,6.73,4.21,0,0.84,1.68,38.69,3.36,100.9,2.52,1.68,23.56,47.94,26.07,9.25,0,37.01,79.07,18.5,4.21,58.04,26.92,0,42.9,4.21,32.8,16.68,380.2,58.88,0,62.8,14.3,241.4,0,5.05,9.25,3.36,15.98,14.3,0,10.09,50.47,2.52,90,10.09,104.3,3.36,87.48,1.68,22.71,292.7,40.37,0,0,0.84,87.48,3.36,18.5,100.9,1.05,2.65,0.84,41.46,28.79,33.33,38.16,42.5,0,0,0,5.263,50,66.67,45.41,31.88,41.67,46.38,0,21.05,90.91,16.67,100,68.13,100,86.67,66.67,47.37,76.99,68.57,27.27,0,25,27.27,86.67,0,7.692,2,41,17,1,49,66,0,2,8,18,7,8,153,66,19,3,1,0,12,207,79,40,17,182,13,5,1,0,0,0,8,8,5,0,1,2,46,4,120,3,2,57,31,11,162,1,1,0,44,94,22,5,69,32,0,51,5,39,452,70,0,4.91,7,0,17,287,99,0,6,11,4,19,17,0,12,60,3,107,12,124,4,104,2,27,348,48,0,0,1,104,4,22,120,1.25,3.15,1
CFR Cluj,"Csikszereda Miercurea Ciuc - CFR Cluj, 2-2",2025-10-16 19:30:00,1,Away,11611,719,191642,4435361,5715712,1.7,24.62,1.7,52.64,86.6,84.06,68.77,1.7,6.79,22.08,5.09,3.4,86.6,39.06,12.74,0,0,0,15.89,14.43,118.9,48.4,21.23,10.19,155.4,11.04,0.85,0.85,0,0,0.85,0.85,0.85,3.4,0,1.7,3.4,22.92,3.4,180,7.64,0.85,29.47,34.81,11.04,3.4,0.85,21.23,50.94,15.28,5.94,44.15,21.23,0,28.87,0,18.68,18.58,486.5,67.08,0,56.6,16.13,382.1,0,1.7,8.49,3.4,16.13,12.74,0,16.13,84.06,3.4,55.19,11.04,120.6,3.4,157.9,6.79,19.53,415.2,53.49,0,0,0.85,157.9,2.55,20.38,180,2.8,1.88,2.55,44.83,32.61,0,40.71,48,0,0,0,10.53,50,54.35,42.86,34.62,41.18,48.08,0,42.11,97.06,15.38,76.47,77.6,100,87.74,88.89,56.1,85.34,79.75,80,0,33.33,54.17,87.74,0,23.08,2,29,13,2,62,102,0,2,8,26,6,4,102,46,15,0,0,0,17,140,57,25,12,183,13,1,1,0,0,1,1,1,4,0,2,4,27,4,212,9,1,41,13,4,99,1,1,1,25,60,18,7,52,25,0,34,0,22,573,79,0,10.71,1,0,19,450,81,0,2,10,4,19,15,0,19,99,4,65,13,142,4,186,8,23,489,63,0,0,1,186,3,24,212,3.3,2.22,3
Universitatea Craiova,"FCS Bucureşti - Universitatea Craiova, 1-0",2025-10-05 19:30:00,0,Away,26233,719,191642,4435361,5715773,2.55,28.87,0,26.32,45,101.9,69.62,0.85,0.85,10.19,4.25,2.55,104.4,48.4,10.19,0,0,0,11.61,8.49,158.8,59.43,28.87,10.19,120.6,12.74,3.4,2.55,0,0,0,6.79,6.79,3.4,0,0,1.7,27.17,3.4,137.6,3.4,2.55,27.24,28.87,31.42,16.98,4.25,29.72,78.11,21.23,5.94,50.09,22.08,1.7,23.77,1.7,34.81,18.66,343.9,41.6,0,58.1,11.04,242,0.85,4.25,6.79,3.4,7.64,8.49,0,10.19,36.51,2.55,67.08,6.79,87.45,3.4,124.8,0.85,16.13,277.6,26.32,0,0,0,124.8,5.09,9.34,137.6,0.52,2.13,3.4,35.29,21.05,0,37.43,35.29,0,0,0,0,0,61.4,49.2,42.37,70,44.07,0,22.22,81.13,25,80,72.54,100,90.74,25,55.88,80.74,63.27,37.5,0,0,36.36,90.74,0,26.67,3,34,12,0,31,53,0,1,1,12,5,3,123,57,12,0,0,0,10,187,70,34,12,142,15,4,3,0,0,0,8,8,4,0,0,2,32,4,162,4,3,34,37,20,120,1,1,5,35,92,25,7,59,26,2,28,2,41,405,49,0,7.88,1,0,13,285,82,1,5,8,4,9,10,0,12,43,3,79,8,103,4,147,1,19,327,31,0,0,0,147,6,11,162,0.61,2.51,4
Argeș,"Argeș - Csikszereda Miercurea Ciuc, 3-1",2025-08-02 17:30:00,3,Home,23334,719,191642,4435361,5715707,0.87,38.08,2.6,38.08,39.81,77.02,66.63,0.87,1.73,11.25,3.46,0.87,115.1,58.85,12.12,0,0,0,15.46,16.44,174.8,70.1,34.62,20.77,101.2,14.71,2.6,1.73,0,0,0,5.19,4.33,1.73,0,2.6,3.46,18.17,3.46,90.87,1.73,5.19,28.08,56.25,19.9,9.52,0.87,36.35,90.87,23.37,8.65,57.98,26.83,1.73,15.58,4.33,21.63,22.23,247.5,57.12,0,43.5,13.85,144.5,0,0.87,8.65,3.46,10.38,3.46,0,15.58,38.08,4.33,76.15,10.38,63.17,3.46,73.56,1.73,27.69,186.1,35.48,0,0,0.87,73.56,2.6,13.85,90.87,1.11,0.25,2.6,56.82,20.59,0,40.1,60,0,0,0,25,25,61.76,51.98,40.3,52.63,46.27,0,25,95.65,38.46,63.16,62.39,100,80.95,100,49.23,75.17,62.12,40,0,33.33,50,80.95,100,17.65,1,44,25,3,44,46,0,1,2,13,4,1,133,68,14,0,0,0,19,202,81,40,24,117,17,3,2,0,0,0,6,5,2,0,3,4,21,4,105,2,6,65,23,11,89,1,1,1,42,105,27,10,67,31,2,18,5,25,286,66,0,10.32,2,0,16,167,77,0,1,10,4,12,4,0,18,44,5,88,12,73,4,85,2,32,215,41,0,0,1,85,3,16,105,1.28,0.29,3
Botoşani,"Dinamo Bucureşti - Botoşani, 0-0",2025-07-21 20:30:00,1,Away,11634,719,191642,4435361,5715695,2.62,37.57,0,20.97,41.07,118.8,80.39,0,4.37,5.24,1.75,2.62,145.1,63.79,8.74,0,0,0,19.64,7.86,162.5,47.18,37.57,11.36,109.2,16.6,0.87,0.87,0,0,1.75,10.49,7.86,2.62,0,0,0,43.69,3.5,86.5,1.75,8.74,28.25,48.06,27.09,11.36,3.5,33.2,69.9,13.98,5.24,34.08,15.73,1.75,19.22,3.5,41.94,19.87,267.4,41.07,0,47.6,8.74,167.8,0,1.75,4.37,3.5,6.12,10.49,1.75,8.74,38.45,0.87,88.25,6.12,69.9,3.5,68.16,0,20.97,198.3,22.72,0,1.75,0.87,68.16,3.5,14.85,86.5,0.5,1.03,1.75,30.23,13.7,0,29.03,30.23,0,0,0,0,0,52.05,43.01,41.03,66.67,46.15,0,14.29,93.62,16.67,77.78,64,100,78.79,0,43.64,74.18,55.32,40,100,25,35.29,78.79,0,10.53,3,43,13,0,24,47,1,0,5,6,2,3,166,73,10,0,0,0,9,186,54,43,13,125,19,1,1,0,0,2,12,9,3,0,0,0,50,4,99,2,10,55,31,13,136,1,1,4,38,80,16,6,39,18,2,22,4,48,306,47,0,7.94,12,0,10,192,92,0,2,5,4,7,12,2,10,44,1,101,7,80,4,78,0,24,227,26,0,2,1,78,4,17,99,0.57,1.18,2
Rapid Bucureşti,"Rapid Bucureşti - Botoşani, 2-1",2025-08-04 20:30:00,3,Home,11566,719,191642,4435361,5715709,3.5,25.34,1.75,48.93,56.8,90,71.65,0.87,4.37,14.85,1.75,4.37,122.3,71.65,18.35,0,0,0,17.43,25.34,198.3,78.64,23.59,9.61,138.9,8.74,0.87,0,0,0,0,3.5,3.5,0.87,0,1.75,2.62,25.34,3.5,99.61,5.24,1.75,29.74,47.18,20.97,11.36,3.5,50.68,100.5,28.83,13.11,80.39,39.32,0.87,22.72,0.87,27.96,18.54,352.1,40.19,0,52.2,19.22,245.5,0,6.12,6.12,3.5,8.74,11.36,0,21.84,52.43,3.5,85.63,18.35,106.6,3.5,85.63,2.62,27.09,292.7,27.96,0,0,3.5,85.63,6.12,19.22,99.61,0.72,0.4,1.75,37.93,25.61,0,39.65,40.74,0,0,0,20,66.67,70.73,50.66,35.87,51.72,48.91,0,60,92.31,23.53,72.41,76.73,100,85.96,50,57.41,83.13,69.57,57.14,0,57.14,54.55,85.96,100,20,4,29,11,2,56,65,0,1,5,17,2,5,140,82,21,0,0,0,29,227,90,27,11,159,10,1,0,0,0,0,4,4,1,0,2,3,29,4,114,6,2,54,24,13,103,1,1,4,58,115,33,15,92,45,1,26,1,32,403,46,0,8.78,18,0,22,281,82,0,7,7,4,10,13,0,25,60,4,98,21,122,4,98,3,31,335,32,0,0,4,98,7,22,114,0.82,0.46,2
Botoşani,"Botoşani - FCS Bucureşti, 3-2",2026-04-03 19:30:00,3,Home,11634,719,191642,4437511,5827250,6.18,20.29,1.76,55.59,64.41,97.94,80.29,1.76,1.76,14.12,9.71,2.65,119.1,68.82,16.76,1.76,0,0,19.92,26.47,172.1,71.47,20.29,7.94,151.8,13.24,1.76,0,0,0,0,1.76,1.76,0.88,0,2.65,0.88,30,3.53,157.1,20.29,1.76,31.86,37.94,20.29,14.12,6.18,48.53,97.94,27.35,15,62.65,32.65,0.88,30.88,3.53,23.82,18.34,454.4,46.76,0,60.4,20.29,333.5,0,2.65,7.94,3.53,15,4.41,0,23.82,61.76,3.53,86.47,19.41,114.7,3.53,137.7,17.65,14.12,377.6,30,0,0,0.88,137.7,5.29,20.29,157.1,1.98,0.84,4.41,39.13,24.36,0,41.54,39.13,0,0,0,17.65,0,70.51,56.92,43.66,56.67,52.11,0,35.29,95.89,25,73.33,75.58,100,87.64,86.96,37.21,83.11,64.15,66.67,0,16.67,30.43,87.64,100,33.33,7,23,9,2,63,73,0,2,2,16,11,3,135,78,19,2,0,0,30,195,81,23,9,172,15,2,0,0,0,0,2,2,1,0,3,1,34,4,178,23,2,43,23,16,111,1,1,7,55,111,31,17,71,37,1,35,4,27,515,53,0,7.08,16,0,23,378,91,0,3,9,4,17,5,0,27,70,4,98,22,130,4,156,20,16,428,34,0,0,1,156,6,23,178,2.24,0.95,5
Dinamo Bucureşti,"Dinamo Bucureşti - Universitatea Craiova, 0-1",2026-03-19 19:30:00,0,Home,11564,719,191642,4437530,5823248,0,43.24,0,43.24,49.41,105.9,79.41,0.88,1.76,15.88,3.53,3.53,115.6,40.59,8.82,0,0,0,26.37,18.53,183.5,66.18,40.59,16.76,145.6,14.12,3.53,3.53,0,0,0,4.41,4.41,1.76,0,0,2.65,31.76,3.53,172.1,13.24,0.88,29.09,45,28.24,10.59,2.65,27.35,75.88,18.53,7.06,71.47,27.35,5.29,29.12,0.88,26.47,17.67,438.5,60,0,60.9,6.18,318.5,0,3.53,6.18,3.53,7.06,6.18,1.76,15,47.65,4.41,78.53,12.35,100.6,3.53,157.9,7.94,26.47,371.5,37.94,0,0,0,157.9,5.29,9.71,172.1,0.59,0.39,5.29,44.9,21.74,0,36.06,41.3,0,0,0,0,33.33,67.39,41.35,25.93,38.1,38.27,0,50,96.43,27.78,66.67,69.09,100,91.79,60,58.82,84.71,63.24,85.71,0,0,54.55,91.79,0,37.5,0,49,22,0,49,56,0,1,2,18,4,4,131,46,10,0,0,0,21,208,75,46,19,165,16,4,4,0,0,0,5,5,2,0,0,3,36,4,195,15,1,51,32,12,120,1,1,3,31,86,21,8,81,31,6,33,1,30,497,68,0,5.97,18,0,7,361,90,0,4,7,4,8,7,2,17,54,5,89,14,114,4,179,9,30,421,43,0,0,0,179,6,11,195,0.67,0.44,6
FCS Bucureşti,"Metaloglobus - FCS Bucureşti, 2-1",2025-10-18 19:30:00,0,Away,11565,719,191642,4435361,5715779,0,25.59,0,45.88,69.71,83.82,72.35,1.76,10.59,26.47,8.82,3.53,75.88,37.94,15,0.88,0.88,0,6.87,5.29,121.8,52.94,18.53,6.18,164.1,7.06,4.41,2.65,0,0,0,5.29,5.29,0.88,0,0.88,0.88,12.35,3.53,221.5,7.94,0,32.53,38.82,19.41,8.82,0,27.35,65.29,20.29,2.65,38.82,20.29,4.41,31.76,0.88,13.24,21.44,514.4,84.71,0.88,69.6,18.53,392.6,0,5.29,11.47,3.53,14.12,5.29,0,15,66.18,6.18,48.53,4.41,126.2,3.53,197.7,5.29,22.06,429.7,62.65,0.88,0,1.76,197.7,1.76,15,221.5,1.56,1.09,0.88,34.48,39.53,100,43.48,33.33,0,0,0,6.25,100,72.09,53.62,52.27,50,52.27,100,43.75,94.94,23.33,83.33,76.88,100,89.24,66.67,56.82,83.53,73.96,38.46,0,100,47.06,89.24,0,12.5,0,29,10,0,52,79,0,2,12,30,10,4,86,43,17,1,1,0,6,138,60,21,7,186,8,5,3,0,0,0,6,6,1,0,1,1,14,4,251,9,0,44,22,10,95,1,1,0,31,74,23,3,44,23,5,36,1,15,583,96,1,8,6,0,21,445,82,0,6,13,4,16,6,0,17,75,7,55,5,143,4,224,6,25,487,71,1,0,2,224,2,17,251,1.77,1.24,1
Farul Constanţa,"Farul Constanţa - Csikszereda Miercurea Ciuc, 3-0",2025-11-03 16:30:00,3,Home,61242,719,191642,4435361,5715793,3.56,30.3,1.78,40.99,69.5,90.89,75.74,0,3.56,8.02,3.56,2.67,109.6,55.25,10.69,0,0,0,13.2,21.39,159.5,67.72,30.3,20.5,147,9.8,0.89,0.89,0,0,0,7.13,6.24,2.67,0,2.67,0.89,24.06,3.56,142.6,4.46,0.89,29.71,51.68,22.28,10.69,5.35,31.19,85.54,23.17,16.04,51.68,25.84,1.78,26.73,0,24.95,16.3,439.3,40.99,0.89,58.8,16.93,338.6,0,6.24,5.35,3.56,9.8,9.8,1.78,26.73,69.5,5.35,75.74,18.71,104.3,3.56,134.6,3.56,24.95,377.8,23.17,0.89,0,0.89,134.6,10.69,16.04,142.6,2.15,0.56,1.78,67.65,19.35,0,42.46,67.65,0,0,0,27.27,100,56.45,53.63,44.83,75,50,100,54.55,100,66.67,87.5,70.91,100,94.38,80,48.28,86,56.52,83.33,0,8.33,55.56,94.38,100,18.18,4,34,23,2,46,78,1,0,4,9,4,3,123,62,12,0,0,0,24,179,76,34,23,165,11,1,1,0,0,0,8,7,3,0,3,1,27,4,160,5,1,58,25,12,102,1,1,6,35,96,26,18,58,29,2,30,0,28,493,46,1,9.79,14,0,19,380,85,0,7,6,4,11,11,2,30,78,6,85,21,117,4,151,4,28,424,26,1,0,1,151,12,18,160,2.41,0.63,2
Petrolul 52,"Petrolul 52 - FCS Bucureşti, 0-1",2025-07-19 20:30:00,0,Home,60390,719,191642,4435361,5715691,0.89,37.43,0,40.1,40.1,90,76.63,0.89,4.46,7.13,5.35,6.24,140.8,60.59,10.69,0.89,0,0,31.15,22.28,162.2,71.29,36.53,17.82,103.4,16.93,1.78,0,0,0,0.89,6.24,5.35,4.46,0,0,2.67,42.77,3.56,101.6,2.67,3.56,31,34.75,20.5,10.69,7.13,39.21,96.24,27.62,16.04,43.66,31.19,3.56,24.06,1.78,30.3,20.68,284.3,40.99,0,46.3,9.8,196,0,6.24,4.46,3.56,10.69,9.8,0,18.71,37.43,1.78,100.7,17.82,70.4,3.56,82.87,0.89,16.04,224.6,24.95,0,0,0,82.87,0,12.48,101.6,0.64,1.41,2.67,50,17.65,0,43.96,48.78,0,0,0,0,0,64.71,59.34,63.27,72,71.43,0,8.33,93.33,25,80,68.1,100,81.58,33.33,46.15,79,60.87,20,0,0,21.43,81.58,0,15.79,1,42,21,0,45,45,0,1,5,8,6,7,158,68,12,1,0,0,25,182,80,41,20,116,19,2,0,0,0,1,7,6,5,0,0,3,48,4,114,3,4,39,23,12,101,1,1,8,44,108,31,18,49,35,4,27,2,34,319,46,0,6.18,3,0,11,220,86,0,7,5,4,12,11,0,21,42,2,113,20,79,4,93,1,18,252,28,0,0,0,93,0,14,114,0.72,1.58,3
Unirea Slobozia,"Unirea Slobozia - Metaloglobus, 2-1",2025-08-15 18:00:00,3,Home,11663,719,191642,4435361,5715727,0.89,33.86,0.89,36.53,49.01,106,73.96,0.89,4.46,12.48,4.46,5.35,114.1,45.45,11.58,0.89,0,0,13.7,12.48,180,77.52,30.3,18.71,122.1,6.24,3.56,1.78,0,0,0.89,3.56,3.56,4.46,0,1.78,0,34.75,3.56,90.89,1.78,2.67,26.63,53.47,28.51,14.26,1.78,29.41,91.78,26.73,6.24,72.18,30.3,0.89,21.39,0.89,27.62,18.15,313.7,38.32,0.89,45.8,12.48,183.6,0,1.78,7.13,3.56,11.58,7.13,0,14.26,45.45,4.46,85.54,10.69,81.98,3.56,71.29,1.78,25.84,238.8,21.39,0.89,0,0,71.29,0,14.26,90.89,1.45,1.6,3.56,63.16,25.49,0,43.07,61.76,0,0,0,15.38,0,64.71,50.99,37.04,50,41.98,100,30.77,92.73,35.71,85.71,67.15,100,78.43,100,48.33,76.14,55.81,50,0,0,56.25,78.43,100,57.14,1,38,24,1,41,55,1,1,5,14,5,6,128,51,13,1,0,0,14,202,87,34,21,137,7,4,2,0,0,1,4,4,5,0,2,0,39,4,102,2,3,60,32,16,119,1,1,2,33,103,30,7,81,34,1,24,1,31,352,43,1,13.3,13,0,14,206,83,0,2,8,4,13,8,0,16,51,5,96,12,92,4,80,2,29,268,24,1,0,0,80,0,16,102,1.63,1.79,4
Universitatea Craiova,"Universitatea Craiova - FCS Bucureşti, 1-0",2026-02-15 19:00:00,3,Home,26233,719,191642,4435361,5715893,2.7,37.8,0,30.6,43.2,102.6,73.8,0,2.7,10.8,3.6,4.5,119.7,43.2,7.2,1.8,0,0,19.81,9.9,138.6,46.8,36,16.2,108,10.8,2.7,0.9,0,0,0,3.6,2.7,1.8,0,0.9,0.9,38.7,3.6,77.4,1.8,5.4,27.51,41.4,19.8,8.1,5.4,24.3,63,14.4,3.6,37.8,15.3,3.6,21.6,2.7,45,18.71,270.9,37.8,0,39.5,9,164.7,0,3.6,5.4,3.6,9,9.9,0.9,12.6,39.6,5.4,79.2,4.5,63.9,3.6,63.9,1.8,20.7,202.5,22.5,0,0.9,0.9,63.9,4.5,11.7,77.4,0.82,0.76,2.7,42.86,16.67,0,33.77,45,0,0,0,10,0,56.25,45.45,38.1,36.36,40.48,0,30,91.67,50,45.45,59.17,100,82.56,100,50,74.75,59.52,50,100,20,53.85,82.56,100,25,3,42,18,0,34,48,1,0,3,12,4,5,133,48,8,2,0,0,11,154,52,40,18,120,12,3,1,0,0,0,4,3,2,0,1,1,43,4,86,2,6,46,22,9,114,1,1,6,27,70,16,4,42,17,4,24,3,50,301,42,0,15.74,7,0,10,183,82,0,4,6,4,10,11,1,14,44,6,88,5,71,4,71,2,23,225,25,0,1,1,71,5,13,86,0.91,0.84,3
Csikszereda Miercurea Ciuc,"Csikszereda Miercurea Ciuc - Rapid Bucureşti, 0-2",2025-07-25 21:00:00,0,Home,22731,719,191642,4435361,5715697,1.82,14.55,0,50,46.36,65.45,51.82,1.82,3.64,14.55,2.73,3.64,84.55,50.91,7.27,0.91,0,0,12.72,19.09,144.6,49.09,12.73,3.64,100.9,8.18,3.64,2.73,0,0,0,0.91,0.91,4.55,0,0,0,19.09,3.64,136.4,0,4.55,29.13,29.09,19.09,4.55,3.64,27.27,60,23.64,11.82,60,32.73,2.73,11.82,1.82,20.91,17.72,326.4,34.55,0,38.2,17.27,242.7,0,2.73,5.45,3.64,15.45,12.73,0.91,22.73,42.73,6.36,50.91,14.55,76.36,3.64,125.5,0,16.36,281.8,25.45,0,0.91,1.82,125.5,1.82,20,136.4,1.54,2.59,0.91,31.25,14.29,0,33.96,28.57,0,0,0,0,0,53.57,41.51,39.39,61.9,54.55,0,23.53,92.16,43.75,76.19,75.68,100,92,0,56.25,86.35,73.68,16.67,100,100,40.91,92,0,11.11,2,16,5,0,55,51,0,2,4,16,3,4,93,56,8,1,0,0,21,159,54,14,4,111,9,4,3,0,0,0,1,1,5,0,0,0,21,4,150,0,5,32,21,5,72,1,1,4,30,66,26,13,66,36,3,13,2,23,359,38,0,21.39,16,0,19,267,57,0,3,6,4,17,14,1,25,47,7,56,16,84,4,138,0,18,310,28,0,1,2,138,2,22,150,1.69,2.85,1
Dinamo Bucureşti,"Petrolul 52 - Dinamo Bucureşti, 0-3",2025-09-15 20:00:00,3,Away,11564,719,191642,4435361,5715748,0,30.91,2.73,30.91,60.91,79.09,50.91,0,3.64,9.09,0,3.64,107.3,52.73,17.27,0.91,0,0,20.45,13.64,184.6,83.64,29.09,16.36,128.2,7.27,4.55,0.91,0,0,0,11.82,10.91,2.73,0,2.73,0.91,23.64,3.64,128.2,11.82,5.45,25.46,30.91,37.27,14.55,3.64,38.18,102.7,32.73,11.82,63.64,34.55,0.91,12.73,1.82,28.18,16.88,389.1,34.55,0,57.4,11.82,300,0,6.36,4.55,3.64,8.18,11.82,0,18.18,58.18,2.73,79.09,10.91,105.5,3.64,117.3,9.09,17.27,343.6,24.55,0,0,0,117.3,0.91,10.91,128.2,1.04,1.59,1.82,55.88,32.76,0,45.32,56.25,0,0,0,33.33,0,72.41,55.67,51.43,86.67,54.29,0,44.44,95.52,30,80,82.27,100,91.49,76.92,55.88,88.32,71.05,60,0,0,50,91.49,100,25,0,34,19,3,34,67,1,0,4,10,0,4,118,58,19,1,0,0,15,203,92,32,18,141,8,5,1,0,0,0,13,12,3,0,3,1,26,4,141,13,6,34,41,16,87,1,1,4,42,113,36,13,70,38,1,14,2,31,428,38,0,11.32,4,0,13,330,56,0,7,5,4,9,13,0,20,64,3,87,12,116,4,129,10,19,378,27,0,0,0,129,1,12,141,1.14,1.75,2
Dinamo Bucureşti,"Farul Constanţa - Dinamo Bucureşti, 2-3",2026-02-04 19:30:00,3,Away,11564,719,191642,4435361,5715874,4.55,30,1.82,64.55,77.27,123.6,88.18,1.82,9.09,9.09,5.45,5.45,123.6,60,15.45,0,0,0,23.14,36.36,207.3,93.64,28.18,13.64,170,10,1.82,0.91,0,0,0.91,2.73,1.82,1.82,0,2.73,1.82,33.64,3.64,123.6,14.55,2.73,25.57,46.36,32.73,13.64,6.36,38.18,109.1,42.73,22.73,84.55,50,1.82,24.55,0.91,41.82,16.78,458.2,37.27,0,63.3,20.91,324.6,0,1.82,11.82,3.64,19.09,9.09,0,34.55,69.09,4.55,86.36,27.27,120,3.64,114.5,10,21.82,378.2,17.27,0,0,0,114.5,1.82,32.73,123.6,2.71,1.77,4.55,48.48,25.76,0,45.18,48.39,0,0,0,14.29,50,63.64,52.63,50.54,62.5,59.14,0,38.1,89.41,50,75,70.59,100,92.65,68.75,47.06,82.54,46.34,53.85,0,0,33.33,92.65,100,45.45,5,33,16,2,71,85,0,2,10,10,6,6,136,66,17,0,0,0,40,228,103,31,15,187,11,2,1,0,0,1,3,2,2,0,3,2,37,4,136,16,3,51,36,15,136,1,1,7,42,120,47,25,93,55,2,27,1,46,504,41,0,7.55,13,0,23,357,97,0,2,13,4,21,10,0,38,76,5,95,30,132,4,126,11,24,416,19,0,0,0,126,2,36,136,2.98,1.95,5
Farul Constanţa,"Csikszereda Miercurea Ciuc - Farul Constanţa, 1-1",2026-03-21 16:30:00,1,Away,61242,719,191642,4437511,5823756,2.73,26.36,0.91,56.36,47.27,110,81.82,0.91,5.45,20,4.55,10,139.1,60.91,12.73,0,0,0,13.74,25.45,166.4,73.64,24.55,13.64,135.4,10.91,1.82,0,0,0,0,7.27,6.36,4.55,0,0.91,0.91,51.82,3.64,141.8,4.55,4.55,35.76,50.91,26.36,7.27,5.45,38.18,85.45,25.45,14.55,52.73,39.09,2.73,16.36,0.91,43.64,20.63,367.3,50,0,51,13.64,243.6,0,2.73,7.27,3.64,10.91,14.55,0,23.64,46.36,5.45,104.5,25.45,84.55,3.64,123.6,2.73,22.73,287.3,30,0,0,0,123.6,3.64,15.45,141.8,1.29,1.27,3.64,55.17,20.9,0,44.26,55.56,0,0,0,8.333,0,62.69,51.37,48.28,57.14,74.14,0,33.33,98.08,27.27,100,62.42,100,87.18,60,44.64,78.22,60,62.5,0,0,29.41,87.18,0,33.33,3,29,16,1,62,52,0,1,6,22,5,11,153,67,14,0,0,0,28,183,81,27,15,149,12,2,0,0,0,0,8,7,5,0,1,1,57,4,156,5,5,56,29,8,121,1,1,6,42,94,28,16,58,43,3,18,1,48,404,55,0,11.17,6,0,15,268,90,0,3,8,4,12,16,0,26,51,6,115,28,93,4,136,3,25,316,33,0,0,0,136,4,17,156,1.42,1.4,4
Hermannstadt,"Oţelul - Hermannstadt, 0-2",2026-03-08 13:30:00,3,Away,55427,719,191642,4435361,5715914,2.73,50,1.82,41.82,54.55,101.8,92.73,0,4.55,18.18,1.82,1.82,136.4,49.09,6.36,0,0,0,8.85,11.82,169.1,59.09,50,22.73,148.2,16.36,0,0,0,0,2.73,0.91,0.91,0,0,1.82,1.82,37.27,3.64,98.18,10.91,0.91,24.12,39.09,23.64,8.18,6.36,21.82,69.09,16.36,6.36,46.36,21.82,0.91,22.73,4.55,32.73,17.42,369.1,43.64,0,58.5,16.36,250.9,0,0,7.27,3.64,10.91,3.64,0.91,21.82,52.73,9.09,81.82,9.09,105.5,3.64,85.45,6.36,22.73,295.4,28.18,0,0.91,0,85.45,0.91,20,98.18,1.45,0.03,1.82,45.45,12.96,0,34.95,45.45,0,0,0,16.67,50,44.44,40.86,35.29,53.85,47.06,0,50,96.67,50,76.92,71.17,100,87.04,58.33,58.14,80.05,64.58,37.5,100,0,45.45,87.04,100,11.11,3,55,25,2,46,60,1,0,5,20,2,2,150,54,7,0,0,0,13,186,65,55,25,163,18,0,0,0,0,3,1,1,0,0,2,2,41,4,108,12,1,43,26,9,112,1,1,7,24,76,18,7,51,24,1,25,5,36,406,48,0,6.69,0,0,18,276,102,0,0,8,4,12,4,1,24,58,10,90,10,116,4,94,7,25,325,31,0,1,0,94,1,22,108,1.59,0.03,2
Petrolul 52,"Petrolul 52 - Hermannstadt, 1-1",2025-08-16 20:30:00,1,Home,60390,719,191642,4435361,5715726,0.91,27.27,0,28.18,46.36,90.91,59.09,0.91,0.91,5.45,3.64,3.64,135.4,70,14.55,0.91,0,0,14.73,10,159.1,58.18,23.64,10.91,114.5,9.09,2.73,0.91,0,0,1.82,10.91,10,2.73,0,0.91,0.91,38.18,3.64,113.6,0,3.64,23.62,41.82,19.09,10.91,0,41.82,79.09,13.64,6.36,42.73,20,0.91,20,3.64,27.27,17.78,340,31.82,0.91,44,4.55,241.8,0,7.27,8.18,3.64,11.82,9.09,0.91,10,41.82,0.91,92.73,9.09,77.27,3.64,99.09,0,20,276.4,15.45,0.91,0,0.91,99.09,3.64,15.45,113.6,1.42,0.67,0.91,46.67,20.78,0,36.57,46.15,0,0,0,7.692,100,59.74,49.71,31.91,63.64,46.81,100,23.08,90.2,16.67,90.91,67.46,100,87.2,0,47.83,81.28,48.57,33.33,0,25,41.18,87.2,0,10,1,30,14,0,31,51,0,1,1,6,4,4,149,77,16,1,0,0,11,175,64,26,12,126,10,3,1,0,0,2,12,11,3,0,1,1,42,4,125,0,4,46,21,12,100,1,1,0,46,87,15,7,47,22,1,22,4,30,374,35,1,12.87,0,0,5,266,65,0,8,9,4,13,10,1,11,46,1,102,10,85,4,109,0,22,304,17,1,0,1,109,4,17,125,1.56,0.74,1
Rapid Bucureşti,"Rapid Bucureşti - CFR Cluj, 1-1",2025-07-20 20:30:00,1,Home,11566,719,191642,4435361,5715693,2.73,30.91,0.91,52.73,60.91,92.73,75.45,0.91,4.55,13.64,5.45,3.64,107.3,44.55,10.91,0.91,0.91,0,17.68,16.36,139.1,58.18,30,10.91,155.4,5.45,3.64,1.82,0,0,0,1.82,1.82,1.82,0,0.91,0.91,31.82,3.64,152.7,5.45,0.91,33.91,33.64,22.73,10,0,30,71.82,20.91,10,40.91,26.36,0,16.36,0,33.64,17.9,460.9,41.82,0,58,17.27,360.9,0,6.36,11.82,3.64,19.09,13.64,3.64,20,56.36,2.73,72.73,12.73,122.7,3.64,141.8,5.45,19.09,395.4,32.73,0,0.91,1.82,141.8,5.45,9.09,152.7,1.2,0.95,0.91,35.29,24.49,100,41.83,36.36,0,0,0,4.762,0,67.35,51.63,51.11,61.11,64.44,0,33.33,92.54,20,77.78,78.95,100,92.86,100,56.76,85.8,78.26,23.08,25,33.33,40,92.86,0,16.67,3,34,12,1,58,67,0,1,5,15,6,4,118,49,12,1,1,0,18,153,64,33,12,171,6,4,2,0,0,0,2,2,2,0,1,1,35,4,168,6,1,37,25,11,102,1,1,0,33,79,23,11,45,29,0,18,0,37,507,46,0,17.14,1,0,19,397,83,0,7,13,4,21,15,4,22,62,3,80,14,135,4,156,6,21,435,36,0,1,2,156,6,10,168,1.32,1.05,1
UTA Arad,"UTA Arad - Argeș, 3-3",2025-09-13 15:00:00,1,Home,30817,719,191642,4435361,5715751,2.73,64.55,1.82,50.91,43.64,138.2,90.91,2.73,9.09,13.64,4.55,3.64,129.1,44.55,11.82,0,0,0,14.46,24.55,214.6,88.18,64.55,28.18,132.7,16.36,3.64,2.73,0,0,1.82,6.36,6.36,1.82,0,2.73,2.73,20,3.64,100.9,3.64,4.55,26.34,46.36,36.36,12.73,6.36,27.27,97.27,29.09,12.73,69.09,35.45,0.91,30.91,0.91,36.36,19.15,335.4,49.09,0.91,57.5,16.36,202.7,0,1.82,9.09,3.64,12.73,9.09,0,22.73,41.82,4.55,75.45,16.36,88.18,3.64,84.55,0.91,22.73,256.4,29.09,0.91,0,3.64,84.55,6.36,16.36,100.9,2.98,0.89,1.82,43.66,26.53,0,41.1,43.66,0,0,0,21.43,33.33,61.22,45.34,42.11,51.85,51.32,100,42.86,95.83,33.33,66.67,66.44,100,83.78,25,49.02,76.42,59.26,80,0,57.14,33.33,83.78,0,11.11,3,71,31,2,56,48,0,3,10,15,5,4,142,49,13,0,0,0,27,236,97,71,31,146,18,4,3,0,0,2,7,7,2,0,3,3,22,4,111,4,5,51,40,14,152,1,1,7,30,107,32,14,76,39,1,34,1,40,369,54,1,4.57,1,0,18,223,100,0,2,10,4,14,10,0,25,46,5,83,18,97,4,93,1,25,282,32,1,0,4,93,7,18,111,3.28,0.98,2
Universitatea Craiova,"Universitatea Craiova - Oţelul, 1-0",2026-02-05 17:00:00,3,Home,26233,719,191642,4435361,5715878,3.64,25.45,0,47.27,58.18,103.6,78.18,0,2.73,17.27,1.82,1.82,131.8,70,15.45,0,0,0,15.26,17.27,184.6,68.18,24.55,10.91,136.4,16.36,0.91,0.91,0,0,0.91,8.18,7.27,0,0,0.91,4.55,36.36,3.64,135.4,4.55,1.82,28.95,47.27,20,8.18,5.45,40.91,89.09,29.09,10.91,69.09,33.64,1.82,29.09,2.73,31.82,18.76,384.6,46.36,0,51,21.82,275.4,0,6.36,7.27,3.64,12.73,3.64,0,22.73,54.55,6.36,88.18,12.73,91.82,2.73,116.4,1.82,25.45,310,33.64,0,0,1.82,116.4,2.73,18.18,135.4,1.05,0.1,2.73,42.86,22.08,0,36.95,44.44,0,0,0,7.143,20,58.44,48.28,42.11,63.16,48.68,0,42.86,93.75,36.84,73.68,67.33,75,85.91,40,53.85,80.61,72.55,62.5,0,66.67,35,85.91,100,16.67,4,28,12,0,52,64,1,0,3,19,2,2,145,77,17,0,0,0,19,203,75,27,12,150,18,1,1,0,0,1,9,8,0,0,1,5,40,4,149,5,2,52,22,9,114,1,1,6,45,98,32,12,76,37,2,32,3,35,423,51,0,7.72,14,0,24,303,86,0,7,8,4,14,4,0,25,60,7,97,14,101,3,128,2,28,341,37,0,0,2,128,3,20,149,1.16,0.11,3
Argeș,"Botoşani - Argeș, 3-1",2025-08-11 18:00:00,0,Away,23334,719,191642,4435361,5715713,0,56.94,0,39.49,27.55,117.5,74.39,2.76,5.51,14.69,3.67,1.84,143.3,47.76,11.02,0,0,0,12.21,12.86,214,78.06,49.59,22.04,104.7,10.1,1.84,0.92,0,0,0,2.76,2.76,3.67,0,0.92,1.84,38.57,3.67,70.71,0,3.67,28.07,57.86,36.73,17.45,2.76,31.22,88.16,15.61,3.67,72.55,25.71,0.92,21.12,0.92,33.06,21.24,237.9,45,0,54.1,12.86,110.2,0,2.76,8.27,3.67,11.94,11.02,0,14.69,23.88,7.35,93.67,8.27,61.53,3.67,51.43,0,31.22,162.6,22.96,0,0,0,51.43,0,13.78,70.71,0.8,1.28,0.92,41.94,23.08,0,36.48,44.44,0,0,0,7.692,0,65.38,41.2,21.52,28.57,35.44,0,30.77,86.67,50,64.29,58.77,100,72.73,0,53.97,68.34,51.02,55.56,0,0,33.33,72.73,0,9.091,0,62,26,0,43,30,0,3,6,16,4,2,156,52,12,0,0,0,14,233,85,54,24,114,11,2,1,0,0,0,3,3,4,0,1,2,42,4,77,0,4,63,40,19,128,1,1,3,34,96,17,4,79,28,1,23,1,36,259,49,0,6,8,0,14,120,81,0,3,9,4,13,12,0,16,26,8,102,9,67,4,56,0,34,177,25,0,0,0,56,0,15,77,0.87,1.39,1
Argeș,"Argeș - Hermannstadt, 3-1",2026-02-06 16:00:00,3,Home,23334,719,191642,4435361,5715881,0,39.49,1.84,45,67.96,100.1,78.98,0.92,3.67,10.1,2.76,3.67,127.7,52.35,11.02,0.92,0.92,0,16.5,22.96,180,56.02,33.98,12.86,133.2,7.35,1.84,1.84,0,0,1.84,5.51,3.67,0.92,0,2.76,0.92,35.82,3.67,161.6,8.27,3.67,28.19,51.43,32.14,13.78,6.43,33.06,73.47,13.78,5.51,56.02,18.37,2.76,31.22,0,25.71,17.77,406.8,43.16,0,68.3,13.78,298.5,0,4.59,3.67,3.67,11.94,4.59,0,15.61,62.45,4.59,81.73,10.1,98.27,3.67,151.5,7.35,31.22,345.3,27.55,0,0,0.92,151.5,1.84,18.37,161.6,0.96,0.61,0,32.56,21.05,100,31.12,37.84,0,0,0,23.08,0,63.16,40.82,24.59,24,32.79,0,46.15,91.89,45.45,44,73.79,100,93.75,88.89,60.71,84.88,63.83,25,0,50,40,93.75,100,0,0,43,14,2,49,74,0,1,4,11,3,4,139,57,12,1,1,0,25,196,61,37,14,145,8,2,2,0,0,2,6,4,1,0,3,1,39,4,176,9,4,56,35,15,109,1,1,7,36,80,15,6,61,20,3,34,0,28,443,47,0,4.91,3,0,15,325,86,0,5,4,4,13,5,0,17,68,5,89,11,107,4,165,8,34,376,30,0,0,1,165,2,20,176,1.04,0.66,0
CFR Cluj,"FCS Bucureşti - CFR Cluj, 1-4",2026-01-25 19:00:00,3,Away,11611,719,191642,4435361,5715856,0,28.47,2.76,22.04,41.33,101.9,67.96,0.92,2.76,4.59,2.76,6.43,135,62.45,10.1,0,0,0,4.23,5.51,177.2,56.02,26.63,13.78,118.5,11.02,1.84,1.84,0,0,0.92,3.67,2.76,5.51,0,3.67,0.92,44.08,3.67,81.73,2.76,4.59,28.12,52.35,49.59,15.61,2.76,43.16,87.24,13.78,4.59,36.73,15.61,0,15.61,0.92,49.59,18.36,293.9,37.65,0,37.5,3.67,184.6,0,2.76,6.43,3.67,10.1,15.61,1.84,11.94,36.73,0,101.9,4.59,72.55,3.67,64.29,2.76,22.96,218.6,25.71,0,1.84,1.84,64.29,1.84,10.1,81.73,1.66,2.08,2.76,51.61,16.18,0,31.61,51.72,0,0,0,36.36,0,69.12,49.22,37.5,83.33,42.5,0,54.55,88.89,0,83.33,61.24,100,78.65,100,43.86,74.38,68.29,57.14,100,100,54.55,78.65,100,25,0,31,16,3,24,45,0,1,3,5,3,7,147,68,11,0,0,0,6,193,61,29,15,129,12,2,2,0,0,1,4,3,6,0,4,1,48,4,89,3,5,57,54,17,111,1,1,3,47,95,15,5,40,17,0,17,1,54,320,41,0,12,5,0,4,201,74,0,3,7,4,11,17,2,13,40,0,111,5,79,4,70,3,25,238,28,0,2,2,70,2,11,89,1.81,2.27,3
Farul Constanţa,"Rapid Bucureşti - Farul Constanţa, 3-1",2025-10-04 19:30:00,0,Away,61242,719,191642,4435361,5715772,0.92,38.57,0.92,67.96,46.84,112,81.73,2.76,7.35,18.37,6.43,3.67,134.1,60.61,14.69,1.84,0.92,0,19.72,33.06,204.8,82.65,31.22,16.53,127.7,9.18,3.67,1.84,0,0,0.92,6.43,4.59,0.92,0,0.92,0.92,34.9,3.67,124,5.51,5.51,27.65,51.43,31.22,9.18,3.67,42.24,101,30.31,22.96,74.39,39.49,2.76,45,0.92,25.71,18.91,353.6,59.69,0,49,17.45,224.1,0,1.84,10.1,3.67,15.61,11.02,0.92,32.14,42.24,3.67,96.43,28.47,88.16,3.67,93.67,2.76,28.47,271.8,41.33,0,0,1.84,93.67,2.76,33.06,124,1.9,0.81,0.92,50,24.24,50,40.36,52.94,0,0,0,5.882,0,69.7,49.33,40.74,69.44,53.09,0,35.29,90.2,20,86.11,69.06,100,75.56,50,55.36,76.88,69.23,63.64,0,66.67,30.56,75.56,0,10,1,42,21,1,74,51,0,3,8,20,7,4,146,66,16,2,1,0,36,223,90,34,18,139,10,4,2,0,0,1,7,5,1,0,1,1,38,4,135,6,6,56,34,10,122,1,1,4,46,110,33,25,81,43,3,49,1,28,385,65,0,8.78,6,0,19,244,89,0,2,11,4,17,12,1,35,46,4,105,31,96,4,102,3,31,296,45,0,0,2,102,3,36,135,2.07,0.88,1
Hermannstadt,"Hermannstadt - Universitatea Cluj, 2-2",2025-08-03 17:30:00,1,Home,55427,719,191642,4435361,5715708,2.76,16.53,0.92,38.57,44.08,72.55,54.18,1.84,1.84,10.1,3.67,0.92,108.4,56.94,14.69,0,0,0,8.06,12.86,148.8,62.45,14.69,8.27,97.35,7.35,0,0,0,0,1.84,2.76,1.84,0.92,0,1.84,1.84,34.9,3.67,65.2,10.1,3.67,24.44,22.04,14.69,8.27,4.59,33.06,70.71,20.2,9.18,60.61,30.31,0,20.2,0.92,23.88,17.47,250.7,40.41,0,29.6,14.69,164.4,0,4.59,7.35,3.67,14.69,10.1,0.92,18.37,41.33,4.59,77.14,11.02,70.71,2.76,54.18,7.35,9.18,201.1,22.96,0,0,0,54.18,1.84,13.78,65.2,2.14,1.07,0.92,55.56,25.81,0,41.98,56.25,0,0,0,12.5,0,58.06,47.53,33.33,71.43,50,0,31.25,93.75,45.45,85.71,72.64,75,83.1,72.73,41.67,80.22,56.82,37.5,0,0,33.33,83.1,0,12.5,3,18,10,1,42,48,0,2,2,11,4,1,118,62,16,0,0,0,14,162,68,16,9,106,8,0,0,0,0,2,3,2,1,0,2,2,38,4,71,11,4,24,16,9,79,1,1,5,36,77,22,10,66,33,0,22,1,26,273,44,0,18.25,9,0,16,179,59,0,5,8,4,16,11,1,20,45,5,84,12,77,3,59,8,10,219,25,0,0,0,59,2,15,71,2.33,1.17,1
Universitatea Cluj,"Universitatea Cluj - UTA Arad, 1-1",2025-07-19 17:30:00,1,Home,60374,719,191642,4435361,5715690,5.51,27.55,0.92,78.06,88.16,97.35,79.9,0.92,3.67,18.37,5.51,8.27,103.8,48.67,12.86,0,0,0,23.57,41.33,162.6,70.71,24.8,12.86,179.1,7.35,1.84,1.84,0,0,1.84,7.35,7.35,4.59,0,0.92,2.76,27.55,3.67,213.1,2.76,1.84,25.34,34.9,17.45,9.18,5.51,36.73,87.24,27.55,22.04,68.88,34.9,0.92,24.8,0,33.06,16.32,581.3,54.18,0,68.8,29.39,453.7,0,6.43,12.86,3.67,18.37,12.86,0,32.14,79.9,6.43,78.06,29.39,148.8,3.67,191.9,2.76,20.2,505.1,40.41,0,0,1.84,191.9,5.51,35.82,213.1,2.06,1.58,1.84,50,26.42,0,43.5,51.85,0,0,0,5,33.33,75.47,53.67,40,53.33,50.67,0,20,90.63,35,71.11,83.08,100,90.09,100,57.89,86.89,74.58,42.86,0,33.33,41.03,90.09,0,25,6,30,15,1,85,96,0,1,4,20,6,9,113,53,14,0,0,0,45,177,77,27,14,195,8,2,2,0,0,2,8,8,5,0,1,3,30,4,232,3,2,38,19,10,106,1,1,6,40,95,30,24,75,38,1,27,0,36,633,59,0,7.12,11,0,32,494,87,0,7,14,4,20,14,0,35,87,7,85,32,162,4,209,3,22,550,44,0,0,2,209,6,39,232,2.24,1.72,2
Dinamo Bucureşti,"Dinamo Bucureşti - Hermannstadt, 2-0",2025-08-30 20:30:00,3,Home,11564,719,191642,4435361,5715738,0,40.82,0,38.04,72.37,69.59,67.73,0,4.64,9.28,3.71,6.49,122.5,58.45,12.99,0,0,0,2.77,13.92,195.8,79.79,25.98,17.63,134.5,13.92,0,0,0,0,0.93,9.28,9.28,2.78,0,1.86,1.86,23.2,3.71,208.8,0.93,5.57,20.1,25.05,22.27,8.35,0.93,36.19,94.64,25.05,10.21,74.23,33.4,0.93,25.98,0,22.27,17.04,543.7,42.68,0,61.2,7.42,428.7,0,2.78,12.06,3.71,14.85,11.13,0,17.63,69.59,2.78,84.43,12.99,108.6,3.71,199.5,0,12.99,489,29.69,0,0,0,199.5,0,16.7,208.8,1.67,0.7,1.86,61.36,22.22,0,40.76,67.86,0,0,0,12.5,50,61.9,48.34,33.75,73.33,45,0,31.25,96.15,30,93.33,80.69,100,95.56,0,51.85,89.93,69.57,46.15,0,0,50,95.56,100,13.33,0,44,27,0,41,78,1,0,5,10,4,7,132,63,14,0,0,0,15,211,86,28,19,145,15,0,0,0,0,1,10,10,3,0,2,2,25,4,225,1,6,27,24,9,75,1,1,1,39,102,27,11,80,36,1,28,0,24,586,46,0,9.32,0,0,8,462,73,0,3,13,4,16,12,0,19,75,3,91,14,117,4,215,0,14,527,32,0,0,0,215,0,18,225,1.8,0.75,2
Dinamo Bucureşti,"Dinamo Bucureşti - Farul Constanţa, 1-1",2025-09-22 20:00:00,1,Home,11564,719,191642,4435361,5715754,0.93,32.47,0.93,53.81,54.74,99.28,83.51,0.93,7.42,13.92,0.93,3.71,129.9,59.38,15.77,0,0,0,22.02,30.62,181.9,74.23,29.69,12.06,143.8,13.92,1.86,0,0,0,0,7.42,6.49,3.71,0,0.93,1.86,38.04,3.71,153.1,5.57,2.78,28.05,35.26,17.63,9.28,0.93,39.9,88.14,25.98,15.77,72.37,36.19,1.86,16.7,0,34.33,19.39,425.9,41.75,0,52,8.35,327.5,0,4.64,5.57,3.71,8.35,11.13,0.93,20.41,52.89,0.93,90.93,20.41,116.9,3.71,131.8,4.64,19.48,368.4,25.05,0,0,0,131.8,3.71,15.77,153.1,0.62,0.93,2.78,40,26.56,0,40.82,40.63,0,0,0,11.11,50,67.19,48.47,35.9,51.52,50,0,44.44,96.61,6.67,66.67,81.29,100,86.06,83.33,55.26,86.49,60,50,0,0,47.06,86.06,0,20,1,35,14,1,58,59,0,1,8,15,1,4,140,64,17,0,0,0,33,196,80,32,13,155,15,2,0,0,0,0,8,7,4,0,1,2,41,4,165,6,3,38,19,10,107,1,1,1,43,95,28,17,78,39,2,18,0,37,459,45,0,10.59,3,0,9,353,90,0,5,6,4,9,12,1,22,57,1,98,22,126,4,142,5,21,397,27,0,0,0,142,4,17,165,0.67,1,3
Dinamo Bucureşti,"Dinamo Bucureşti - Rapid Bucureşti, 0-2",2025-10-19 19:30:00,0,Home,11564,719,191642,4435361,5715776,4.64,36.19,0,75.15,66.8,90.93,80.72,1.86,10.21,28.76,5.57,1.86,98.35,43.61,16.7,0,0,0,12.84,25.05,174.4,77.94,29.69,15.77,150.3,6.49,1.86,0,0,0,0.93,5.57,4.64,0,0,0,2.78,18.56,3.71,194.8,9.28,1.86,33.18,31.55,25.05,12.06,7.42,32.47,91.86,31.55,15.77,69.59,33.4,2.78,31.55,0.93,24.12,18.74,490.8,52.89,0,59.6,20.41,369.3,0,3.71,8.35,3.71,18.56,5.57,2.78,31.55,63.09,9.28,66.8,19.48,113.2,3.71,178.1,8.35,11.13,419.4,41.75,0,0.93,0,178.1,4.64,36.19,194.8,3.44,1.27,0,43.59,38.3,0,44.68,53.13,0,0,0,0,33.33,74.47,52.66,45.33,62.96,48,0,30,94.44,32.26,77.78,75.31,100,91.43,90,35.29,85.44,78.95,44.44,33.33,0,43.59,91.43,0,0,5,39,17,0,81,72,0,2,11,31,6,2,106,47,18,0,0,0,27,188,84,32,17,162,7,2,0,0,0,1,6,5,0,0,0,3,20,4,210,10,2,34,27,13,98,1,1,8,35,99,34,17,75,36,3,34,1,26,529,57,0,14.16,4,0,22,398,87,0,4,9,4,20,6,3,34,68,10,72,21,122,4,192,9,12,452,45,0,1,0,192,5,39,210,3.71,1.37,0
Farul Constanţa,"Farul Constanţa - Metaloglobus, 2-1",2025-08-01 18:00:00,3,Home,61242,719,191642,4435361,5715706,0.93,44.54,0,45.46,59.38,101.1,79.79,0.93,4.64,12.99,5.57,2.78,128,46.39,12.99,1.86,0,0,13.44,13.92,186.5,72.37,42.68,17.63,142.9,10.21,3.71,0,0,0,0.93,4.64,4.64,1.86,0,1.86,0.93,37.11,3.71,127.1,2.78,0.93,30.06,64.95,33.4,9.28,6.49,34.33,87.22,25.05,10.21,62.16,31.55,1.86,25.05,0,29.69,19.45,389.7,50.1,0,57.1,13.92,267.2,0,3.71,8.35,3.71,18.56,7.42,0,20.41,54.74,5.57,90,12.99,102.1,3.71,110.4,2.78,38.04,317.3,30.62,0,0,1.86,110.4,4.64,24.12,127.1,1.81,0.74,0,41.67,28,0,38.81,41.3,0,0,0,10,0,74,46.77,40.3,73.33,50.75,0,25,92.19,42.86,93.33,71.43,100,86.86,100,58.57,81.43,61.11,66.67,0,40,50,86.86,100,0,1,48,20,0,49,64,0,1,5,14,6,3,138,50,14,2,0,0,15,201,78,46,19,154,11,4,0,0,0,1,5,5,2,0,2,1,40,4,137,3,1,70,36,10,109,1,1,7,37,94,27,11,67,34,2,27,0,32,420,54,0,7.75,14,0,15,288,86,0,4,9,4,20,8,0,22,59,6,97,14,110,4,119,3,41,342,33,0,0,2,119,5,26,137,1.95,0.8,0
Hermannstadt,"Hermannstadt - Petrolul 52, 1-1",2025-12-21 13:00:00,1,Home,55427,719,191642,4435361,5715846,1.86,38.04,0.93,64.02,49.18,115,89.07,0.93,2.78,23.2,2.78,3.71,141,75.15,16.7,0.93,0,0,14.83,23.2,232,90.93,36.19,20.41,156.8,11.13,5.57,0.93,0,0,0.93,3.71,2.78,3.71,0,0.93,3.71,27.84,3.71,131.8,9.28,1.86,27.5,34.33,26.91,12.99,3.71,39.9,104.8,30.62,13.92,91.86,39.9,0.93,32.47,1.86,27.84,20.23,385.1,54.74,0,55.1,18.56,243.1,0,1.86,11.13,3.71,15.77,8.35,1.86,25.98,44.54,5.57,89.07,19.48,118.8,2.78,98.35,6.49,16.7,297.8,38.04,0,0.93,2.78,98.35,3.71,25.98,131.8,1.62,1.06,1.86,56.1,22.22,0,39.2,56.41,0,0,0,5.882,50,53.09,45.2,33.33,60,43.43,0,35.29,90.57,24,84,75.74,75,74.65,70,48.65,77.35,69.49,58.33,50,75,50,74.65,0,16.67,2,41,23,1,69,53,0,1,3,25,3,4,152,81,18,1,0,0,25,250,98,39,22,169,12,6,1,0,0,1,4,3,4,0,1,4,30,4,142,10,2,37,29,14,124,1,1,4,43,113,33,15,99,43,1,35,2,30,415,59,0,8.3,7,0,20,262,96,0,2,12,4,17,9,2,28,48,6,96,21,128,3,106,7,18,321,41,0,1,3,106,4,28,142,1.75,1.14,2
Hermannstadt,"Farul Constanţa - Hermannstadt, 1-1",2026-01-17 16:15:00,1,Away,55427,719,191642,4435361,5715849,0,26.91,0,40.82,42.68,145.7,92.78,0.93,0.93,3.71,1.86,7.42,166.1,76.08,19.48,0,0,0,18.97,25.98,211.6,81.65,25.05,9.28,157.7,9.28,0.93,0.93,0,0,2.78,3.71,2.78,4.64,0,0.93,0,63.09,3.71,64.02,7.42,2.78,26.67,61.24,26.91,11.13,6.49,55.67,109.5,33.4,19.48,81.65,41.75,0,19.48,0.93,56.6,19.26,329.4,47.32,0,38.9,2.78,181.9,0,0.93,4.64,3.71,10.21,11.13,0.93,24.12,39.9,0.93,128,21.34,88.14,3.71,52.89,6.49,27.84,229.2,20.41,0,0.93,1.86,52.89,6.49,12.06,64.02,0.87,0.81,2.78,34.48,25.61,0,38.6,37.04,0,0,0,9.091,0,73.17,51.75,40.91,75,51.14,0,27.27,93.48,25,82.14,55.88,100,82.61,87.5,45.45,69.58,43.14,60,100,28.57,30.77,82.61,0,30,0,29,10,0,44,46,0,1,1,4,2,8,179,82,21,0,0,0,28,228,88,27,10,170,10,1,1,0,0,3,4,3,5,0,1,0,68,4,69,8,3,66,29,12,157,1,1,7,60,118,36,21,88,45,0,21,1,61,355,51,0,11.28,2,0,3,196,100,0,1,5,4,11,12,1,26,43,1,138,23,95,4,57,7,30,247,22,0,1,2,57,7,13,69,0.94,0.87,3
Oţelul,"Unirea Slobozia - Oţelul, 0-0",2025-08-04 18:00:00,1,Away,11571,719,191642,4435361,5715711,1.86,42.68,0,41.75,52.89,114.1,77.94,0,2.78,14.85,1.86,12.06,161.4,71.44,12.06,0,0,0.93,30.99,20.41,198.6,73.3,38.97,22.27,162.4,13.92,3.71,3.71,0,0,0.93,8.35,4.64,5.57,0,0,2.78,47.32,3.71,108.6,11.13,5.57,31.07,56.6,22.27,8.35,5.57,35.26,88.14,22.27,10.21,62.16,30.62,2.78,16.7,0,37.11,19.95,366.5,51.96,0,53.3,11.13,247.7,0.93,2.78,5.57,3.71,6.49,18.56,0,19.48,49.18,5.57,104.8,13.92,115,2.78,92.78,7.42,24.12,293.2,32.47,0,0,0.93,92.78,3.71,12.99,108.6,1.22,1.28,0,52.17,16.88,0,36.92,57.14,0,0,0,0,66.67,49.35,44.39,35.82,50,49.25,0,57.14,92.98,37.5,68.18,70.86,75,85.47,66.67,42.62,80,62.5,66.67,0,25,50,85.47,0,0,2,46,24,0,45,57,1,0,3,16,2,13,174,77,13,0,0,1,22,214,79,42,24,175,15,4,4,0,0,1,9,5,6,0,0,3,51,4,117,12,6,61,24,9,123,1,1,6,38,95,24,11,67,33,3,18,0,40,395,56,0,8.68,5,0,12,267,84,1,3,6,4,7,20,0,21,53,6,113,15,124,3,100,8,26,316,35,0,0,1,100,4,14,117,1.31,1.38,0
UTA Arad,"Csikszereda Miercurea Ciuc - UTA Arad, 2-0",2026-02-07 14:00:00,0,Away,30817,719,191642,4435361,5715887,7.42,41.75,0,86.29,53.81,121.5,83.51,1.86,9.28,34.33,3.71,1.86,125.3,51.96,11.13,0,0,0,21.16,34.33,220.8,94.64,38.04,13.92,174.4,9.28,4.64,2.78,0,0,0,3.71,2.78,0,0,0,3.71,31.55,3.71,142.9,4.64,1.86,25.9,38.04,43.61,20.41,2.78,33.4,105.8,37.11,18.56,83.51,48.25,0,42.68,3.71,24.12,18.66,425.9,68.66,0,60,31.55,276.5,0,1.86,10.21,3.71,16.7,5.57,0.93,36.19,51.03,12.99,79.79,29.69,129,2.78,120.6,3.71,18.56,337.7,51.03,0,0,1.86,120.6,5.57,32.47,142.9,1.48,0.19,2.78,35.56,21.43,0,42.86,36.59,0,0,0,0,50,64.29,47.9,44.44,54.05,57.78,0,27.78,94.83,37.84,86.49,73.94,75,84.42,80,48.78,79.3,74.32,81.82,0,33.33,28.57,84.42,0,30,8,45,16,0,93,58,0,2,10,37,4,2,135,56,12,0,0,0,37,238,102,41,15,188,10,5,3,0,0,0,4,3,0,0,0,4,34,4,154,5,2,41,47,22,131,1,1,3,36,114,40,20,90,52,0,46,4,26,459,74,0,5.33,1,0,34,298,90,0,2,11,4,18,6,1,39,55,14,86,32,139,3,130,4,20,364,55,0,0,2,130,6,35,154,1.59,0.2,3
Universitatea Craiova,"Universitatea Craiova - Botoşani, 2-0",2026-01-24 19:00:00,3,Home,26233,719,191642,4435361,5715861,5.57,23.2,0.93,44.54,65.88,106.7,82.58,0,2.78,10.21,1.86,4.64,119.7,56.6,11.13,0.93,0,0,29.54,20.41,180.9,74.23,23.2,14.85,155.9,12.99,2.78,0,0,0,0.93,5.57,3.71,2.78,0,1.86,2.78,39.9,3.71,165.2,9.28,1.86,22.66,52.89,45.46,21.34,3.71,38.04,94.64,20.41,10.21,55.67,26.91,0.93,25.05,2.78,38.04,16.25,457.4,46.39,0,61.2,13.92,330.3,0,3.71,6.49,3.71,9.28,8.35,4.64,18.56,56.6,3.71,92.78,12.99,108.6,3.71,154,6.49,30.62,376.7,25.05,0,2.78,4.64,154,9.28,15.77,165.2,1.63,0.75,1.86,64,19.67,0,41.03,64,0,0,0,20,0,67.21,52.31,36.67,50,48.33,0,20,85.92,36.36,63.64,69.64,100,93.26,70,57.89,82.35,54,71.43,60,50,23.53,93.26,100,14.29,6,25,16,1,48,71,1,0,3,11,2,5,129,61,12,1,0,0,22,195,80,25,16,168,14,3,0,0,0,1,6,4,3,0,2,3,43,4,178,10,2,57,49,23,115,1,1,4,41,102,22,11,60,29,1,27,3,41,493,50,0,5.45,24,0,15,356,89,0,4,7,4,10,9,5,20,61,4,100,14,117,4,166,7,33,406,27,0,3,5,166,10,17,178,1.76,0.81,2
Dinamo Bucureşti,"FCS Bucureşti - Dinamo Bucureşti, 0-0",2025-12-06 19:30:00,1,Away,11564,719,191642,4435361,5715825,0,45,0,28.13,75.94,110.6,89.06,0,0.94,10.31,0,0.94,165.9,80.63,18.75,0,0,0,11.88,9.38,210.9,77.81,38.44,20.63,148.1,16.88,1.88,0,0,0,0,3.75,1.88,1.88,0,0,0,40.31,3.75,123.8,10.31,1.88,26.64,40.31,19.69,9.38,3.75,50.63,100.3,18.75,4.69,65.63,28.13,4.69,24.38,0.94,43.13,17.49,429.4,48.75,0,47.2,8.44,298.1,0,1.88,3.75,3.75,6.56,4.69,1.88,10.31,66.56,2.81,112.5,6.56,107.8,2.81,104.1,8.44,21.56,345.9,35.63,0,0.94,0.94,104.1,1.88,11.25,123.8,0.46,0.5,1.88,47.92,23.26,0,36.89,53.66,0,0,0,0,0,62.79,47.56,28.57,50,42.86,0,28.57,87.65,27.27,70,72.78,75,84.09,81.82,53.49,80.57,73.08,25,50,50,25,84.09,0,11.11,0,48,23,0,30,81,1,0,1,11,0,1,177,86,20,0,0,0,10,225,83,41,22,158,18,2,0,0,0,0,4,2,2,0,0,0,43,4,132,11,2,43,21,10,118,1,1,4,54,107,20,5,70,30,5,26,1,46,458,52,0,10.47,4,0,9,318,95,0,2,4,4,7,5,2,11,71,3,120,7,115,3,111,9,23,369,38,0,1,1,111,2,12,132,0.49,0.53,2
Dinamo Bucureşti,"CFR Cluj - Dinamo Bucureşti, 2-0",2026-03-09 19:00:00,0,Away,11564,719,191642,4435361,5715912,1.88,36.56,0,47.81,73.13,106.9,76.88,1.88,2.81,15.94,1.88,3.75,128.4,60,18.75,0,0,0,22.18,20.63,190.3,84.38,34.69,19.69,189.4,4.69,4.69,2.81,0,0,0,4.69,4.69,2.81,0,0,0.94,31.88,3.75,146.2,7.5,3.75,27.61,37.5,29.06,13.13,6.56,48.75,108.8,26.25,9.38,64.69,31.88,0.94,20.63,0,28.13,15.4,515.6,44.06,0.94,66,13.13,372.2,0,3.75,5.63,3.75,11.25,10.31,0,15.94,65.63,3.75,101.2,14.06,144.4,3.75,128.4,3.75,21.56,429.4,35.63,0,0,0,128.4,4.69,18.75,146.2,2.05,0.71,0,56.41,31.25,0,44.33,56.76,0,0,0,0,100,81.25,57.14,40.58,45.45,49.28,0,25,89.74,23.53,68.18,76.24,100,87.82,50,57.5,83.27,80.85,50,0,0,35,87.82,0,0,2,39,22,0,51,78,0,2,3,17,2,4,137,64,20,0,0,0,22,203,90,37,21,202,5,5,3,0,0,0,5,5,3,0,0,1,34,4,156,8,4,40,31,14,114,1,1,7,52,116,28,10,69,34,1,22,0,30,550,47,1,11.67,1,0,14,397,82,0,4,6,4,12,11,0,17,70,4,108,15,154,4,137,4,23,458,38,0,0,0,137,5,20,156,2.19,0.76,0
FCS Bucureşti,"FCS Bucureşti - Csikszereda Miercurea Ciuc, 1-0",2026-02-01 19:00:00,3,Home,11565,719,191642,4435361,5715865,0.94,21.56,0.94,68.44,77.81,121.9,93.75,0,4.69,21.56,8.44,6.56,109.7,60,20.63,0,0,0,22.67,20.63,169.7,77.81,21.56,9.38,179.1,11.25,1.88,0.94,0,0,0,3.75,2.81,5.63,0,0.94,2.81,28.13,3.75,177.2,8.44,1.88,31.28,46.88,18.75,12.19,2.81,43.13,90.94,26.25,9.38,69.38,35.63,0.94,45,0.94,28.13,19.06,515.6,62.81,0.94,66,18.75,365.6,0,2.81,13.13,3.75,19.69,11.25,6.56,26.25,66.56,7.5,80.63,16.88,123.8,3.75,157.5,5.63,27.19,409.7,47.81,0,3.75,5.63,157.5,9.38,47.81,177.2,3.93,0.75,0.94,43.48,34.38,0,45.86,43.48,0,0,0,4.762,66.67,71.88,53.59,37.84,45.45,51.35,0,28.57,85.54,34.78,81.82,69.11,100,88.89,66.67,58,79.45,76.12,35.71,57.14,60,29.41,88.89,100,8.333,1,23,10,1,73,83,1,0,5,23,9,7,117,64,22,0,0,0,22,181,83,23,10,191,12,2,1,0,0,0,4,3,6,0,1,3,30,4,189,9,2,50,20,13,130,1,1,3,46,97,28,10,74,38,1,48,1,30,550,67,1,4.88,14,0,20,390,100,0,3,14,4,21,12,7,28,71,8,86,18,132,4,168,6,29,437,51,0,4,6,168,10,51,189,4.19,0.8,1
Hermannstadt,"Hermannstadt - Argeș, 0-1",2025-09-26 17:00:00,0,Home,55427,719,191642,4435361,5715761,0.94,46.88,0,47.81,67.5,122.8,95.63,0.94,4.69,21.56,1.88,1.88,108.8,42.19,12.19,0,0,0,25.84,18.75,188.4,80.63,46.88,17.81,185.6,10.31,4.69,2.81,0,0,0,2.81,2.81,3.75,0,0,4.69,19.69,3.75,175.3,17.81,0.94,30.6,51.56,29.06,16.88,7.5,27.19,94.69,32.81,13.13,70.31,33.75,2.81,30,0.94,31.88,17.35,522.2,68.44,0,63.5,21.56,379.7,0,1.88,6.56,3.75,7.5,5.63,0,21.56,64.69,7.5,64.69,14.06,135,3.75,164.1,13.13,25.31,442.5,46.88,0,0,1.88,164.1,10.31,16.88,175.3,1.01,0.53,0.94,38,28.89,0,42.79,38,0,0,0,0,20,64.44,50.25,46.67,70,48,0,12.5,95.83,34.78,75,72.73,100,93.58,73.68,49.09,84.74,68.49,28.57,0,18.18,27.78,93.58,0,9.091,1,50,19,0,51,72,0,1,5,23,2,2,116,45,13,0,0,0,20,201,86,50,19,198,11,5,3,0,0,0,3,3,4,0,0,5,21,4,187,19,1,55,31,18,131,1,1,8,29,101,35,14,75,36,3,32,1,34,557,73,0,7.79,4,0,23,405,102,0,2,7,4,8,6,0,23,69,8,69,15,144,4,175,14,27,472,50,0,0,2,175,11,18,187,1.08,0.56,1
Hermannstadt,"Hermannstadt - Dinamo Bucureşti, 1-2",2026-01-23 19:00:00,0,Home,55427,719,191642,4435361,5715858,0,32.81,0.94,24.38,21.56,93.75,68.44,1.88,0.94,7.5,4.69,4.69,121.9,57.19,12.19,0,0,0,8.29,7.5,151.9,57.19,30,15,95.63,10.31,1.88,0,0,0,0.94,5.63,4.69,1.88,0,0.94,0,31.88,3.75,50.63,2.81,5.63,33.03,43.13,19.69,8.44,0.94,32.81,75.94,17.81,5.63,42.19,19.69,0,15,0.94,33.75,21.57,195,38.44,0,28.6,6.56,105,0,0,6.56,3.75,8.44,8.44,0.94,12.19,17.81,1.88,81.56,5.63,57.19,3.75,41.25,2.81,18.75,135,20.63,0,0.94,0.94,41.25,1.88,14.06,50.63,1.03,0.75,1.88,51.43,21.31,0,37.65,50,0,0,0,11.11,0,57.38,50,42.22,75,46.67,0,44.44,82.61,25,75,59.8,100,81.48,100,43.48,69.23,53.66,57.14,100,50,53.33,81.48,0,18.18,0,35,18,1,26,23,0,2,1,8,5,5,130,61,13,0,0,0,8,162,61,32,16,102,11,2,0,0,0,1,6,5,2,0,1,0,34,4,54,3,6,46,21,9,100,1,1,1,35,81,19,6,45,21,0,16,1,36,208,41,0,24.74,2,0,7,112,73,0,0,7,4,9,9,1,13,19,2,87,6,61,4,44,3,20,144,22,0,1,1,44,2,15,54,1.1,0.8,2
Rapid Bucureşti,"Rapid Bucureşti - UTA Arad, 2-0",2025-08-29 19:30:00,3,Home,11566,719,191642,4435361,5715742,3.75,31.88,1.88,43.13,53.44,110.6,76.88,0,4.69,14.06,3.75,2.81,131.2,67.5,14.06,0.94,0.94,0,24.74,17.81,185.6,64.69,23.44,10.31,132.2,11.25,2.81,1.88,0,0,0,1.88,1.88,0.94,0,1.88,1.88,31.88,3.75,119.1,14.06,2.81,27.96,47.81,15.94,4.69,9.38,39.38,87.19,30.94,15,70.31,33.75,0,12.19,0,45.94,17.17,370.3,31.88,0,45.8,16.88,256.9,0,6.56,6.56,3.75,9.38,5.63,1.88,22.5,46.88,3.75,83.44,15.94,95.63,3.75,100.3,12.19,31.88,296.2,19.69,0,0,1.88,100.3,5.63,15.94,119.1,1.39,0.38,3.75,38.24,20.83,100,34.85,44,0,0,0,20,50,58.33,46.97,44,84.21,48,0,40,87.72,26.67,89.47,72.34,100,84.25,86.67,66.67,80,61.76,42.86,0,33.33,41.18,84.25,100,33.33,4,34,13,2,46,57,1,0,5,15,4,3,140,72,15,1,1,0,19,198,69,25,11,141,12,3,2,0,0,0,2,2,1,0,2,2,34,4,127,15,3,51,17,5,118,1,1,10,42,93,33,16,75,36,0,13,0,49,395,34,0,21.54,9,0,18,274,82,0,7,7,4,10,6,2,24,50,4,89,17,102,4,107,13,34,316,21,0,0,2,107,6,17,127,1.48,0.41,4
Rapid Bucureşti,"Rapid Bucureşti - Unirea Slobozia, 4-1",2025-10-27 19:30:00,3,Home,11566,719,191642,4435361,5715788,0,24.38,1.88,62.81,89.06,78.75,60,0.94,7.5,16.88,6.56,0.94,113.4,59.06,11.25,0.94,0,0,15.98,29.06,166.9,65.63,20.63,9.38,181.9,15.94,1.88,0,0,0,0.94,0,0,0.94,0,3.75,0.94,30,3.75,227.8,3.75,0,31.79,35.63,11.25,2.81,0.94,33.75,73.13,27.19,12.19,72.19,42.19,0,29.06,0,15.94,19.4,547.5,60,0,60.7,19.69,453.8,0,5.63,10.31,3.75,15.94,4.69,0.94,24.38,86.25,6.56,73.13,25.31,154.7,3.75,218.4,3.75,27.19,495.9,50.63,0,0.94,1.88,218.4,2.81,20.63,227.8,1.19,0.46,0,38.46,19.05,0,39.33,45.45,0,0,0,23.53,0,57.14,43.82,37.66,41.94,58.44,0,29.41,96.84,38.89,87.1,85.05,100,95.88,100,76.32,90.58,84.38,72.73,100,66.67,31.82,95.88,100,0,0,26,10,2,67,95,0,1,8,18,7,1,121,63,12,1,0,0,31,178,70,22,10,194,17,2,0,0,0,1,0,0,1,0,4,1,32,4,243,4,0,38,12,3,84,1,1,1,36,78,29,13,77,45,0,31,0,17,584,64,0,7.82,1,0,21,484,64,0,6,11,4,17,5,1,26,92,7,78,27,165,4,233,4,29,529,54,0,1,2,233,3,22,243,1.27,0.49,0
UTA Arad,"Oţelul - UTA Arad, 2-2",2026-02-20 16:00:00,1,Away,30817,719,191642,4435361,5715903,0,40.31,0.94,50.63,34.69,118.1,94.69,1.88,10.31,17.81,1.88,5.63,177.2,79.69,23.44,0,0,0,18.89,19.69,237.2,90,30.94,15,116.2,16.88,3.75,1.88,0,0,0.94,0,0,1.88,0,1.88,1.88,57.19,3.75,70.31,2.81,8.44,25.21,57.19,42.19,15,4.69,53.44,107.8,21.56,6.56,75,33.75,1.88,40.31,0,32.81,18.19,271.9,47.81,0,46.5,14.06,135.9,0,0.94,4.69,3.75,13.13,15.94,0,15,30,2.81,128.4,8.44,74.06,3.75,48.75,1.88,30,186.6,22.5,0,0,0.94,48.75,1.88,17.81,70.31,0.98,1.82,0.94,44.19,29.41,0,37.94,48.48,0,0,0,14.29,50,67.06,45.45,28.75,33.33,45,0,42.86,86.49,15.79,42.86,63.71,100,69.33,66.67,52.46,68.62,47.06,80,0,50,21.05,69.33,0,5.556,0,43,19,1,54,37,0,2,11,19,2,6,189,85,25,0,0,0,21,253,96,33,16,124,18,4,2,0,0,1,0,0,2,0,2,2,61,4,75,3,9,61,45,16,126,1,1,5,57,115,23,7,80,36,2,43,0,35,290,51,0,4.96,0,0,15,145,101,0,1,5,4,14,17,0,16,32,3,137,9,79,4,52,2,32,199,24,0,0,1,52,2,19,75,1.05,1.94,1
Unirea Slobozia,"Unirea Slobozia - Universitatea Cluj, 0-1",2025-08-30 17:45:00,0,Home,11663,719,191642,4435361,5715743,0.94,30,0,32.81,42.19,86.25,66.56,0.94,1.88,7.5,3.75,3.75,105.9,56.25,11.25,0,0,0,19.9,13.13,173.4,56.25,26.25,7.5,120,7.5,2.81,0,0,0,1.88,14.06,12.19,1.88,0,0,0,19.69,3.75,90.94,0,9.38,37.64,45.94,20.63,7.5,0,35.63,75.94,22.5,5.63,66.56,27.19,0.94,13.13,0,35.63,20.84,276.6,36.56,0,35.3,11.25,169.7,0,5.63,4.69,3.75,12.19,11.25,0,8.44,37.5,0.94,65.63,10.31,88.13,3.75,71.25,0,24.38,210.9,25.31,0,0,0,71.25,0,6.56,90.94,0.42,0.7,0,34.38,20,0,32.43,28.57,0,0,0,0,0,63.33,43.78,33.8,42.86,40.85,0,15.38,88.89,12.5,78.57,73.44,100,78.35,0,53.06,76.27,69.23,60,0,0,57.14,78.35,0,0,1,32,11,0,35,45,0,1,2,8,4,4,113,60,12,0,0,0,14,185,60,28,8,128,8,3,0,0,0,2,15,13,2,0,0,0,21,4,97,0,10,49,22,8,92,1,1,0,38,81,24,6,71,29,1,14,0,38,295,39,0,24.94,3,0,12,181,71,0,6,5,4,13,12,0,9,40,1,70,11,94,4,76,0,26,225,27,0,0,0,76,0,7,97,0.45,0.75,0
Universitatea Cluj,"Dinamo Bucureşti - Universitatea Cluj, 1-0",2026-01-18 19:30:00,0,Away,60374,719,191642,4435361,5715853,4.69,22.5,0,41.25,59.06,116.2,71.25,0.94,0,7.5,2.81,10.31,144.4,75.94,12.19,0.94,0,0,24.83,23.44,204.4,57.19,20.63,6.56,166.9,8.44,0.94,0,0,0,0,0,0,8.44,0,0,0,45.94,3.75,135,13.13,2.81,24.43,44.06,24.38,10.31,3.75,51.56,89.06,19.69,8.44,81.56,27.19,0,17.81,2.81,53.44,16.94,413.4,41.25,0,50,12.19,273.8,0,6.56,4.69,3.75,9.38,22.5,0.94,16.88,51.56,1.88,105,15,129.4,3.75,121.9,9.38,24.38,342.2,30.94,0,0.94,1.88,121.9,4.69,10.31,135,1.57,3.39,0.94,33.33,16.05,0,27.98,31.82,0,0,0,0,0,67.9,43.58,24.14,36,33.33,0,60,87.3,25,64,77.53,100,90.28,71.43,55.32,82.77,75,60,100,40,54.55,90.28,0,11.11,5,24,8,0,44,63,0,1,0,8,3,11,154,81,13,1,0,0,25,218,61,22,7,178,9,1,0,0,0,0,0,0,9,0,0,0,49,4,144,14,3,47,26,11,124,1,1,4,55,95,21,9,87,29,0,19,3,57,441,44,0,13.52,15,0,13,292,76,0,7,5,4,10,24,1,18,55,2,112,16,138,4,130,10,26,365,33,0,1,2,130,5,11,144,1.68,3.62,1
Oţelul,"Oţelul - CFR Cluj, 4-1",2025-08-24 15:15:00,3,Home,11571,719,191642,4435361,5715732,0.95,39.79,1.89,27.47,83.37,102.3,89.05,0.95,2.84,17.05,2.84,7.58,126,49.26,16.11,0,0,0,2.56,2.84,174.3,56.84,36,12.32,177.2,12.32,0.95,0.95,0,0,0,3.79,3.79,3.79,0,3.79,0.95,36.95,3.79,145.9,0.95,0.95,32.25,40.74,38.84,14.21,2.84,30.32,69.16,9.47,0.95,46.42,11.37,0,24.63,1.89,35.05,19.3,469.9,61.58,0,63.3,13.26,340.1,0,4.74,3.79,3.79,7.58,12.32,0,14.21,78.63,8.53,82.42,1.89,137.4,3.79,127.9,0,22.74,402.6,44.53,0,0,0.95,127.9,2.84,14.21,145.9,2.05,0.88,1.89,38.1,32.69,0,32.61,34.21,0,0,0,50,100,61.54,39.67,20.41,33.33,24.49,0,62.5,94.32,50,66.67,77.54,100,87.66,0,55.81,85.69,72.31,75,0,33.33,53.33,87.66,100,15.38,1,42,16,2,29,88,0,1,3,18,3,8,133,52,17,0,0,0,3,184,60,38,13,187,13,1,1,0,0,0,4,4,4,0,4,1,39,4,154,1,1,43,41,15,108,1,1,3,32,73,10,1,49,12,0,26,2,37,496,65,0,7.29,6,0,14,359,94,0,5,4,4,8,13,0,15,83,9,87,2,145,4,135,0,24,425,47,0,0,1,135,3,15,154,2.16,0.93,2
Oţelul,"Rapid Bucureşti - Oţelul, 0-2",2025-12-13 19:30:00,3,Away,11571,719,191642,4435361,5715836,3.79,30.32,0.95,34.11,64.42,105.2,74.84,0,1.89,10.42,0.95,3.79,129.8,54.95,16.11,0.95,0.95,0,11.8,9.47,164.8,74.84,28.42,16.11,142.1,9.47,0.95,0.95,0,0,0.95,6.63,5.68,2.84,0,1.89,0.95,44.53,3.79,140.2,6.63,5.68,23.91,36.95,25.58,12.32,4.74,39.79,93.79,23.68,4.74,54,28.42,0,16.11,0,41.68,18.12,414.9,34.11,0,49.1,12.32,302.2,0,1.89,5.68,3.79,11.37,12.32,2.84,14.21,62.53,1.89,102.3,7.58,102.3,3.79,121.3,6.63,17.05,344.8,20.84,0,0.95,0.95,121.3,3.79,11.37,140.2,1.52,0.63,0,59.38,29.31,100,45.4,56.67,0,0,0,16.67,100,72.41,56.9,43.86,50,52.63,0,58.33,97.06,18.18,80,72,100,86.49,100,46.15,83.11,61.11,50,33.33,25,58.33,86.49,100,0,4,32,19,1,36,68,1,0,2,11,1,4,137,58,17,1,1,0,10,174,79,30,17,150,10,1,1,0,0,1,7,6,3,0,2,1,47,4,148,7,6,39,27,13,111,1,1,5,42,99,25,5,57,30,0,17,0,44,438,36,0,11.1,11,0,13,319,79,0,2,6,4,12,13,3,15,66,2,108,8,108,4,128,7,18,364,22,0,1,1,128,4,12,148,1.6,0.67,0
Universitatea Cluj,"FCS Bucureşti - Universitatea Cluj, 1-3",2026-03-07 19:00:00,3,Away,60374,719,191642,4435361,5715916,2.84,36.95,2.84,35.05,75.79,95.68,78.63,0.95,2.84,2.84,0.95,4.74,150.6,64.42,17.05,0,0,0,20.83,21.79,198,66.32,34.11,15.16,122.2,7.58,0,0,0,0,2.84,3.79,2.84,0.95,0,2.84,0,49.26,3.79,113.7,4.74,2.84,27.27,48.32,25.58,7.58,8.53,46.42,88.11,18.95,10.42,71.05,26.53,0,14.21,0.95,51.16,18.95,362.8,30.32,0,42,14.21,259.6,0,4.74,6.63,3.79,9.47,9.47,0.95,17.05,67.26,0.95,110.8,15.16,94.74,3.79,100.4,3.79,34.11,306.9,22.74,0,0,1.89,100.4,1.89,12.32,113.7,1.36,0.4,1.89,41.03,26.47,0,33.49,44.44,0,0,0,30,0,72.06,44.5,26.67,47.83,37.33,0,60,88.75,33.33,69.57,77.52,100,88.33,80,70.59,84.6,75,57.14,0,100,61.54,88.33,100,25,3,39,16,3,37,80,1,1,3,3,1,5,159,68,18,0,0,0,23,209,70,36,16,129,8,0,0,0,0,3,4,3,1,0,3,0,52,4,120,5,3,51,27,8,101,1,1,9,49,93,20,11,75,28,0,15,1,54,383,32,0,12.88,6,0,15,274,83,0,5,7,4,10,10,1,18,71,1,117,16,100,4,106,4,36,324,24,0,0,2,106,2,13,120,1.44,0.42,2
Botoşani,"Botoşani - Metaloglobus, 3-0",2026-02-08 16:00:00,3,Home,11634,719,191642,4435361,5715883,0.96,35.43,0.96,38.3,82.34,128.3,90.96,0,5.74,7.66,9.57,2.87,172.3,79.47,13.4,0,0,0,9.89,12.45,205.8,73.72,24.89,13.4,191.5,10.53,1.91,0,0,0,0,5.74,4.79,3.83,0,2.87,2.87,57.45,3.83,169.5,0.96,2.87,31.84,82.34,31.6,16.28,0,51.7,100.5,16.28,3.83,59.36,27.77,0.96,39.26,0.96,24.89,19.61,515.1,68.94,0,61.2,10.53,358.1,0,2.87,10.53,3.83,13.4,11.49,4.79,11.49,78.51,0.96,125.4,12.45,126.4,3.83,146.5,0.96,37.34,408.8,39.26,0,1.91,11.49,146.5,27.77,23.94,169.5,2.2,0.93,0,45.95,16.87,0,35.81,53.85,0,0,0,14.29,33.33,65.06,48.84,27.42,30.77,46.77,0,35.71,95.35,12.5,100,66,100,86.44,100,45.35,79.37,56.94,45.45,40,41.38,44,86.44,100,0,1,37,17,1,40,86,1,0,6,8,10,3,180,83,14,0,0,0,13,215,77,26,14,200,11,2,0,0,0,0,6,5,4,0,3,3,60,4,177,1,3,86,33,17,134,1,1,0,54,105,17,4,62,29,1,41,1,26,538,72,0,7.34,2,0,11,374,95,0,3,11,4,14,12,5,12,82,1,131,13,132,4,153,1,39,427,41,0,2,12,153,29,25,177,2.3,0.97,0
Universitatea Cluj,"Universitatea Cluj - Csikszereda Miercurea Ciuc, 4-1",2026-02-14 18:00:00,3,Home,60374,719,191642,4435361,5715889,4.79,13.4,1.91,34.47,108.2,92.87,71.81,0.96,0,11.49,2.87,6.7,83.3,42.13,6.7,0,0,0,19.72,12.45,123.5,43.09,13.4,5.74,173.3,12.45,0.96,0,0,0,1.91,6.7,4.79,4.79,0,3.83,0,27.77,3.83,212.6,17.23,2.87,30.93,42.13,21.06,9.57,2.87,24.89,56.49,16.28,5.74,46.91,21.06,0,22.02,1.91,28.72,16.82,596.5,36.38,0.96,66.7,21.06,496.9,0,4.79,7.66,3.83,10.53,13.4,0,16.28,101.5,4.79,58.4,7.66,143.6,3.83,198.2,14.36,27.77,535.2,27.77,0,0,0,198.2,2.87,21.06,212.6,2.56,2.73,1.91,42.86,15.91,0,34.88,42.86,0,0,0,36.36,0,59.09,45.74,34.69,46.15,44.9,0,54.55,93.81,41.67,61.54,82.87,100,93.24,83.33,65.91,89.73,76.32,50,0,0,45.45,93.24,100,15.38,5,14,6,2,36,113,0,1,0,12,3,7,87,44,7,0,0,0,13,129,45,14,6,181,13,1,0,0,0,2,7,5,5,0,4,0,29,4,222,18,3,44,22,10,97,1,1,3,26,59,17,6,49,22,0,23,2,30,623,38,1,9.6,9,0,22,519,75,0,5,8,4,11,14,0,17,106,5,61,8,150,4,207,15,29,559,29,0,0,0,207,3,22,222,2.67,2.85,2
Universitatea Craiova,"Universitatea Cluj - Universitatea Craiova, 0-0",2025-12-01 18:00:00,1,Away,26233,719,191642,4435361,5715823,5.74,29.68,0,53.62,81.38,86.17,73.72,0,9.57,16.28,0.96,0.96,122.5,58.4,17.23,0.96,0.96,0,8.76,20.11,159.9,60.32,29.68,10.53,161.8,11.49,1.91,0.96,0,0,0.96,4.79,4.79,0.96,0,0,1.91,34.47,3.83,254.7,16.28,0,27.79,47.87,20.11,9.57,4.79,37.34,78.51,21.06,12.45,51.7,22.98,1.91,25.85,0,15.32,17.52,581.2,70.85,0,63.2,24.89,474.9,0,4.79,11.49,3.83,16.28,3.83,0.96,23.94,80.43,3.83,82.34,15.32,131.2,3.83,232.7,12.45,32.55,516.1,44.04,0,0,0.96,232.7,9.57,23.94,254.7,1.64,0.21,0.96,35.48,29.51,100,37.72,35.48,0,0,0,0,0,63.93,49.1,40.74,61.9,44.44,0,47.06,98.82,23.53,76.19,81.07,100,91.35,76.47,68,88.8,62.16,66.67,0,10,56,91.35,0,8.333,6,31,11,0,56,85,1,0,10,17,1,1,128,61,18,1,1,0,21,167,63,31,11,169,12,2,1,0,0,1,5,5,1,0,0,2,36,4,266,17,0,50,21,10,90,1,1,5,39,82,22,13,54,24,2,27,0,16,607,74,0,8.17,5,0,26,496,77,0,5,12,4,17,4,1,25,84,4,86,16,137,4,243,13,34,539,46,0,0,1,243,10,25,266,1.71,0.22,1
Universitatea Craiova,"Unirea Slobozia - Universitatea Craiova, 0-3",2026-02-22 19:00:00,3,Away,26233,719,191642,4435361,5715902,0.96,30.64,1.91,63.19,71.81,101.5,87.13,0,5.74,22.98,5.74,1.91,139.8,55.53,13.4,0,0,0,20.38,25.85,169.5,69.89,29.68,15.32,151.3,14.36,0.96,0.96,0,0,0.96,2.87,2.87,0.96,0,2.87,1.91,53.62,3.83,181.9,0,0.96,24.3,74.68,18.19,8.62,10.53,35.43,86.17,25.85,15.32,65.11,31.6,1.91,38.3,4.79,24.89,17.8,474.9,63.19,0,55.1,11.49,356.2,0,1.91,5.74,3.83,12.45,1.91,1.91,27.77,68.94,7.66,105.3,18.19,117.8,3.83,162.8,0,52.66,406,49.79,0,0,0,162.8,0,21.06,181.9,1.93,0,0.96,53.13,24.14,0,41.24,51.61,0,0,0,23.08,0,63.79,50.85,39.71,59.26,48.53,0,38.46,96,33.33,70.37,77.85,100,89.47,0,70.51,85.48,78.79,33.33,0,0,22.73,89.47,100,6.667,1,32,17,2,66,75,1,0,6,24,6,2,146,58,14,0,0,0,27,177,73,31,16,158,15,1,1,0,0,1,3,3,1,0,3,2,56,4,190,0,1,78,19,9,106,1,1,11,37,90,27,16,68,33,2,40,5,26,496,66,0,7.9,46,0,12,372,91,0,2,6,4,13,2,2,29,72,8,110,19,123,4,170,0,55,424,52,0,0,0,170,0,22,190,2.02,0,1
Universitatea Craiova,"Universitatea Craiova - Metaloglobus, 2-1",2026-02-28 14:00:00,3,Home,26233,719,191642,4435361,5715910,6.7,35.43,0.96,69.89,101.5,147.4,103.4,0.96,11.49,28.72,4.79,0.96,111.1,39.26,8.62,0,0,0,13.89,22.98,185.7,72.77,29.68,17.23,194.4,10.53,0,0,0,0,0,2.87,2.87,1.91,0,1.91,3.83,36.38,3.83,240.3,2.87,0.96,26.49,52.66,41.17,16.28,6.7,26.81,85.21,23.94,14.36,69.89,29.68,0,42.13,2.87,35.43,18.23,655.9,72.77,0,69.1,22.02,504.6,0,1.91,7.66,3.83,11.49,2.87,6.7,27.77,93.83,7.66,81.38,17.23,151.3,3.83,215.4,2.87,35.43,558.2,51.7,0,0.96,0.96,215.4,10.53,16.28,240.3,1.2,0.25,0.96,51.35,21.95,0,39.18,58.06,0,0,0,8.333,75,68.29,45.88,34.25,62.5,42.47,0,41.67,92.45,26.67,75,77.83,100,89.64,100,67.27,85.11,71.05,50,14.29,9.09,35.29,89.64,100,9.091,7,37,19,1,73,106,0,1,12,30,5,1,116,41,9,0,0,0,24,194,76,31,18,203,11,0,0,0,0,0,3,3,2,0,2,4,38,4,251,3,1,55,43,17,154,1,1,7,28,89,25,15,73,31,0,44,3,37,685,76,0,7.19,6,0,23,527,108,0,2,8,4,12,3,7,29,98,8,85,18,158,4,225,3,37,583,54,0,1,1,225,11,17,251,1.25,0.26,1
Rapid Bucureşti,"Hermannstadt - Rapid Bucureşti, 0-3",2026-02-03 19:30:00,3,Away,11566,719,191642,4435361,5715877,1.94,33.87,1.94,36.77,59.03,110.3,90.97,0,1.94,8.71,1.94,3.87,150,86.13,13.55,0,0,0,19.16,17.42,218.7,82.26,28.06,16.45,153.9,6.77,3.87,0.97,0,0,3.87,2.9,2.9,0,0,2.9,0,30,3.87,163.6,0,3.87,24.79,58.06,33.87,18.39,3.87,55.16,113.2,20.32,8.71,64.84,30.97,2.9,21.29,2.9,45.48,18.7,425.8,50.32,0.97,49,12.58,294.2,0,2.9,5.81,3.87,10.65,3.87,0,20.32,55.16,4.84,104.5,16.45,112.3,3.87,150,0,31.94,351.3,32.9,0,0,0,150,0,15.48,163.6,1.99,0.24,0,57.14,15.73,0,37.61,58.62,0,0,0,27.27,0,64.04,51.77,31.34,50,47.76,0,63.64,93.44,55.56,94.44,72.96,100,91.72,0,55,82.5,65.38,66.67,0,0,50,91.72,100,0,2,35,20,2,38,61,1,0,2,9,2,4,155,89,14,0,0,0,18,226,85,29,17,159,7,4,1,0,0,4,3,3,0,0,3,0,31,4,169,0,4,60,35,19,114,1,1,4,57,117,21,9,67,32,3,22,3,47,440,52,1,14.35,1,0,13,304,94,0,3,6,4,11,4,0,21,57,5,108,17,116,4,155,0,33,363,34,0,0,0,155,0,16,169,2.06,0.25,0
UTA Arad,"UTA Arad - Universitatea Craiova, 3-3",2025-07-12 17:30:00,1,Home,30817,719,191642,4435361,5715683,2.48,29.72,0.83,66.88,42.94,113.1,80.92,2.48,3.3,22.29,4.95,3.3,124.7,48.72,7.43,2.48,0,0,23.5,28.07,164.3,63.58,29.72,9.08,118.9,9.08,3.3,0.83,0,0,0,4.13,2.48,0.83,0,2.48,1.65,46.24,4.13,93.3,1.65,3.3,34.29,37.98,18.17,8.26,3.3,28.07,71.01,25.6,15.69,67.71,38.81,0,31.38,1.65,36.33,19.71,297.2,45.41,0.83,47.9,12.39,186.6,0,0.83,8.26,4.13,16.51,10.73,0,27.25,41.28,5.78,83.39,23.94,84.22,4.13,68.53,1.65,16.51,230.4,31.38,0.83,0,0.83,68.53,1.65,18.99,93.3,1.53,1.78,2.48,30.56,15.25,0,38.69,30.56,0,0,0,15,50,57.63,43.22,37.8,55.88,57.32,100,35,96.15,25.93,85.29,70.83,100,73.45,100,43.48,77.5,69.09,40,0,50,43.48,73.45,0,27.27,3,36,11,1,81,52,0,3,4,27,6,4,151,59,9,3,0,0,34,199,77,36,11,144,11,4,1,0,0,0,5,3,1,0,3,2,56,5,113,2,4,46,22,10,137,1,1,4,34,86,31,19,82,47,0,38,2,44,360,55,1,7.73,13,0,15,226,98,0,1,10,5,20,13,0,33,50,7,101,29,102,5,83,2,20,279,38,1,0,1,83,2,23,113,1.85,2.16,3
Argeș,"Argeș - Universitatea Cluj, 1-0",2025-09-20 17:45:00,3,Home,23334,719,191642,4435361,5715755,5.14,40.29,0.86,35.14,25.71,85.71,54,0,5.14,12.86,1.71,8.57,150,66.86,16.29,0,0,0,7.79,12.86,168.9,58.29,37.71,15.43,78,6.86,1.71,0,0,0,2.57,6,5.14,1.71,0,0.86,0,42.86,4.29,50.57,3.43,6.86,30.84,37.71,15.43,3.43,5.14,48.86,84,13.71,5.14,46.29,20.57,5.14,14.57,0,27.43,20.87,174.9,30,0,37.5,10.29,102,0.86,0,4.29,4.29,8.57,13.71,0.86,14.57,24,6,109.7,9.43,47.14,4.29,42,2.57,18,129.4,15.43,0,0,1.71,42,4.29,19.71,50.57,1.48,1.07,3.43,44.68,24.36,0,34.52,40.91,0,0,0,10,0,73.08,49.75,29.63,40,44.44,0,40,93.33,46.67,73.33,60.44,100,83.05,75,47.73,74.02,51.43,40,0,40,60.87,83.05,100,50,6,47,21,1,41,30,1,0,6,15,2,10,175,78,19,0,0,0,15,197,68,44,18,91,8,2,0,0,0,3,7,6,2,0,1,0,50,5,59,4,8,44,18,4,100,1,1,6,57,98,16,6,54,24,6,17,0,32,204,35,0,9.59,23,0,12,119,63,1,0,5,5,10,16,1,17,28,7,128,11,55,5,49,3,21,151,18,0,0,2,49,5,23,59,1.73,1.25,4
Universitatea Craiova,"Universitatea Craiova - Universitatea Cluj, 2-1",2025-07-28 20:30:00,3,Home,26233,719,191642,4435361,5715703,0,35.29,0.88,69.71,57.35,95.29,65.29,0.88,6.18,16.76,7.06,5.29,129.7,62.65,14.12,1.76,0,0,22.9,30,190.6,75,29.12,12.35,148.2,6.18,5.29,2.65,0,0,0,5.29,4.41,5.29,0,1.76,2.65,31.76,4.41,165.9,11.47,0.88,27.62,22.94,19.41,7.06,8.82,36.18,84.71,28.24,12.35,73.24,40.59,1.76,30.88,0,16.76,17.5,444.7,54.71,0.88,60.4,14.12,330.9,0,4.41,9.71,4.41,19.41,11.47,3.53,24.71,55.59,6.18,81.18,21.18,116.5,4.41,151.8,7.94,11.47,384.7,39.71,0.88,1.76,2.65,151.8,5.29,29.12,165.9,2.29,1.62,0.88,37.5,22.54,0,39.35,42.42,0,0,0,9.091,0,57.75,44.44,38.55,41.18,55.42,100,22.73,96.92,36.84,70.59,78.57,100,91.49,69.23,50,86.51,72.58,36.36,50,50,27.27,91.49,100,14.29,0,40,15,1,79,65,0,1,7,19,8,6,147,71,16,2,0,0,34,216,85,33,14,168,7,6,3,0,0,0,6,5,6,0,2,3,36,5,188,13,1,26,22,8,108,1,1,10,41,96,32,14,83,46,2,35,0,19,504,62,1,7.13,24,0,16,375,74,0,5,11,5,22,13,4,28,63,7,92,24,132,5,172,9,13,436,45,1,2,3,172,6,33,188,2.59,1.84,1
Argeș,"Argeș - Petrolul 52, 0-1",2025-10-04 16:30:00,0,Home,23334,719,191642,4435361,5715770,0.9,45.9,0,42.3,42.3,90,78.3,0.9,6.3,12.6,3.6,0.9,120.6,43.2,10.8,1.8,0,0,14.81,16.2,178.2,76.5,36,14.4,125.1,7.2,6.3,0.9,0,0,0.9,1.8,1.8,1.8,0,0,2.7,31.5,4.5,172.8,6.3,0,35.17,58.5,23.4,12.6,1.8,28.8,85.5,27.9,9,65.7,36.9,1.8,34.2,0.9,13.5,21.63,389.7,54,0,62.2,13.5,269.1,0,4.5,7.2,4.5,12.6,6.3,0.9,15.3,41.4,3.6,76.5,13.5,83.7,4.5,155.7,5.4,28.8,319.5,29.7,0,0.9,1.8,155.7,1.8,17.1,172.8,0.93,0.73,2.7,35.29,25,0,42.93,40,0,0,0,0,66.67,66.67,47.98,42.47,55.56,56.16,0,14.29,97.87,28.57,83.33,66.91,100,90.1,85.71,49.23,81.99,55,37.5,100,100,31.58,90.1,0,37.5,1,51,18,0,47,47,0,1,7,14,4,1,134,48,12,2,0,0,18,198,85,40,16,139,8,7,1,0,0,1,2,2,2,0,0,3,35,5,192,7,0,65,26,14,100,1,1,2,32,95,31,10,73,41,2,38,1,15,433,60,0,5.72,0,0,15,299,87,0,5,8,5,14,7,1,17,46,4,85,15,93,5,173,6,32,355,33,0,1,2,173,2,19,192,1.03,0.81,3
Argeș,"Argeș - Dinamo Bucureşti, 1-1",2026-04-04 18:30:00,1,Home,23334,719,191642,4437530,5827664,1.82,41.82,0,34.55,26.36,104.5,70,0.91,5.45,13.64,2.73,4.55,140.9,61.82,14.55,0,0,0,9.31,10.91,189.1,70,40.91,20,89.09,9.09,4.55,4.55,0,0,1.82,9.09,8.18,3.64,0,0.91,0.91,37.27,4.55,67.27,0.91,7.27,28.58,50.91,32.73,18.18,2.73,40.91,90.91,10.91,3.64,52.73,16.36,0.91,24.55,0.91,31.82,21.47,207.3,38.18,0.91,36.6,2.73,110,0,1.82,8.18,4.55,10,11.82,0,14.55,24.55,6.36,99.09,7.27,50.91,4.55,50.91,0.91,23.64,140,20.91,0.91,0,1.82,50.91,3.64,14.55,67.27,2.18,2.05,1.82,50,23.53,0,37.02,48.89,0,0,0,9.091,100,66.18,48.08,20.69,33.33,31.03,100,45.45,93.1,46.67,66.67,57.14,100,75.68,100,46.43,67.54,54.76,55.56,0,50,37.5,75.68,0,20,2,46,23,0,38,29,0,1,6,15,3,5,155,68,16,0,0,0,12,208,77,45,22,98,10,5,5,0,0,2,10,9,4,0,1,1,41,5,74,1,8,56,36,20,115,1,1,3,45,100,12,4,58,18,1,27,1,35,228,42,1,8.75,12,0,3,121,77,0,2,9,5,11,13,0,16,27,7,109,8,56,5,56,1,26,154,23,1,0,2,56,4,16,74,2.4,2.26,2
CFR Cluj,"Dinamo Bucureşti - CFR Cluj, 2-1",2025-10-31 19:30:00,0,Away,11611,719,191642,4435361,5715792,0,31.82,0.91,28.18,39.09,112.7,80.91,1.82,3.64,7.27,2.73,1.82,130.9,69.09,18.18,0,0,0,15.53,11.82,161.8,56.36,30,15.45,104.5,10,0,0,0,0,0,10.91,10,4.55,0,0.91,0.91,30,4.55,88.18,0.91,10,21.51,30,19.09,9.09,2.73,42.73,76.36,9.09,6.36,41.82,13.64,0,20.91,6.36,44.55,17.14,272.7,33.64,0,38,5.45,175.4,0,0.91,6.36,4.55,9.09,13.64,0,15.45,37.27,3.64,88.18,9.09,68.18,4.55,72.73,0.91,17.27,202.7,18.18,0,0,0,72.73,0,15.45,88.18,1.04,1.72,0,48.57,26.32,0,34.83,51.52,0,0,0,10,0,61.84,47.19,21.74,53.85,32.61,0,60,95.35,50,76.92,65.22,100,82.47,100,57.58,74.33,54.05,71.43,0,0,58.82,82.47,0,0,0,35,17,1,31,43,0,2,4,8,3,2,144,76,20,0,0,0,13,178,62,33,17,115,11,0,0,0,0,0,12,11,5,0,1,1,33,5,97,1,11,33,21,10,124,1,1,3,47,84,10,7,46,15,0,23,7,49,300,37,0,12.14,1,0,6,193,89,0,1,7,5,10,15,0,17,41,4,97,10,75,5,80,1,19,223,20,0,0,0,80,0,17,97,1.14,1.89,0
Hermannstadt,"Botoşani - Hermannstadt, 2-0",2025-10-27 16:30:00,0,Away,55427,719,191642,4435361,5715787,4.55,31.82,0,47.27,48.18,121.8,85.45,1.82,3.64,10,2.73,4.55,130.9,56.36,20.91,0,0,0,29.96,27.27,192.7,78.18,30.91,13.64,132.7,10,1.82,0.91,0,0,0,4.55,2.73,3.64,0,0,1.82,42.73,4.55,77.27,1.82,1.82,29.1,51.82,28.18,11.82,3.64,38.18,89.09,25.45,15.45,76.36,31.82,0.91,20.91,0,48.18,19.44,294.6,40.91,0,40.9,10,164.6,0,3.64,7.27,4.55,9.09,12.73,0.91,24.55,42.73,5.45,94.55,17.27,88.18,4.55,57.27,0.91,26.36,214.6,20,0,0.91,0.91,57.27,1.82,13.64,77.27,1.34,1.85,1.82,42.86,37.1,0,40.57,44.12,0,0,0,0,50,67.74,46.23,33.33,56.67,41.67,0,30,88.68,54.55,63.33,66.44,100,74.12,50,50.88,72.84,48.89,37.5,100,50,40,74.12,0,18.18,5,35,15,0,52,53,0,2,4,11,3,5,144,62,23,0,0,0,30,212,86,34,15,146,11,2,1,0,0,0,5,3,4,0,0,2,47,5,85,2,2,57,31,13,134,1,1,4,42,98,28,17,84,35,1,23,0,53,324,45,0,11.88,43,0,11,181,94,0,4,8,5,10,14,1,27,47,6,104,19,97,5,63,1,29,236,22,0,1,1,63,2,15,85,1.47,2.04,2
Oţelul,"Metaloglobus - Oţelul, 0-1",2026-02-14 13:30:00,3,Away,11571,719,191642,4435361,5715894,0.91,55.45,0,56.36,60,123.6,88.18,0,2.73,18.18,6.36,3.64,160.9,61.82,21.82,0,0,0,18.88,23.64,220.9,94.55,50.91,25.45,134.6,6.36,2.73,0.91,0,0,1.82,7.27,6.36,2.73,0,0.91,1.82,43.64,4.55,90,0,5.45,23.42,44.55,32.73,14.55,3.64,45.45,110.9,23.64,16.36,70.91,30.91,3.64,23.64,0.91,43.64,19.07,330.9,47.27,0.91,44.7,15.45,216.4,0,1.82,4.55,4.55,13.64,7.27,0.91,25.45,55.45,5.45,116.4,18.18,98.18,4.55,74.55,0,23.64,261.8,31.82,0.91,0,0.91,74.55,2.73,17.27,90,1.49,0.75,1.82,49.18,35.29,0,42.8,50,0,0,0,6.667,0,73.53,50.21,33.33,69.23,43.59,100,26.67,92.42,30,76.92,72.97,100,82.83,0,53.06,79.12,67.31,20,0,33.33,31.58,82.83,100,28.57,1,61,30,0,62,66,1,0,3,20,7,4,177,68,24,0,0,0,26,243,104,56,28,148,7,3,1,0,0,2,8,7,3,0,1,2,48,5,99,0,6,49,36,16,136,1,1,4,50,122,26,18,78,34,4,26,1,48,364,52,1,8.52,14,0,17,238,97,0,2,5,5,15,8,1,28,61,6,128,20,108,5,82,0,26,288,35,1,0,1,82,3,19,99,1.64,0.82,2
Petrolul 52,"CFR Cluj - Petrolul 52, 2-1",2026-02-21 17:00:00,0,Away,60390,719,191642,4435361,5715900,1.82,22.73,0.91,37.27,30,91.82,67.27,1.82,2.73,8.18,1.82,8.18,134.6,62.73,6.36,0,0,0,24.19,19.09,174.6,54.55,18.18,4.55,109.1,9.09,1.82,0.91,0,0,0,10.91,10,6.36,0,0.91,0,49.09,4.55,84.55,10,7.27,31.87,41.82,39.09,15.45,10,37.27,81.82,22.73,12.73,50,26.36,2.73,14.55,0.91,43.64,20.07,268.2,37.27,0,33.3,11.82,169.1,0,3.64,6.36,4.55,7.27,20.91,2.73,18.18,27.27,1.82,92.73,13.64,73.64,4.55,73.64,7.27,19.09,207.3,23.64,0,0.91,1.82,73.64,10,10,84.55,0.36,1.16,0.91,28,10.14,0,31.25,25,0,0,0,12.5,0,59.42,46.88,45.45,66.67,52.73,0,37.5,90.91,22.22,71.43,67.5,100,87.1,72.73,45.65,77.29,63.41,57.14,33.33,18.18,63.64,87.1,0,10,2,25,7,1,41,33,0,2,3,9,2,9,148,69,7,0,0,0,21,192,60,20,5,120,10,2,1,0,0,0,12,11,7,0,1,0,54,5,93,11,8,46,43,17,101,1,1,11,41,90,25,14,55,29,3,16,1,48,295,41,0,31.09,25,0,13,186,74,0,4,7,5,8,23,3,20,30,2,102,15,81,5,81,8,21,228,26,0,1,2,81,11,11,93,0.4,1.28,1
UTA Arad,"Dinamo Bucureşti - UTA Arad, 1-1",2025-08-15 20:30:00,1,Away,30817,719,191642,4435361,5715722,3.64,25.45,0.91,47.27,41.82,82.73,58.18,0.91,2.73,11.82,3.64,3.64,106.4,50.91,9.09,0,0,0,15.11,23.64,156.4,56.36,25.45,8.18,102.7,7.27,0.91,0.91,0,0,3.64,8.18,6.36,4.55,0,0.91,1.82,30,4.55,115.5,7.27,5.45,22.97,37.27,21.82,10.91,4.55,31.82,77.27,26.36,13.64,58.18,28.18,2.73,20,1.82,31.82,18.35,312.7,37.27,0,41.1,17.27,228.2,0,2.73,6.36,4.55,10.91,13.64,0.91,25.45,39.09,4.55,70,17.27,75.45,4.55,107.3,6.36,16.36,261.8,25.45,0,0.91,1.82,107.3,4.55,15.45,115.5,1.24,1.28,0.91,32.14,17.86,0,36.05,32.14,0,0,0,8.333,100,62.5,49.42,45.31,57.69,48.44,0,58.33,93.48,38.46,73.08,73.45,100,92.91,87.5,43.9,83.72,68.29,71.43,100,40,41.18,92.91,0,12.5,4,28,9,1,52,46,0,1,3,13,4,4,117,56,10,0,0,0,26,172,62,28,9,113,8,1,1,0,0,4,9,7,5,0,1,2,33,5,127,8,6,41,24,12,91,1,1,5,35,85,29,15,64,31,3,22,2,35,344,41,0,19.47,32,0,19,251,64,0,3,7,5,12,15,1,28,43,5,77,19,83,5,118,7,18,288,28,0,1,2,118,5,17,127,1.36,1.41,1
UTA Arad,"Botoşani - UTA Arad, 2-1",2025-10-06 19:30:00,0,Away,30817,719,191642,4435361,5715771,0.91,44.55,0,37.27,26.36,111.8,84.55,1.82,4.55,9.09,4.55,8.18,174.6,80,16.36,0,0,0,13.61,17.27,240.9,83.64,34.55,14.55,111.8,15.45,2.73,1.82,0,0,0.91,5.45,4.55,2.73,0,0.91,2.73,50,4.55,40.91,0,5.45,26.38,56.36,45.45,13.64,8.18,54.55,116.4,29.09,13.64,70.91,34.55,5.45,22.73,3.64,40.91,19.75,209.1,44.55,0,41.7,9.09,80.91,0,0.91,5.45,4.55,10,9.09,0.91,22.73,23.64,5.45,123.6,15.45,41.82,3.64,32.73,0,23.64,120,15.45,0,0,0.91,32.73,6.36,8.18,40.91,1.13,1.46,1.82,42.86,20.45,0,34.72,42.11,0,0,0,9.091,33.33,68.18,48.3,41.03,78.95,48.72,0,36.36,89.66,60,89.47,37.4,80,80,0,41.94,57.39,34.69,66.67,0,14.29,44.44,80,0,11.77,1,49,21,0,41,29,0,2,5,10,5,9,192,88,18,0,0,0,19,265,92,38,16,123,17,3,2,0,0,1,6,5,3,0,1,3,55,5,45,0,6,62,50,15,123,1,1,9,60,128,32,15,78,38,6,25,4,45,230,49,0,5.09,12,0,10,89,93,0,1,6,5,11,10,1,25,26,6,136,17,46,4,36,0,26,132,17,0,0,1,36,7,9,45,1.24,1.61,2
Argeș,"CFR Cluj - Argeș, 0-2",2025-07-27 17:30:00,3,Away,23334,719,191642,4435361,5715700,0,69.59,1.86,29.69,28.76,96.49,73.3,0,3.71,9.28,3.71,2.78,167,65.88,21.34,0,0,0,7.01,9.28,210.6,90.93,62.16,29.69,102.1,8.35,1.86,0,0,0,6.49,12.06,11.13,0.93,0,1.86,1.86,31.55,4.64,53.81,0.93,11.13,26.01,48.25,29.69,10.21,1.86,44.54,117.8,26.91,9.28,45.46,23.2,0,12.06,1.86,25.05,21.43,206,42.68,0,38.1,9.28,107.6,0,0.93,8.35,4.64,11.13,9.28,0,13.92,26.91,0.93,112.3,7.42,61.24,4.64,41.75,0.93,23.2,146.6,21.34,0,0,0,41.75,0,9.28,53.81,1.18,0.47,2.78,52,32.39,0,43.17,47.76,0,0,0,16.67,100,67.61,55.95,59.18,100,51.02,0,33.33,93.55,10,80,60,100,77.59,100,48.08,71.17,50,55.56,0,0,30,77.59,100,33.33,0,75,39,2,32,31,1,0,4,10,4,3,180,71,23,0,0,0,10,227,98,67,32,110,9,2,0,0,0,7,13,12,1,0,2,2,34,5,58,1,12,52,32,11,104,1,1,2,48,127,29,10,49,25,0,13,2,27,222,46,0,12.56,9,0,10,116,79,0,1,9,5,12,10,0,15,29,1,121,8,66,5,45,1,25,158,23,0,0,0,45,0,10,58,1.27,0.51,3
CFR Cluj,"CFR Cluj - Metaloglobus, 4-2",2026-01-30 16:00:00,3,Home,11611,719,191642,4435361,5715866,0,33.4,1.86,62.16,67.73,128,88.14,1.86,8.35,14.85,9.28,4.64,124.3,55.67,14.85,0,0,0,15.37,26.91,171.7,82.58,32.47,19.48,179.1,8.35,2.78,0,0,0,0,4.64,3.71,1.86,0,3.71,0.93,35.26,4.64,150.3,11.13,3.71,31.14,58.45,20.41,12.06,6.49,37.11,90,20.41,11.13,62.16,35.26,0.93,35.26,1.86,34.33,18.39,462.1,74.23,0.93,58.7,6.49,310.8,0,2.78,12.06,4.64,19.48,8.35,0.93,24.12,63.09,3.71,92.78,22.27,129,4.64,122.5,8.35,35.26,365.6,50.1,0.93,0,0.93,122.5,2.78,21.34,150.3,2.87,1.41,0.93,61.11,26.67,0,48.11,60,0,0,0,19.05,100,66.67,52.43,32.84,41.38,56.72,100,47.62,93.15,25,82.76,72.02,100,81.48,75,60.32,79.12,67.5,69.23,0,33.33,60.87,81.48,100,11.11,0,36,22,2,67,73,0,2,9,16,10,5,134,60,16,0,0,0,29,185,89,35,21,193,9,3,0,0,0,0,5,4,2,0,4,1,38,5,162,12,4,63,22,13,138,1,1,7,40,97,22,12,67,38,1,38,2,37,498,80,1,9.36,3,0,7,335,95,0,3,13,5,21,9,1,26,68,4,100,24,139,5,132,9,38,394,54,1,0,1,132,3,23,162,3.09,1.52,1
Petrolul 52,"Petrolul 52 - Argeș, 2-1",2026-02-13 19:00:00,3,Home,60390,719,191642,4435361,5715890,0.94,48.75,0,61.88,53.44,130.3,86.25,0.94,9.38,22.5,3.75,5.63,126.6,45,15.94,0.94,0,0,22.42,25.31,187.5,100.3,45,31.88,150.9,13.13,2.81,1.88,0,0,0,5.63,5.63,0,0,1.88,1.88,32.81,4.69,123.8,12.19,0.94,21.48,35.63,18.75,12.19,6.56,27.19,102.2,29.06,15.94,75,38.44,1.88,21.56,0,42.19,17.9,390.9,48.75,0,55.3,18.75,266.2,0,4.69,8.44,4.69,13.13,6.56,0.94,30.94,47.81,9.38,93.75,18.75,105.9,4.69,109.7,7.5,20.63,311.2,32.81,0,0,2.81,109.7,9.38,20.63,123.8,1.62,0.31,0.94,69.23,35.42,0,53.5,70.83,0,0,0,14.29,0,60.42,54.5,38.75,62.96,51.25,0,42.86,89.47,41.67,74.07,70.19,100,88.64,61.54,57.89,79.62,67.31,55.56,0,30,36.36,88.64,100,7.143,1,52,36,0,66,57,0,1,10,24,4,6,135,48,17,1,0,0,27,200,107,48,34,161,14,3,2,0,0,0,6,6,0,0,2,2,35,5,132,13,1,38,20,13,139,1,1,7,29,109,31,17,80,41,2,23,0,45,417,52,0,9.27,1,0,20,284,92,0,5,9,5,14,7,1,33,51,10,100,20,113,5,117,8,22,332,35,0,0,3,117,10,22,132,1.73,0.33,1
Rapid Bucureşti,"Metaloglobus - Rapid Bucureşti, 1-2",2025-08-22 20:30:00,3,Away,11566,719,191642,4435361,5715731,2.81,27.19,0.94,48.75,73.13,113.4,86.25,0.94,3.75,14.06,4.69,6.56,136.9,59.06,12.19,0,0,0,11.73,19.69,172.5,75.94,26.25,13.13,137.8,9.38,1.88,1.88,0,0,1.88,6.56,6.56,2.81,0,1.88,2.81,50.63,4.69,88.13,1.88,4.69,22.53,48.75,23.44,11.25,7.5,37.5,99.38,36.56,12.19,62.81,38.44,1.88,24.38,0,59.06,16.52,349.7,47.81,0,42.9,9.38,236.2,0,2.81,11.25,4.69,15,11.25,0,26.25,66.56,6.56,102.2,15,95.63,4.69,75,1.88,27.19,279.4,30.94,0,0,0,75,0.94,20.63,88.13,2.57,0.56,2.81,51.72,20.63,0,44.02,50,0,0,0,12.5,33.33,63.49,57.61,58.21,61.9,61.19,0,50,91.03,46.67,76.19,69.39,100,85.11,100,55.77,79.89,64.71,91.67,0,0,40.91,85.11,100,30,3,29,15,1,52,78,0,1,4,15,5,7,146,63,13,0,0,0,21,184,81,28,14,147,10,2,2,0,0,2,7,7,3,0,2,3,54,5,94,2,5,52,25,12,121,1,1,8,40,106,39,13,67,41,2,26,0,63,373,51,0,16.29,1,0,10,252,92,0,3,12,5,16,12,0,28,71,7,109,16,102,5,80,2,29,298,33,0,0,0,80,1,22,94,2.74,0.6,3
Argeș,"Argeș - CFR Cluj, 3-0",2025-11-29 15:30:00,3,Home,23334,719,191642,4435361,5715820,2.84,50.21,1.89,32.21,35.05,126,77.68,0,1.89,9.47,3.79,5.68,142.1,40.74,10.42,0,0,0,13.05,13.26,150.6,56.84,50.21,20.84,105.2,12.32,2.84,2.84,0,0,0.95,10.42,9.47,4.74,0,2.84,1.89,51.16,4.74,66.32,6.63,9.47,21.2,41.68,10.42,3.79,8.53,26.53,71.05,19.89,6.63,49.26,21.79,0.95,22.74,1.89,52.11,18.3,249.2,32.21,0.95,41,13.26,126,0,0.95,5.68,4.74,9.47,11.37,0,16.11,33.16,4.74,98.53,6.63,60.63,4.74,46.42,2.84,18.95,163.9,13.26,0.95,0,0,46.42,4.74,13.26,66.32,1.59,1.46,2.84,41.51,25.58,0,37.74,41.51,0,0,0,30,100,65.12,47.17,40.38,50,44.23,100,50,94.59,50,50,57.66,100,70,42.86,45.45,65.78,41.18,66.67,0,0,35.71,70,100,23.08,3,53,22,2,34,37,1,0,2,10,4,6,150,43,11,0,0,0,14,159,60,53,22,111,13,3,3,0,0,1,11,10,5,0,3,2,54,5,70,7,10,44,11,4,133,1,1,9,28,75,21,7,52,23,1,24,2,55,263,34,1,8.12,18,0,14,133,82,0,1,6,5,10,12,0,17,35,5,104,7,64,5,49,3,20,173,14,1,0,0,49,5,14,70,1.68,1.54,3
Botoşani,"Csikszereda Miercurea Ciuc - Botoşani, 1-0",2026-01-18 14:30:00,0,Away,11634,719,191642,4435361,5715848,0.95,32.21,0,64.42,37.89,151.6,114.6,0.95,7.58,21.79,11.37,4.74,123.2,56.84,12.32,0.95,0,0,28.63,24.63,185.7,62.53,31.26,12.32,187.6,16.11,2.84,0.95,0,0,1.89,3.79,0.95,2.84,0,0,3.79,34.11,4.74,125,5.68,1.89,28.13,81.47,32.21,9.47,7.58,31.26,73.89,20.84,13.26,64.42,28.42,0.95,54.95,2.84,31.26,19.13,403.6,91.89,0,63.4,10.42,230.2,0,1.89,11.37,4.74,16.11,9.47,1.89,24.63,35.05,5.68,77.68,16.11,119.4,4.74,106.1,3.79,36.95,290.8,56.84,0,0,1.89,106.1,5.68,25.58,125,1.66,1.36,1.89,38.24,21.67,0,33.67,39.39,0,0,0,0,75,55,39.8,32.35,53.85,44.12,0,35.29,92.5,26.09,65.38,63.64,100,84.85,66.67,45.35,72.07,61.86,58.33,0,33.33,37.04,84.85,0,11.77,1,34,13,0,68,40,0,1,8,23,12,5,130,60,13,1,0,0,26,196,66,33,13,198,17,3,1,0,0,2,4,1,3,0,0,4,36,5,132,6,2,86,34,10,160,1,1,8,33,78,22,14,68,30,1,58,3,33,426,97,0,6.47,9,0,11,243,121,0,2,12,5,17,10,2,26,37,6,82,17,126,5,112,4,39,307,60,0,0,2,112,6,27,132,1.75,1.44,2
CFR Cluj,"Argeș - CFR Cluj, 3-0",2025-11-29 15:30:00,0,Away,11611,719,191642,4435361,5715820,0,50.21,0,35.05,57.79,124.1,84.32,2.84,3.79,11.37,2.84,4.74,147.8,49.26,9.47,0,0,0,30.56,12.32,150.6,56.84,49.26,25.58,140.2,11.37,2.84,0,0,0,0,6.63,3.79,1.89,0,0,1.89,48.32,4.74,131.7,6.63,5.68,32.23,39.79,10.42,1.89,6.63,29.37,71.05,14.21,3.79,40.74,19.89,1.89,30.32,0.95,35.05,18.18,384.6,54.95,0,59,8.53,272.8,0,2.84,8.53,4.74,11.37,9.47,0,12.32,54.95,3.79,103.3,8.53,92.84,4.74,111.8,4.74,16.11,302.2,30.32,0,0,0,111.8,0.95,13.26,131.7,1.46,1.59,0.95,50.94,19.23,0,37.74,51.92,0,0,0,0,0,59.62,47.17,34.88,30.77,48.84,0,41.67,95.08,33.33,69.23,66.22,100,84.89,71.43,40.48,78.57,55.17,55.56,0,0,57.14,84.89,0,8.333,0,53,27,0,37,61,0,3,4,12,3,5,156,52,10,0,0,0,13,159,60,52,27,148,12,3,0,0,0,0,7,4,2,0,0,2,51,5,139,7,6,42,11,2,131,1,1,7,31,75,15,4,43,21,2,32,1,37,406,58,0,6.37,3,0,9,288,89,0,3,9,5,12,10,0,13,58,4,109,9,98,5,118,5,17,319,32,0,0,0,118,1,14,139,1.54,1.68,1
Farul Constanţa,"Universitatea Craiova - Farul Constanţa, 2-0",2025-09-14 17:00:00,0,Away,61242,719,191642,4435361,5715750,3.79,22.74,0,41.68,47.37,118.4,74.84,1.89,6.63,12.32,2.84,3.79,101.4,43.58,5.68,0.95,0,0,10.51,13.26,122.2,42.63,21.79,12.32,127.9,14.21,1.89,0.95,0,0,0,7.58,6.63,1.89,0,0,1.89,35.05,4.74,144,0.95,3.79,33.71,56.84,20.84,9.47,5.68,17.05,52.11,13.26,9.47,35.05,15.16,0,18,3.79,42.63,19.14,373.3,39.79,0,46,9.47,266.2,0,3.79,8.53,4.74,16.11,10.42,0,18,42.63,4.74,64.42,11.37,76.74,4.74,127.9,0,24.63,290.8,19.89,0,0,1.89,127.9,10.42,14.21,144,1,1.54,4.74,54.17,13.04,0,34.88,56.52,0,0,0,0,100,39.13,42.64,37.84,71.43,43.24,0,23.53,90,38.46,85.71,60,100,88.82,0,43.33,77.92,50,44.44,0,18.18,20,88.82,0,33.33,4,24,13,0,44,50,0,2,7,13,3,4,107,46,6,1,0,0,14,129,45,23,13,135,15,2,1,0,0,0,8,7,2,0,0,2,37,5,152,1,4,60,22,10,125,1,1,6,18,55,14,10,37,16,0,19,4,45,394,42,0,12.41,5,0,10,281,79,0,4,9,5,17,11,0,19,45,5,68,12,81,5,135,0,26,307,21,0,0,2,135,11,15,152,1.06,1.63,5
Universitatea Craiova,"Universitatea Craiova - Farul Constanţa, 2-0",2025-09-14 17:00:00,3,Home,26233,719,191642,4435361,5715750,1.89,22.74,0.95,40.74,75.79,119.4,94.74,0,3.79,10.42,3.79,6.63,100.4,35.05,7.58,0,0,0,17.18,15.16,122.2,54.95,22.74,8.53,152.5,6.63,1.89,0.95,0,0,4.74,6.63,5.68,3.79,0,1.89,0,42.63,4.74,147.8,12.32,1.89,34.37,44.53,20.84,8.53,8.53,21.79,65.37,26.53,13.26,43.58,30.32,3.79,34.11,0,38.84,18,450.9,53.05,0,54,21.79,344.8,0,4.74,7.58,4.74,10.42,16.11,4.74,23.68,70.11,4.74,72.95,13.26,115.6,4.74,136.4,10.42,26.53,379.9,39.79,0,2.84,2.84,136.4,10.42,18.95,147.8,1.54,1,2.84,37.5,21.62,0,44.96,37.5,0,0,0,9.091,0,62.16,53.49,60.87,87.5,69.57,0,27.27,92.5,45.45,87.5,75.78,100,92.31,84.62,59.57,84.24,75,37.5,60,27.27,20,92.31,100,42.86,2,24,9,1,43,80,1,0,4,11,4,7,106,37,8,0,0,0,16,129,58,24,9,161,7,2,1,0,0,5,7,6,4,0,2,0,45,5,156,13,2,47,22,9,126,1,1,9,23,69,28,14,46,32,4,36,0,41,476,56,0,11.74,6,0,23,364,100,0,5,8,5,11,17,5,25,74,5,77,14,122,5,144,11,28,401,42,0,3,3,144,11,20,156,1.63,1.06,3
Argeș,"Universitatea Cluj - Argeș, 3-1",2026-02-03 17:00:00,0,Away,23334,719,191642,4435361,5715875,3.83,35.43,0.96,41.17,50.74,83.3,63.19,2.87,5.74,19.15,5.74,3.83,98.62,44.04,9.57,0.96,0.96,0,7.98,11.49,160.8,49.79,35.43,11.49,119.7,14.36,2.87,2.87,0,0,2.87,3.83,3.83,2.87,0,0.96,1.91,19.15,4.79,176.2,8.62,0,25.81,50.74,21.06,5.74,1.91,26.81,65.11,21.06,5.74,60.32,22.98,0,27.77,0,19.15,18.03,425.1,44.04,0,60.9,16.28,310.2,0,3.83,8.62,4.79,10.53,10.53,0,17.23,48.83,8.62,57.45,8.62,93.83,4.79,158.9,7.66,32.55,369.6,22.98,0,0,0.96,158.9,3.83,16.28,176.2,1.08,1.25,0.96,32.43,21.74,100,30.95,32.43,0,0,0,9.091,0,60.87,40.48,34.92,50,38.1,0,27.27,96.23,45,75,78.4,100,90.22,88.89,64.15,86.94,52.17,55.56,0,25,52.94,90.22,0,6.667,4,37,12,1,43,53,0,3,6,20,6,4,103,46,10,1,1,0,12,168,52,37,12,125,15,3,3,0,0,3,4,4,3,0,1,2,20,5,184,9,0,53,22,6,87,1,1,2,28,68,22,6,63,24,0,29,0,20,444,46,0,8.68,4,0,17,324,66,0,4,9,5,11,11,0,18,51,9,60,9,98,5,166,8,34,386,24,0,0,1,166,4,17,184,1.13,1.31,1
Farul Constanţa,"Oţelul - Farul Constanţa, 2-2",2025-11-23 16:30:00,1,Away,61242,719,191642,4435361,5715812,0.96,34.47,0.96,33.51,49.79,111.1,73.72,1.91,4.79,13.4,2.87,11.49,122.5,64.15,14.36,0.96,0.96,0,11.03,7.66,180,59.36,29.68,11.49,117.8,18.19,1.91,1.91,0,0,0,11.49,10.53,3.83,0,1.91,0.96,23.94,4.79,104.4,0,5.74,33.66,45,21.06,7.66,0.96,40.21,77.55,16.28,4.79,60.32,23.94,2.87,22.02,0.96,40.21,18.89,324.6,32.55,0.96,46.3,11.49,218.3,0,6.7,7.66,4.79,12.45,15.32,0,14.36,47.87,4.79,77.55,6.7,77.55,3.83,86.17,0,26.81,256.6,22.98,0.96,0,0.96,86.17,0.96,16.28,104.4,1.26,2.16,2.87,38.89,22.39,100,32.98,38.71,0,0,0,15.38,100,62.69,43.09,26.98,62.5,39.68,100,38.46,96.15,35.71,87.5,65.85,80,82.57,0,59.57,79.06,70.59,37.5,0,100,29.41,82.57,0,15.79,1,36,14,1,35,52,0,2,5,14,3,12,128,67,15,1,1,0,8,188,62,31,12,123,19,2,2,0,0,0,12,11,4,0,2,1,25,5,109,0,6,47,22,8,116,1,1,1,42,81,17,5,63,25,3,23,1,42,339,34,1,8,6,0,12,228,77,0,7,8,5,13,16,0,15,50,5,81,7,81,4,90,0,28,268,24,1,0,1,90,1,17,109,1.32,2.26,3
Oţelul,"Oţelul - Farul Constanţa, 2-2",2025-11-23 16:30:00,1,Home,11571,719,191642,4435361,5715812,1.91,34.47,0.96,50.74,55.53,115.8,87.13,1.91,2.87,14.36,8.62,5.74,123.5,60.32,14.36,0.96,0,0,25.7,20.11,180,69.89,33.51,16.28,136.9,14.36,2.87,0.96,0,0,0,6.7,5.74,2.87,0,1.91,1.91,28.72,4.79,112,3.83,3.83,28.47,48.83,21.06,8.62,5.74,44.04,93.83,23.94,13.4,64.15,29.68,0.96,30.64,2.87,38.3,20.04,372.4,51.7,0.96,53.7,9.57,254.7,0,2.87,9.57,4.79,15.32,12.45,0.96,28.72,53.62,8.62,90,17.23,100.5,4.79,99.57,2.87,29.68,307.3,41.17,0.96,0.96,0.96,99.57,3.83,15.32,112,2.16,1.26,0,50,23.81,0,38.83,48.57,0,0,0,12.5,0,73.02,52.13,37.31,66.67,46.27,100,37.5,96.55,60,85.71,73.43,100,88.89,75,60.78,82.52,79.63,70,100,25,18.75,88.89,0,0,2,36,18,1,53,58,0,2,3,15,9,6,129,63,15,1,0,0,21,188,73,35,17,143,15,3,1,0,0,0,7,6,3,0,2,2,30,5,117,4,4,51,22,9,121,1,1,6,46,98,25,14,67,31,1,32,3,40,389,54,1,8.48,13,0,10,266,91,0,3,10,5,16,13,1,30,56,9,94,18,105,5,104,3,31,321,43,1,1,1,104,4,16,117,2.26,1.32,0
UTA Arad,"Unirea Slobozia - UTA Arad, 1-3",2026-01-17 12:00:00,3,Away,30817,719,191642,4435361,5715855,0.96,30.64,2.87,29.68,66.06,101.5,82.34,0.96,4.79,4.79,0.96,2.87,120.6,54.57,8.62,0,0,0,15.31,13.4,169.5,55.53,30.64,8.62,148.4,14.36,0.96,0,0,0,2.87,2.87,1.91,2.87,0,2.87,0,35.43,4.79,170.4,7.66,2.87,27.89,55.53,20.11,9.57,1.91,33.51,77.55,25.85,7.66,64.15,28.72,2.87,22.98,0.96,29.68,18.47,452.9,56.49,0,58,18.19,334.1,0,0,3.83,4.79,9.57,7.66,1.91,18.19,63.19,2.87,77.55,8.62,107.2,4.79,154.2,5.74,30.64,378.2,34.47,0,0.96,3.83,154.2,7.66,15.32,170.4,1.33,1.26,0.96,28.13,15.79,0,32.77,28.13,0,0,0,30,0,61.4,45.76,40.3,57.14,44.78,0,70,95.65,60,64.29,72.26,100,90.45,75,55.17,83.51,61.02,75,50,50,62.5,90.45,100,6.667,1,32,9,3,31,69,0,1,5,5,1,3,126,57,9,0,0,0,14,177,58,32,9,155,15,1,0,0,0,3,3,2,3,0,3,0,37,5,178,8,3,58,21,10,106,1,1,2,35,81,27,8,67,30,3,24,1,31,473,59,0,7.64,2,0,19,349,86,0,0,4,5,10,8,2,19,66,3,81,9,112,5,161,6,32,395,36,0,1,4,161,8,16,178,1.39,1.32,1
Universitatea Cluj,"Universitatea Cluj - Argeș, 3-1",2026-02-03 17:00:00,3,Home,60374,719,191642,4435361,5715875,3.83,35.43,2.87,31.6,44.04,79.47,57.45,0.96,1.91,5.74,2.87,7.66,133.1,60.32,9.57,0.96,0.96,0,15.8,15.32,160.8,60.32,31.6,18.19,106.3,9.57,0.96,0.96,0,0,0.96,6.7,6.7,1.91,0,2.87,0,37.34,4.79,103.4,4.79,4.79,23.18,39.26,21.06,9.57,1.91,39.26,84.26,17.23,8.62,44.04,22.98,0,10.53,0,35.43,18.11,298.7,30.64,0,39.1,13.4,216.4,0,4.79,4.79,4.79,10.53,10.53,0,15.32,40.21,0.96,94.79,11.49,77.55,4.79,93.83,4.79,26.81,248,21.06,0,0,0,93.83,0.96,14.36,103.4,1.25,1.08,0,51.35,15.87,100,37.5,57.58,0,0,0,27.27,0,65.08,52.38,39.13,56.25,52.17,0,54.55,91.3,16.67,75,72.97,100,90.74,100,68.29,83.01,68.75,60,0,0,40,90.74,100,0,4,37,19,3,33,46,0,1,2,6,3,8,139,63,10,1,1,0,16,168,63,33,19,111,10,1,1,0,0,1,7,7,2,0,3,0,39,5,108,5,5,41,22,10,83,1,1,2,41,88,18,9,46,24,0,11,0,37,312,32,0,21.25,4,0,14,226,60,0,5,5,5,11,11,0,16,42,1,99,12,81,5,98,5,28,259,22,0,0,0,98,1,15,108,1.31,1.13,0
Dinamo Bucureşti,"Dinamo Bucureşti - FCS Bucureşti, 4-3",2025-08-02 20:30:00,3,Home,11564,719,191642,4435361,5715705,1.75,28.83,1.75,36.7,66.41,71.65,60.29,2.62,4.37,12.23,0,1.75,92.62,40.19,6.99,0,0,0,17.07,13.11,134.6,52.43,27.96,11.36,109.2,13.98,0.87,0,0,0,0.87,2.62,1.75,0,0,3.5,2.62,23.59,5.24,99.61,3.5,2.62,24.67,25.34,17.48,8.74,2.62,20.1,62.04,20.97,6.99,48.06,24.47,2.62,18.35,0.87,18.35,19.04,341.6,32.33,1.75,53.7,14.85,258.6,0,3.5,7.86,5.24,10.49,7.86,0.87,18.35,64.66,5.24,55.92,9.61,83.88,5.24,89.13,1.75,13.98,296.2,23.59,1.75,0,0,89.13,1.75,16.6,99.61,2.37,1.65,0.87,42.42,17.39,0,38.96,40.63,0,0,0,33.33,33.33,50,46.1,43.64,53.33,50.91,100,58.33,97.37,42.86,73.33,76.8,100,89.47,50,55.17,86.7,72.97,44.44,0,0,42.11,89.47,100,6.25,2,33,14,2,42,76,0,3,5,14,0,2,106,46,8,0,0,0,15,154,60,32,13,125,16,1,0,0,0,1,3,2,0,0,4,3,27,6,114,4,3,29,20,10,82,1,1,3,23,71,24,8,55,28,3,21,1,21,391,37,2,8.38,13,0,17,296,69,0,4,9,6,12,9,1,21,74,6,64,11,96,6,102,2,16,339,27,2,0,0,102,2,19,114,2.71,1.89,1
Universitatea Cluj,"Farul Constanţa - Universitatea Cluj, 0-1",2025-08-18 20:30:00,3,Away,60374,719,191642,4435361,5715723,6.18,33.53,0.88,23.82,35.29,110.3,73.24,0,2.65,5.29,3.53,9.71,151.8,67.94,18.53,0,0,0.88,14.65,8.82,187.1,64.41,29.12,13.24,78.53,5.29,1.76,1.76,0,0,0,17.65,15,4.41,0,0.88,2.65,50.29,5.29,55.59,6.18,18.53,24.87,31.76,23.82,13.24,1.76,49.41,87.35,9.71,5.29,61.76,17.65,0.88,9.71,0.88,52.94,18.04,211.8,19.41,0,39.2,8.82,127.9,0.88,1.76,8.82,5.29,9.71,20.29,0,11.47,34.41,2.65,114.7,6.18,45.88,5.29,46.76,6.18,15.88,165,9.71,0,0,4.41,46.76,7.06,12.35,55.59,1.25,0.95,1.76,44.74,27.27,0,34.43,45.45,0,0,0,9.091,66.67,72.73,46.7,15.71,60,28.57,0,36.36,97.5,50,70,58.43,100,84.13,100,50,77.92,50,50,0,62.5,42.86,84.13,100,33.33,7,38,17,1,27,40,1,0,3,6,4,11,172,77,21,0,0,1,10,212,73,33,15,89,6,2,2,0,0,0,20,17,5,0,1,3,57,6,63,7,21,36,27,15,125,1,1,2,56,99,11,6,70,20,1,11,1,60,240,22,0,21.54,8,0,10,145,83,1,2,10,6,11,23,0,13,39,3,130,7,52,6,53,7,18,187,11,0,0,5,53,8,14,63,1.42,1.08,2
FCS Bucureşti,"FCS Bucureşti - Hermannstadt, 1-1",2025-07-12 20:30:00,1,Home,11565,719,191642,4435361,5715684,0,44.55,0.89,69.5,74.85,122.1,96.24,0.89,11.58,29.41,5.35,3.56,128.3,62.38,19.6,1.78,0,0,22.54,22.28,201.4,86.44,43.66,24.95,153.3,8.02,2.67,0.89,0,0,0.89,2.67,2.67,1.78,0,0.89,2.67,21.39,5.35,241.5,0.89,0.89,39.26,46.34,22.28,9.8,6.24,40.99,91.78,16.04,6.24,72.18,32.08,0.89,41.88,0,24.95,21.23,538.2,81.98,0,64.3,24.95,402.8,0,1.78,11.58,5.35,16.04,6.24,1.78,24.06,73.96,11.58,87.33,17.82,113.2,5.35,219.2,0.89,30.3,460.7,59.7,0,0.89,1.78,219.2,4.46,20.5,241.5,1.7,0.66,0,56,31.43,0,42.92,57.14,0,0,0,5.556,66.67,65.71,45.58,22.22,28,44.44,0,33.33,98.81,39.39,80,73.84,100,90.77,100,65.38,85.6,72.83,61.54,50,40,52.17,90.77,0,0,0,50,28,1,78,84,0,1,13,33,6,4,144,70,22,2,0,0,25,226,97,49,28,172,9,3,1,0,0,1,3,3,2,0,1,3,24,6,271,1,1,52,25,11,137,1,1,7,46,103,18,7,81,36,1,47,0,28,604,92,0,6.85,3,0,28,452,108,0,2,13,6,18,7,2,27,83,13,98,20,127,6,246,1,34,517,67,0,1,2,246,5,23,271,1.91,0.74,0
Metaloglobus,"Metaloglobus - Oţelul, 0-1",2026-02-14 13:30:00,0,Home,11943,719,191642,4435361,5715894,3.64,55.45,0,38.18,54.55,117.3,90.91,0.91,3.64,17.27,2.73,10,165.4,70.91,15.45,0,0,0,21.72,13.64,220.9,71.82,53.64,23.64,146.4,5.45,0,0,0,0,0.91,8.18,7.27,2.73,0,0,1.82,39.09,5.45,114.5,3.64,3.64,25.27,50.91,32.73,9.09,6.36,47.27,97.27,16.36,8.18,61.82,22.73,0.91,26.36,3.64,40.91,18.9,369.1,41.82,0,55.3,10,236.4,0,4.55,7.27,5.45,7.27,13.64,0,15.45,50,4.55,110.9,10.91,104.5,5.45,98.18,3.64,30,292.7,30.91,0,0,0,98.18,0,18.18,114.5,0.75,1.49,0.91,44.26,21.79,0,32.51,44.07,0,0,0,0,50,66.67,44.03,26.47,60,36.76,0,37.5,91.67,26.32,80,71.43,100,85.71,100,58.93,79.31,73.91,50,0,0,35,85.71,0,16.67,4,61,27,0,42,60,0,1,4,19,3,11,182,78,17,0,0,0,15,243,79,59,26,161,6,0,0,0,0,1,9,8,3,0,0,2,43,6,126,4,4,56,36,10,129,1,1,7,52,107,18,9,68,25,1,29,4,45,406,46,0,10.67,10,0,11,260,100,0,5,8,6,8,15,0,17,55,5,122,12,115,6,108,4,33,322,34,0,0,0,108,0,20,126,0.82,1.64,1
CFR Cluj,"CFR Cluj - UTA Arad, 1-1",2025-09-21 17:15:00,1,Home,11611,719,191642,4435361,5715752,1.84,28.47,0,48.67,50.51,117.5,87.24,0.92,2.76,15.61,2.76,3.67,118.5,57.86,16.53,0,0,0,17.66,20.2,172.7,71.63,23.88,11.94,158.9,11.94,1.84,0,0,0,2.76,3.67,3.67,2.76,0,0.92,1.84,32.14,5.51,134.1,11.02,4.59,25.88,33.98,27.55,13.78,10.1,38.57,90.92,25.71,12.86,58.78,28.47,0.92,20.2,0,39.49,17.95,428,39.49,0,53.1,16.53,310.4,0,0.92,9.18,5.51,12.86,11.94,0,24.8,45,6.43,83.57,15.61,104.7,5.51,124,8.27,14.69,350.8,27.55,0,0,0,124,0.92,21.12,134.1,1.02,0.9,3.67,45.16,28.57,0,41.49,50,0,0,0,7.143,50,66.67,52.66,43.75,63.64,48.44,0,42.86,89.09,41.18,77.27,65.9,100,92.47,75,43.24,81.97,69.77,70,0,0,47.83,92.47,0,30.77,2,31,14,0,53,55,0,1,3,17,3,4,129,63,18,0,0,0,22,188,78,26,13,173,13,2,0,0,0,3,4,4,3,0,1,2,35,6,146,12,5,37,30,15,128,1,1,11,42,99,28,14,64,31,1,22,0,43,466,43,0,10.14,8,0,18,338,95,0,1,10,6,14,13,0,27,49,7,91,17,114,6,135,9,16,382,30,0,0,0,135,1,23,146,1.11,0.98,4
Csikszereda Miercurea Ciuc,"Csikszereda Miercurea Ciuc - Unirea Slobozia, 2-1",2025-11-21 16:30:00,3,Home,22731,719,191642,4435361,5715814,0,27.55,1.84,37.65,41.33,96.43,64.29,0.92,7.35,11.02,2.76,3.67,102.9,41.33,7.35,0,0,0,7.53,11.94,153.4,63.37,27.55,14.69,116.6,12.86,3.67,0.92,0,0,1.84,9.18,7.35,1.84,0,1.84,2.76,33.98,5.51,103.8,0.92,5.51,22.79,51.43,45.92,16.53,5.51,18.37,69.8,20.2,7.35,38.57,24.8,4.59,18.37,0,33.06,18.43,305.8,38.57,0,52.5,6.43,197.4,0,3.67,10.1,5.51,13.78,11.02,0.92,16.53,36.73,3.67,67.04,9.18,67.96,5.51,91.84,0.92,27.55,232.3,22.04,0,0,0.92,91.84,5.51,11.94,103.8,1.17,1.28,0.92,53.33,17.78,0,41.32,53.33,0,0,0,13.33,0,44.44,45.51,52.38,61.54,64.29,0,40,88.89,33.33,76.92,58.27,100,88.5,100,53.57,75.98,57.14,54.55,0,16.67,23.08,88.5,100,7.143,0,30,16,2,41,45,0,1,8,12,3,4,112,45,8,0,0,0,13,167,69,30,16,127,14,4,1,0,0,2,10,8,2,0,2,3,37,6,113,1,6,56,50,18,105,1,1,6,20,76,22,8,42,27,5,20,0,36,333,42,0,8.96,6,0,7,215,70,0,4,11,6,15,12,1,18,40,4,73,10,74,6,100,1,30,253,24,0,0,1,100,6,13,113,1.27,1.39,1
Dinamo Bucureşti,"Dinamo Bucureşti - Unirea Slobozia, 1-0",2026-02-16 19:00:00,3,Home,11564,719,191642,4435361,5715895,1.84,43.16,0.92,78.06,82.65,112,84.49,0,12.86,22.96,4.59,3.67,105.6,35.82,7.35,0,0,0,16.01,28.47,175.4,83.57,42.24,22.96,175.4,7.35,0,0,0,0,0.92,2.76,1.84,1.84,0,0.92,4.59,26.63,5.51,188.3,24.8,1.84,27.65,33.98,24.8,14.69,7.35,22.04,84.49,24.8,12.86,71.63,38.57,1.84,24.8,0.92,27.55,16.34,560.2,64.29,0,70,11.94,447.2,0,0.92,12.86,5.51,24.8,6.43,1.84,26.63,77.14,6.43,71.63,22.04,138.7,5.51,175.4,19.29,19.29,488.6,53.27,0,0.92,1.84,175.4,6.43,32.14,188.3,3.79,0.46,0.92,53.19,20.51,0,47.64,54.35,0,0,0,3.704,40,61.54,48.17,34.62,45.16,53.85,0,25.93,93.33,28,77.42,79.06,100,93.17,77.78,56.76,87.21,82.86,35.71,50,28.57,31.43,93.17,100,12.5,2,47,25,1,85,90,1,0,14,25,5,4,115,39,8,0,0,0,31,191,91,46,25,191,8,0,0,0,0,1,3,2,2,0,1,5,29,6,205,27,2,37,27,16,122,1,1,8,24,92,27,14,78,42,2,27,1,30,610,70,0,9.43,8,0,13,487,92,0,1,14,6,27,7,2,29,84,7,78,24,151,6,191,21,21,532,58,0,1,2,191,7,35,205,4.13,0.5,1
FCS Bucureşti,"FCS Bucureşti - Unirea Slobozia, 0-1",2025-08-10 20:30:00,0,Home,11565,719,191642,4435361,5715714,4.59,26.63,0,64.29,69.8,124.9,99.18,0.92,4.59,18.37,11.02,1.84,88.16,39.49,11.02,0.92,0.92,0,25.59,18.37,152.4,74.39,26.63,17.45,180.9,8.27,4.59,4.59,0,0,0,4.59,4.59,2.76,0,0,4.59,22.04,5.51,211.2,8.27,0.92,24.96,48.67,22.04,11.94,9.18,22.04,78.06,26.63,9.18,64.29,33.98,3.67,33.06,0.92,31.22,18.18,537.2,78.06,0,68.1,45,388.5,0,4.59,19.29,5.51,24.8,7.35,2.76,28.47,67.04,9.18,61.53,16.53,125.8,4.59,190.1,8.27,23.88,444.5,55.1,0,0,3.67,190.1,9.18,27.55,211.2,2.05,0.52,1.84,65.52,27.91,100,48.8,65.52,0,0,0,0,60,55.81,51.2,41.43,50,52.86,0,40.74,96.05,50,90,69.54,83.33,90,100,49.06,82.74,70.59,71.43,0,40,33.33,90,0,22.22,5,29,19,0,70,76,0,1,5,20,12,2,96,43,12,1,1,0,20,166,81,29,19,197,9,5,5,0,0,0,5,5,3,0,0,5,24,6,230,9,1,53,24,13,136,1,1,10,24,85,29,10,70,37,4,36,1,34,585,85,0,8.55,6,0,49,423,108,0,5,21,6,27,8,3,31,73,10,67,18,137,5,207,9,26,484,60,0,0,4,207,10,30,230,2.23,0.57,2
FCS Bucureşti,"Oţelul - FCS Bucureşti, 1-4",2026-02-08 19:00:00,3,Away,11565,719,191642,4435361,5715882,3.67,44.08,2.76,53.27,51.43,111.1,78.06,0.92,8.27,11.94,9.18,6.43,141.4,65.2,18.37,0.92,0.92,0,15.07,18.37,175.4,73.47,39.49,15.61,120.3,14.69,2.76,1.84,0,0,0,5.51,5.51,1.84,0,3.67,1.84,32.14,5.51,123.1,3.67,1.84,25.58,40.41,18.37,7.35,4.59,41.33,90,25.71,14.69,47.76,32.14,0,23.88,0.92,43.16,17.78,351.7,35.82,0,51.3,15.61,236.9,0,3.67,10.1,5.51,21.12,8.27,1.84,35.82,48.67,8.27,89.08,16.53,86.33,5.51,105.6,3.67,25.71,278.3,25.71,0,1.84,1.84,105.6,1.84,30.31,123.1,3.89,0.78,1.84,35.42,28.17,100,41.88,39.53,0,0,0,17.39,100,63.38,51.31,53.85,80,67.31,0,52.17,94.64,69.23,90,71.76,100,85.82,100,63.64,79.11,71.79,63.64,100,100,42.42,85.82,100,12.5,4,48,17,3,58,56,0,1,9,13,10,7,154,71,20,1,1,0,20,191,80,43,17,131,16,3,2,0,0,0,6,6,2,0,4,2,35,6,134,4,2,44,20,8,121,1,1,5,45,98,28,16,52,35,0,26,1,47,383,39,0,6.3,14,0,17,258,85,0,4,11,6,23,9,2,39,53,9,97,18,94,6,115,4,28,303,28,0,2,2,115,2,33,134,4.24,0.85,2
FCS Bucureşti,"Universitatea Cluj - FCS Bucureşti, 0-2",2025-11-01 19:30:00,3,Away,11565,719,191642,4435361,5715796,3.71,25.98,0.93,86.29,103.9,104.8,76.08,0,8.35,23.2,14.85,2.78,129.9,63.09,12.06,0,0,0,12.62,35.26,175.4,65.88,24.12,5.57,154,10.21,0.93,0.93,0,0,0.93,4.64,4.64,0,0,1.86,4.64,40.82,5.57,241.2,1.86,1.86,28.37,55.67,17.63,7.42,6.49,45.46,82.58,24.12,17.63,68.66,40.82,0,46.39,0,34.33,19.07,568.8,67.73,0,66,13.92,450.9,0,2.78,15.77,5.57,27.84,6.49,0,38.97,99.28,12.99,91.86,33.4,120.6,5.57,225.5,0.93,38.97,500.1,51.03,0,0,0.93,225.5,3.71,26.91,241.2,1.61,1.4,0.93,21.43,19.12,0,37.57,23.08,0,0,0,6.667,60,72.06,47.09,35.14,50,59.46,0,30,95.54,56,94.74,78.31,100,93.46,50,70,87.93,75.34,76.47,0,25,48.28,93.46,100,9.091,4,28,6,1,93,112,1,0,9,25,16,3,140,68,13,0,0,0,38,189,71,26,6,166,11,1,1,0,0,1,5,5,0,0,2,5,44,6,260,2,2,60,19,8,113,1,1,7,49,89,26,19,74,44,0,50,0,37,613,73,0,6.89,1,0,15,486,82,0,3,17,6,30,7,0,42,107,14,99,36,130,6,243,1,42,539,55,0,0,1,243,4,29,260,1.73,1.51,1
Hermannstadt,"Hermannstadt - Metaloglobus, 2-2",2025-07-18 18:00:00,1,Home,55427,719,191642,4435361,5715688,4.64,25.98,1.86,54.74,68.66,98.35,81.65,1.86,4.64,14.85,6.49,4.64,114.1,46.39,15.77,0.93,0,0,13.76,21.34,165.2,72.37,25.05,15.77,157.7,7.42,3.71,0.93,0,0,0.93,4.64,4.64,1.86,0,1.86,0.93,41.75,5.57,129,19.48,0,30.51,51.96,25.05,6.49,3.71,36.19,81.65,22.27,9.28,67.73,33.4,1.86,31.55,0.93,25.98,18.09,426.8,48.25,0,50,13.92,296.9,0,4.64,4.64,5.57,12.06,6.49,6.49,17.63,66.8,3.71,94.64,15.77,118.8,5.57,111.3,12.99,34.33,354.4,38.97,0,1.86,1.86,111.3,11.13,19.48,129,0.91,0.53,0.93,64.29,34,0,43.82,62.96,0,0,0,15.38,100,78,49.44,32.88,43.48,49.32,0,23.08,97.3,25,73.91,75.29,100,86.33,66.67,66.07,83.04,80.77,60,28.57,16.67,33.33,86.33,0,12.5,5,28,18,2,59,74,0,2,5,16,7,5,123,50,17,1,0,0,23,178,78,27,17,170,8,4,1,0,0,1,5,5,2,0,2,1,45,6,139,21,0,56,27,7,106,1,1,4,39,88,24,10,73,36,2,34,1,28,460,52,0,10.26,49,0,15,320,88,0,5,5,6,13,7,7,19,72,4,102,17,128,6,120,14,37,382,42,0,2,2,120,12,21,139,0.98,0.57,1
FCS Bucureşti,"Hermannstadt - FCS Bucureşti, 3-3",2025-11-09 19:30:00,1,Away,11565,719,191642,4435361,5715804,4.69,34.69,1.88,47.81,73.13,111.6,85.31,2.81,2.81,14.06,6.56,1.88,128.4,56.25,11.25,0,0,0,13.02,15,167.8,64.69,34.69,15.94,175.3,15,0.94,0,0,0,0.94,4.69,4.69,0,0,2.81,1.88,37.5,5.63,214.7,3.75,0,27.92,54.38,13.13,5.63,4.69,34.69,82.5,26.25,8.44,63.75,31.88,1.88,27.19,1.88,37.5,18.49,540,66.56,0,64.6,12.19,404.1,0.94,5.63,12.19,5.63,16.88,6.56,1.88,20.63,71.25,4.69,88.13,13.13,124.7,5.63,196.9,2.81,31.88,455.6,39.38,0,0.94,0.94,196.9,2.81,15,214.7,2.09,1.04,1.88,45.95,20,0,38.55,45.95,0,0,0,16.67,50,61.67,49.16,41.18,56.25,50,0,38.89,97.44,33.33,87.5,71.12,100,91.7,75,58.62,84.38,59.15,46.15,50,33.33,43.75,91.7,0,12.5,5,37,17,2,51,78,0,3,3,15,7,2,137,60,12,0,0,0,16,179,69,37,17,187,16,1,0,0,0,1,5,5,0,0,3,2,40,6,229,4,0,58,14,6,119,1,1,5,37,88,28,9,68,34,2,29,2,40,576,71,0,6.06,17,0,13,431,91,1,6,13,6,18,7,2,22,76,5,94,14,133,6,210,3,34,486,42,0,1,1,210,3,16,229,2.23,1.11,2
Hermannstadt,"Hermannstadt - Unirea Slobozia, 0-2",2025-09-15 17:00:00,0,Home,55427,719,191642,4435361,5715744,3.75,31.88,0,85.31,61.88,102.2,91.88,1.88,9.38,35.63,5.63,2.81,101.2,42.19,7.5,0,0,0,20.65,25.31,169.7,59.06,30.94,6.56,169.7,12.19,2.81,0.94,0,0,0,0.94,0.94,0,0,0,3.75,27.19,5.63,160.3,3.75,0,34.22,41.25,30.94,13.13,6.56,27.19,71.25,24.38,11.25,64.69,31.88,3.75,37.5,0.94,28.13,18.47,455.6,75.94,0,57.4,21.56,317.8,0,0.94,15.94,5.63,19.69,2.81,4.69,30.94,60,11.25,60.94,15.94,135,5.63,130.3,3.75,23.44,377.8,66.56,0,2.81,4.69,130.3,8.44,34.69,160.3,1.9,0.58,2.81,20.59,17.78,0,34.81,21.21,0,0,0,0,25,64.44,41.99,37.68,44.44,49.28,0,28.57,96.97,31.58,62.96,79.56,100,81.29,100,56.82,82.92,87.65,35.29,60,55.56,40.54,81.29,0,23.08,4,34,7,0,91,66,0,2,10,38,6,3,108,45,8,0,0,0,27,181,63,33,7,181,13,3,1,0,0,0,1,1,0,0,0,4,29,6,171,4,0,44,33,14,109,1,1,7,29,76,26,12,69,34,4,40,1,30,486,81,0,8.52,2,0,23,339,98,0,1,17,6,21,3,5,33,64,12,65,17,144,6,139,4,25,403,71,0,3,5,139,9,37,171,2.03,0.62,3
Rapid Bucureşti,"Rapid Bucureşti - Csikszereda Miercurea Ciuc, 4-1",2025-11-28 19:30:00,3,Home,11566,719,191642,4435361,5715817,6.56,27.19,3.75,42.19,69.38,100.3,68.44,0.94,6.56,8.44,3.75,4.69,118.1,64.69,15,0,0,0,18.73,18.75,171.6,63.75,26.25,13.13,144.4,15.94,3.75,0.94,0,0,0,2.81,1.88,2.81,0,3.75,2.81,26.25,5.63,96.56,5.63,0.94,29.81,47.81,18.75,7.5,2.81,34.69,77.81,22.5,5.63,60.94,28.13,0.94,28.13,0,27.19,15.66,390,43.13,0,56.8,8.44,291.6,0,8.44,8.44,5.63,14.06,13.13,0.94,15.94,64.69,2.81,74.06,10.31,111.6,4.69,86.25,2.81,29.06,328.1,29.06,0,0.94,1.88,86.25,3.75,22.5,96.56,2.47,1.54,0.94,48.28,23.19,0,37.16,50,0,0,0,26.67,33.33,53.62,45.36,36.92,30,46.15,0,46.67,93.24,33.33,55,77.27,83.33,89.32,50,60.78,84.13,67.39,55.56,100,50,37.5,89.32,100,5.882,7,29,14,4,45,74,0,1,7,9,4,5,126,69,16,0,0,0,20,183,68,28,14,154,17,4,1,0,0,0,3,2,3,0,4,3,28,6,103,6,1,51,20,8,107,1,1,3,37,83,24,6,65,30,1,30,0,29,416,46,0,6.79,26,0,9,311,73,0,9,9,6,15,14,1,17,69,3,79,11,119,5,92,3,31,350,31,0,1,2,92,4,24,103,2.63,1.64,1
Dinamo Bucureşti,"Dinamo Bucureşti - Petrolul 52, 1-1",2026-01-30 19:00:00,1,Home,11564,719,191642,4435361,5715868,5.68,27.47,0.95,62.53,85.26,95.68,81.47,0.95,7.58,14.21,8.53,3.79,90,40.74,18.95,0,0,0,15.2,27.47,158.2,81.47,27.47,14.21,180.9,4.74,3.79,1.89,0,0,0.95,4.74,4.74,2.84,0,0.95,1.89,21.79,5.68,211.3,39.79,0.95,17.44,22.74,23.68,11.37,0.95,31.26,86.21,29.37,17.05,66.32,36.95,0.95,33.16,0,19.89,15.4,615.8,61.58,0,74,24.63,500.2,0,3.79,13.26,5.68,19.89,6.63,0.95,24.63,83.37,2.84,67.26,19.89,157.3,5.68,193.3,36,12.32,552.3,49.26,0,0.95,1.89,193.3,4.74,29.37,211.3,2.85,1.37,0.95,51.72,46.51,0,51.5,51.72,0,0,0,4.762,0,76.74,54.49,44.29,62.07,55.71,0,19.05,97.78,20,72.41,86.91,100,91.48,90.48,54.17,89.69,80,42.86,100,40,41.94,91.48,0,20,6,29,15,1,66,90,0,1,8,15,9,4,95,43,20,0,0,0,29,167,86,29,15,191,5,4,2,0,0,1,5,5,3,0,1,2,23,6,223,42,1,24,25,12,101,1,1,1,33,91,31,18,70,39,1,35,0,21,650,65,0,8.09,6,0,26,528,86,0,4,14,6,21,7,1,26,88,3,71,21,166,6,204,38,13,583,52,0,1,2,204,5,31,223,3.01,1.45,1
FCS Bucureşti,"FCS Bucureşti - UTA Arad, 1-0",2026-03-20 18:00:00,3,Home,11565,719,191642,4437511,5823754,4.74,45.47,0.95,65.37,69.16,126,93.79,0,7.58,20.84,5.68,2.84,138.3,64.42,13.26,0,0,0,20.75,26.53,212.2,92.84,45.47,27.47,189.5,12.32,1.89,0.95,0,0,0,8.53,8.53,1.89,0,0.95,3.79,28.42,5.68,169.6,10.42,0.95,25.06,49.26,27.47,15.16,7.58,44.53,119.4,32.21,15.16,74.84,36.95,0.95,35.05,0.95,29.37,15.73,516.3,54.95,0,64.7,16.11,376.1,0,7.58,13.26,5.68,15.16,9.47,2.84,28.42,65.37,11.37,100.4,22.74,147.8,5.68,151.6,4.74,25.58,435.8,31.26,0,0.95,1.89,151.6,8.53,34.11,169.6,1.48,0.7,3.79,60.42,20.59,0,43.75,60.42,0,0,0,6.25,0,69.12,56.25,43.04,57.14,49.37,0,6.25,94.52,54.55,85.71,78,100,89.39,45.45,51.92,84.4,56.9,50,33.33,22.22,25,89.39,100,30.77,5,48,29,1,69,73,1,0,8,22,6,3,146,68,14,0,0,0,28,224,98,48,29,200,13,2,1,0,0,0,9,9,2,0,1,4,30,6,179,11,1,52,29,16,133,1,1,8,47,126,34,16,79,39,1,37,1,31,545,58,0,7,15,0,17,397,99,0,8,14,6,16,10,3,30,69,12,106,24,156,6,160,5,27,460,33,0,1,2,160,9,36,179,1.56,0.74,4
Hermannstadt,"Hermannstadt - Universitatea Craiova, 0-2",2025-12-14 19:30:00,0,Home,55427,719,191642,4435361,5715838,0,35.43,0,45,60.32,114.9,78.51,1.91,0,19.15,5.74,4.79,144.6,65.11,13.4,0,0,0,16.43,15.32,189.6,67.02,32.55,16.28,154.2,11.49,1.91,0.96,0,0,0.96,6.7,5.74,1.91,0,0,2.87,44.04,5.74,115.8,0.96,1.91,31.84,59.36,27.77,12.45,4.79,45.96,94.79,20.11,5.74,61.28,24.89,5.74,38.3,0,33.51,19.12,380.1,62.23,0,44.2,4.79,245.1,0,4.79,6.7,5.74,9.57,8.62,0.96,20.11,58.4,9.57,106.3,9.57,103.4,5.74,99.57,0,28.72,296.8,37.34,0,0.96,2.87,99.57,4.79,14.36,115.8,0.65,0.94,1.91,45.95,20.59,0,35.35,50,0,0,0,0,66.67,70.59,50,32.81,37.5,40.63,0,40,96.83,50,62.5,67.08,100,85.95,0,48.39,78.09,60,71.43,100,60,53.33,85.95,0,16.67,0,37,17,0,47,63,0,2,0,20,6,5,151,68,14,0,0,0,16,198,70,34,17,161,12,2,1,0,0,1,7,6,2,0,0,3,46,6,121,1,2,62,29,13,120,1,1,5,48,99,21,6,64,26,6,40,0,35,397,65,0,11.34,5,0,5,256,82,0,5,7,6,10,9,1,21,61,10,111,10,108,6,104,0,30,310,39,0,1,3,104,5,15,121,0.68,0.98,2
FCS Bucureşti,"FCS Bucureşti - Petrolul 52, 1-1",2025-11-22 19:30:00,1,Home,11565,719,191642,4435361,5715811,2.9,28.06,0.97,67.74,76.45,126.8,93.87,0.97,8.71,25.16,7.74,5.81,130.7,59.03,20.32,0,0,0,22.74,23.23,211,89.03,24.19,10.65,190.7,9.68,0.97,0.97,0,0,0.97,0.97,0.97,0.97,0,0.97,2.9,43.55,5.81,187.7,17.42,1.94,26.03,30,28.06,13.55,3.87,45.48,110.3,38.71,18.39,95.81,42.58,1.94,44.52,0.97,31.94,18.43,541,62.9,0,64.6,20.32,390,0,1.94,11.61,5.81,18.39,5.81,0.97,36.77,70.65,13.55,101.6,19.35,152.9,5.81,170.3,10.65,17.42,458.7,49.35,0,0.97,1.94,170.3,3.87,44.52,187.7,1.37,0.42,0.97,44.83,34.43,0,42.2,44,0,0,0,5.263,0,77.05,52.29,40.4,79.17,44.44,0,21.05,92.41,53.85,83.33,80.2,100,90.72,61.11,58.06,84.79,78.46,33.33,100,50,39.13,90.72,0,10,3,29,13,1,70,79,0,1,9,26,8,6,135,61,21,0,0,0,24,218,92,25,11,197,10,1,1,0,0,1,1,1,1,0,1,3,45,6,194,18,2,31,29,14,131,1,1,4,47,114,40,19,99,44,2,46,1,33,559,65,0,4.49,5,0,21,403,97,0,2,12,6,19,6,1,38,73,14,105,20,158,6,176,11,18,474,51,0,1,2,176,4,46,194,1.42,0.43,1
Dinamo Bucureşti,"Oţelul - Dinamo Bucureşti, 2-1",2025-07-27 20:30:00,0,Away,11564,719,191642,4435361,5715701,0,30.28,0,44.58,55.51,102.6,79.91,1.68,2.52,18.5,3.36,5.89,103.5,35.33,10.93,0.84,0.84,0,9.61,11.78,140.5,61.4,30.28,16.82,160.7,5.05,3.36,2.52,0,0,1.68,4.21,4.21,1.68,0,0.84,2.52,37.85,5.89,159,15.14,0,30.7,26.07,23.55,10.93,0,22.71,69.81,19.35,6.73,51.31,22.71,0,21.87,0.84,38.69,18.6,447.5,56.36,0,61.7,21.03,350.8,0,4.21,6.73,5.89,13.46,8.41,0.84,22.71,53.83,10.09,77.38,9.25,130.4,5.89,145.5,13.46,14.3,385.2,44.58,0,0.84,2.52,145.5,3.36,27.76,159,2.62,0.87,2.52,55.56,30.95,100,43.71,55.56,0,0,0,6.25,0,64.29,49.7,37.7,57.14,44.26,0,37.5,96.97,54.55,78.57,81.15,100,91.53,88.89,54.84,86.09,79.1,50,100,75,36.36,91.53,0,50,0,36,20,0,53,66,0,2,3,22,4,7,123,42,13,1,1,0,14,167,73,36,20,191,6,4,3,0,0,2,5,5,2,0,1,3,45,7,189,18,0,31,28,13,122,1,1,0,27,83,23,8,61,27,0,26,1,46,532,67,0,7.96,8,0,25,417,95,0,5,8,7,16,10,1,27,64,12,92,11,155,7,173,16,17,458,53,0,1,3,173,4,33,189,3.12,1.04,3
CFR Cluj,"CFR Cluj - Rapid Bucureşti, 3-0",2025-11-23 19:30:00,3,Home,11611,719,191642,4435361,5715813,3,34,2,54,32,107,76,0,6,9,4,8,147,71,11,0,0,0,16.49,29,199,70,33,10,121,9,1,1,0,0,1,11,6,1,0,3,0,42,6,89,4,10,23.37,33,27,8,5,42,89,29,15,67,41,0,25,2,41,16.13,300,39,0,38.3,10,187,0,1,13,6,16,12,0,27,26,3,94,24,94,6,76,4,17,241,25,0,0,1,76,5,19,89,2.08,1.13,2,29.41,15.49,0,35.18,30.3,0,0,0,18.75,0,59.15,44.72,43.28,51.72,61.19,0,56.25,81.25,33.33,82.76,77.69,100,85.39,100,51.52,80.33,64.1,76.92,0,20,52.63,85.39,100,22.22,3,34,10,2,54,32,1,0,6,9,4,8,147,71,11,0,0,0,29,199,70,33,10,121,9,1,1,0,0,1,11,6,1,0,3,0,42,6,89,4,10,33,27,8,107,1,1,5,42,89,29,15,67,41,0,25,2,41,300,39,0,15.32,11,0,10,187,76,0,1,13,6,16,12,0,27,26,3,94,24,94,6,76,4,17,241,25,0,0,1,76,5,19,89,2.08,1.13,2
Universitatea Craiova,"Universitatea Craiova - Csikszereda Miercurea Ciuc, 5-0",2025-12-22 19:00:00,3,Home,26233,719,191642,4435361,5715841,0,21,5,64,111,88,71,0,3,25,8,1,70,37,11,1,0,0,5.24,20,123,60,21,10,207,6,2,0,0,0,1,1,1,1,0,5,2,12,6,246,6,0,18.14,42,12,3,0,27,71,31,17,53,36,2,29,4,13,16,684,78,0,70.4,24,575,0,1,11,6,17,2,2,37,105,11,49,20,180,6,221,6,29,615,57,0,0,1,221,4,30,246,1.98,0.09,0,47.62,29.73,0,48.78,47.62,0,0,0,29.41,50,72.97,57.72,58.49,85,67.92,0,52.94,94.59,44,100,86.96,100,89.84,100,69.05,89.91,73.08,81.82,0,25,60,89.84,100,0,0,21,10,5,64,111,1,0,3,25,8,1,70,37,11,1,0,0,20,123,60,21,10,207,6,2,0,0,0,1,1,1,1,0,5,2,12,6,246,6,0,42,12,3,88,1,1,0,27,71,31,17,53,36,2,29,4,13,684,78,0,12.63,4,0,24,575,71,0,1,11,6,17,2,2,37,105,11,49,20,180,6,221,6,29,615,57,0,0,1,221,4,30,246,1.98,0.09,0
CFR Cluj,"Metaloglobus - CFR Cluj, 1-1",2025-09-13 20:30:00,1,Away,11611,719,191642,4435361,5715746,0.88,20.29,0,45.88,52.94,97.06,72.35,0.88,6.18,17.65,3.53,1.76,107.7,53.82,12.35,0,0,0,18.93,15,177.3,67.06,14.12,6.18,156.2,6.18,1.76,1.76,0,0,0.88,4.41,4.41,0.88,0,0.88,2.65,33.53,6.18,140.3,0.88,2.65,22.25,39.71,23.82,10.59,6.18,33.53,75,21.18,7.06,79.41,34.41,1.76,30.88,1.76,17.65,15.92,416.5,61.76,1.76,51,11.47,291.2,0,1.76,7.06,6.18,13.24,6.18,0,22.94,51.18,7.94,76.76,12.35,115.6,5.29,127.1,0.88,19.41,346.8,37.94,0.88,0,0,127.1,0,21.18,140.3,2.44,0.77,0.88,47.83,22.95,0,37.81,43.75,0,0,0,6.667,33.33,62.3,42.29,26.67,47.06,43.33,50,60,96.67,45,82.35,74.01,85.71,90.57,100,48.89,83.26,61.43,62.5,0,0,41.67,90.57,0,14.29,1,23,11,0,52,60,0,1,7,20,4,2,122,61,14,0,0,0,17,201,76,16,7,177,7,2,2,0,0,1,5,5,1,0,1,3,38,7,159,1,3,45,27,12,110,1,1,7,38,85,24,8,90,39,2,35,2,20,472,70,2,11.34,0,0,13,330,82,0,2,8,7,15,7,0,26,58,9,87,14,131,6,144,1,22,393,43,1,0,0,144,0,24,159,2.77,0.87,1
FCS Bucureşti,"CFR Cluj - FCS Bucureşti, 2-2",2025-08-31 20:30:00,1,Away,11565,719,191642,4435361,5715736,0,22.94,0.88,55.59,52.06,92.65,83.82,1.76,5.29,20.29,4.41,2.65,88.24,40.59,12.35,0.88,0,0,17.18,13.24,129.7,45.88,21.18,11.47,142.9,7.94,3.53,1.76,0,0,0.88,0,0,3.53,0,1.76,5.29,24.71,6.18,191.5,4.41,0.88,31.13,39.71,15,5.29,2.65,24.71,60,18.53,5.29,51.18,16.76,0.88,35.29,2.65,21.18,18.37,465.9,53.82,0.88,58,9.71,363.5,0,2.65,14.12,6.18,18.53,9.71,3.53,19.41,46.76,7.94,60.88,7.94,112.1,6.18,172.1,1.76,18.53,399.7,40.59,0.88,1.76,0.88,172.1,3.53,19.41,191.5,2.08,0.98,2.65,50,30.43,0,35.37,54.17,0,0,0,9.524,16.67,60.87,46.26,36.21,40,32.76,100,23.81,89.83,39.13,60,78.4,100,89.86,40,46.67,85.8,75.41,37.5,50,25,31.82,89.86,0,33.33,0,26,13,1,63,59,0,2,6,23,5,3,100,46,14,1,0,0,15,147,52,24,13,162,9,4,2,0,0,1,0,0,4,0,2,6,28,7,217,5,1,45,17,6,105,1,1,3,28,68,21,6,58,19,1,40,3,24,528,61,1,8.07,2,0,11,412,95,0,3,16,7,21,11,4,22,53,9,69,9,127,7,195,2,21,453,46,1,2,1,195,4,22,217,2.36,1.11,3
Universitatea Cluj,"Universitatea Craiova - Universitatea Cluj, 2-1",2025-07-28 20:30:00,0,Away,60374,719,191642,4435361,5715703,3.53,35.29,0.88,51.18,45,96.18,63.53,1.76,4.41,14.12,4.41,8.82,153.5,73.24,11.47,0,0,0,16.58,25.59,190.6,62.65,33.53,16.76,111.2,12.35,0,0,0,0,0,7.94,6.18,2.65,0,0.88,2.65,45,6.18,75.88,9.71,4.41,23.5,34.41,19.41,7.06,10.59,45,95.29,26.47,16.76,62.65,27.35,0,9.71,1.76,45.88,17.38,279.7,20.29,0,39.6,16.76,176.5,0,4.41,7.06,6.18,11.47,19.41,0,28.24,43.24,5.29,106.8,18.53,75,5.29,63.53,7.94,14.12,217.9,13.24,0,0,0,63.53,0,23.82,75.88,1.62,2.29,1.76,47.5,15.66,0,32.87,50,0,0,0,7.692,100,61.45,50,42.25,65.52,43.66,0,53.85,96.08,37.5,72.41,67.46,85.71,83.72,81.82,41.03,77.92,65.22,75,0,0,51.85,83.72,0,14.29,4,40,19,1,58,51,0,2,5,16,5,10,174,83,13,0,0,0,29,216,71,38,19,126,14,0,0,0,0,0,9,7,3,0,1,3,51,7,86,11,5,39,22,8,109,1,1,12,51,108,30,19,71,31,0,11,2,52,317,23,0,18.65,46,0,19,200,72,0,5,8,7,13,22,0,32,49,6,121,21,85,6,72,9,16,247,15,0,0,0,72,0,27,86,1.84,2.59,2
Petrolul 52,"Petrolul 52 - Csikszereda Miercurea Ciuc, 1-1",2026-03-01 14:45:00,1,Home,60390,719,191642,4435361,5715905,4.5,32.4,0,50.4,63.9,126,89.1,0.9,9,24.3,4.5,2.7,128.7,60.3,17.1,0,0,0,11.41,16.2,181.8,85.5,32.4,20.7,162,14.4,0.9,0.9,0,0,0,2.7,2.7,1.8,0,0.9,0.9,36,6.3,153.9,5.4,0,25.03,47.7,30.6,15.3,9.9,34.2,97.2,27,9.9,58.5,32.4,0.9,28.8,0,34.2,17.36,454.5,69.3,0,66,18.9,323.1,0,2.7,6.3,6.3,9.9,5.4,0,21.6,58.5,8.1,90.9,12.6,116.1,6.3,136.8,4.5,32.4,366.3,50.4,0,0,0.9,136.8,2.7,25.2,153.9,0.83,1.09,1.8,63.89,28.36,0,47.03,63.89,0,0,0,9.091,0,56.72,53.47,46.15,61.11,55.38,0,36.36,91.55,33.33,77.78,71.67,100,88.89,83.33,67.92,80.59,72.73,57.14,0,33.33,32.14,88.89,0,12.5,5,36,23,0,56,71,0,1,10,27,5,3,143,67,19,0,0,0,18,202,95,36,23,180,16,1,1,0,0,0,3,3,2,0,1,1,40,7,171,6,0,53,34,17,140,1,1,11,38,108,30,11,65,36,1,32,0,38,505,77,0,4.53,11,0,21,359,99,0,3,7,7,11,6,0,24,65,9,101,14,129,7,152,5,36,407,56,0,0,1,152,3,28,171,0.92,1.21,2
Csikszereda Miercurea Ciuc,"Csikszereda Miercurea Ciuc - Farul Constanţa, 1-1",2026-03-21 16:30:00,1,Home,22731,719,191642,4437511,5823756,0,26.36,0,50.91,46.36,114.5,75.45,0.91,4.55,11.82,4.55,4.55,118.2,52.73,8.18,0,0,0,21.13,23.64,166.4,58.18,25.45,8.18,120,11.82,4.55,0,0,0,1.82,4.55,3.64,2.73,0,0.91,0.91,39.09,6.36,126.4,9.09,3.64,22.41,48.18,26.36,14.55,10.91,27.27,73.64,22.73,11.82,60.91,26.36,0.91,26.36,2.73,30.91,19.5,330,44.55,0,49,12.73,216.4,0,6.36,7.27,6.36,14.55,10.91,0.91,21.82,43.64,4.55,75.45,13.64,84.55,6.36,110,8.18,30,264.6,30.91,0,0,0.91,110,5.45,20.91,126.4,1.27,1.29,0.91,34.48,15.52,0,34.97,32.14,0,0,0,6.25,100,51.72,44.26,37.31,50,43.28,0,37.5,94.12,38.46,57.69,70.45,100,87.05,90,62.26,80.17,69.39,62.5,0,16.67,34.78,87.05,0,7.692,0,29,10,0,56,51,0,1,5,13,5,5,130,58,9,0,0,0,26,183,64,28,9,132,13,5,0,0,0,2,5,4,3,0,1,1,43,7,139,10,4,53,29,16,126,1,1,12,30,81,25,13,67,29,1,29,3,34,363,49,0,12.08,4,0,14,238,83,0,7,8,7,16,12,1,24,48,5,83,15,93,7,121,9,33,291,34,0,0,1,121,6,23,139,1.4,1.42,1
Dinamo Bucureşti,"Dinamo Bucureşti - Argeș, 0-1",2026-03-01 17:00:00,0,Home,11564,719,191642,4435361,5715906,0.91,40.91,0,44.55,62.73,113.6,88.18,0.91,3.64,11.82,2.73,2.73,135.4,60.91,13.64,0,0,0,35.04,22.73,188.2,66.36,34.55,11.82,199.1,10.91,5.45,1.82,0,0,1.82,3.64,3.64,3.64,0,0,0.91,33.64,6.36,127.3,9.09,0,23.39,41.82,26.36,9.09,0.91,42.73,87.27,21.82,10,60,30,2.73,27.27,0,37.27,17.14,483.6,53.64,0,59.6,15.45,349.1,0,5.45,4.55,6.36,10,6.36,0,17.27,60,3.64,90,16.36,144.6,5.45,116.4,6.36,17.27,400,35.45,0,0,0.91,116.4,7.27,20,127.3,1.3,0.57,0.91,33.33,22.39,0,35.27,34.21,0,0,0,0,100,70.15,46.38,36.36,44,50,0,36.36,95.65,30.77,72,72.6,85.71,91.43,70,41.3,82.71,66.1,60,0,12.5,22.73,91.43,0,8.333,1,45,15,0,49,69,0,1,4,13,3,3,149,67,15,0,0,0,25,207,73,38,13,219,12,6,2,0,0,2,4,4,4,0,0,1,37,7,140,10,0,46,29,10,125,1,1,1,47,96,24,11,66,33,3,30,0,41,532,59,0,5.7,1,0,17,384,97,0,6,5,7,11,7,0,19,66,4,99,18,159,6,128,7,19,440,39,0,0,1,128,8,22,140,1.43,0.63,1
Rapid Bucureşti,"Csikszereda Miercurea Ciuc - Rapid Bucureşti, 0-2",2025-07-25 21:00:00,3,Away,11566,719,191642,4435361,5715697,2.73,14.55,0.91,49.09,108.2,82.73,57.27,0,2.73,12.73,3.64,5.45,98.18,60,10.91,0,0,0,24.98,22.73,144.6,60.91,14.55,9.09,169.1,9.09,0,0,0,0,0.91,4.55,3.64,4.55,0,1.82,0.91,23.64,6.36,212.7,26.36,3.64,33.43,47.27,19.09,11.82,6.36,36.36,80.91,23.64,15.45,50.91,29.09,1.82,17.27,2.73,25.45,20.23,566.4,71.82,0,61.8,25.45,480.9,0,4.55,9.09,6.36,12.73,15.45,0.91,28.18,107.3,5.45,69.09,18.18,140,6.36,200,22.73,30.91,513.6,58.18,0,0.91,0.91,200,2.73,24.55,212.7,2.59,1.54,1.82,62.5,18.18,0,42.14,62.5,0,0,0,14.29,0,60.61,55.97,46.43,68,57.14,0,50,99.16,42.86,80,82.8,100,94.02,86.21,65.38,90.69,81.01,70,100,33.33,59.26,94.02,100,20,3,16,10,1,54,119,1,0,3,14,4,6,108,66,12,0,0,0,25,159,67,16,10,186,10,0,0,0,0,1,5,4,5,0,2,1,26,7,234,29,4,52,21,13,91,1,1,7,40,89,26,17,56,32,2,19,3,28,623,79,0,18.5,10,0,28,529,63,0,5,10,7,14,17,1,31,118,6,76,20,154,7,220,25,34,565,64,0,1,1,220,3,27,234,2.85,1.69,2
Universitatea Craiova,"Universitatea Craiova - UTA Arad, 1-2",2025-11-09 16:30:00,0,Home,26233,719,191642,4435361,5715803,4.59,32.14,0.92,66.12,62.45,100.1,83.57,1.84,13.78,29.39,1.84,2.76,102.9,52.35,18.37,0.92,0,0,13.45,17.45,176.3,79.9,27.55,20.2,157,11.02,0.92,0,0,0,0,2.76,1.84,0,0,0.92,8.27,18.37,6.43,220.4,12.86,0.92,28.77,46.84,33.98,13.78,11.02,30.31,89.08,22.04,13.78,57.86,24.8,1.84,27.55,1.84,17.45,20.48,515.2,66.12,0,69.4,32.14,396.7,0.92,3.67,14.69,6.43,18.37,3.67,0.92,25.71,60.61,7.35,71.63,14.69,123.1,6.43,199.3,12.86,32.14,443.6,49.59,0,0.92,2.76,199.3,2.76,28.47,220.4,2.27,0.28,2.76,71.43,35.09,0,45.31,73.33,0,0,0,5,33.33,57.89,50.52,38.1,78.95,42.86,0,20,97.06,25,84.21,78.36,100,90.42,100,68.63,86.1,75,50,100,100,35.48,90.42,0,25,5,35,25,1,72,68,0,2,15,32,2,3,112,57,20,1,0,0,19,192,87,30,22,171,12,1,0,0,0,0,3,2,0,0,1,9,20,7,240,14,1,51,37,15,109,1,1,12,33,97,24,15,63,27,2,30,2,19,561,72,0,6.1,8,0,35,432,91,1,4,16,7,20,4,1,28,66,8,78,16,134,7,217,14,35,483,54,0,1,3,217,3,31,240,2.47,0.3,3
Dinamo Bucureşti,"Dinamo Bucureşti - Csikszereda Miercurea Ciuc, 4-0",2025-11-08 16:30:00,3,Home,11564,719,191642,4435361,5715807,2.81,26.25,2.81,66.56,58.13,80.63,60.94,0,8.44,14.06,6.56,0,121.9,58.13,10.31,0.94,0.94,0,12.8,33.75,178.1,71.25,18.75,9.38,146.2,9.38,2.81,0.94,0,0,0,10.31,10.31,0,0,3.75,2.81,37.5,6.56,154.7,5.63,4.69,28.34,28.13,23.44,7.5,2.81,32.81,78.75,26.25,17.81,70.31,41.25,0.94,26.25,0,19.69,18.09,444.4,42.19,0.94,61.4,16.88,332.8,0,5.63,12.19,6.56,17.81,5.63,0.94,32.81,54.38,3.75,82.5,28.13,119.1,6.56,140.6,5.63,17.81,388.1,27.19,0.94,0,0.94,140.6,3.75,26.25,154.7,3.43,0.23,1.88,46.43,17.74,100,40,50,0,0,0,21.05,100,56.45,44.21,37.33,52.78,58.67,100,63.16,93.55,26.67,83.33,81.41,100,90.91,100,63.33,87.34,64.44,76.92,0,25,53.57,90.91,100,20,3,28,13,3,71,62,1,0,9,15,7,0,130,62,11,1,1,0,36,190,76,20,10,156,10,3,1,0,0,0,11,11,0,0,4,3,40,7,165,6,5,30,25,8,86,1,1,3,35,84,28,19,75,44,1,28,0,21,474,45,1,9.2,4,0,18,355,65,0,6,13,7,19,6,1,35,58,4,88,30,127,7,150,6,19,414,29,1,0,1,150,4,28,165,3.66,0.25,2
Dinamo Bucureşti,"Dinamo Bucureşti - Universitatea Cluj, 1-0",2026-01-18 19:30:00,3,Home,11564,719,191642,4435361,5715853,4.69,22.5,0.94,80.63,71.25,91.88,92.81,0,5.63,20.63,10.31,1.88,127.5,81.56,20.63,0.94,0,0,22.06,33.75,204.4,83.44,22.5,12.19,152.8,8.44,1.88,0.94,0,0,0,3.75,3.75,5.63,0,0.94,1.88,23.44,6.56,135.9,5.63,2.81,28.69,39.38,24.38,11.25,12.19,61.88,109.7,24.38,13.13,75.94,39.38,2.81,38.44,0,27.19,17.74,461.2,45,0,50,25.31,345,0,1.88,12.19,6.56,22.5,9.38,3.75,30,69.38,5.63,97.5,23.44,120,6.56,118.1,4.69,23.44,390.9,39.38,0,1.88,1.88,118.1,4.69,43.13,135.9,3.39,1.57,0.94,54.17,25.29,0,40.83,54.17,0,0,0,4.167,50,75.86,53.67,32.1,38.89,51.85,0,41.67,97.37,27.27,69.44,78.53,100,86.9,83.33,59.52,84.76,87.5,38.46,50,40,39.13,86.9,100,11.11,5,24,13,1,86,76,1,0,6,22,11,2,136,87,22,1,0,0,36,218,89,24,13,163,9,2,1,0,0,0,4,4,6,0,1,2,25,7,145,6,3,42,26,12,98,1,1,13,66,117,26,14,81,42,3,41,0,29,492,48,0,10.85,6,0,27,368,99,0,2,13,7,24,10,4,32,74,6,104,25,128,7,126,5,25,417,42,0,2,2,126,5,46,145,3.62,1.68,1
Petrolul 52,"Petrolul 52 - Unirea Slobozia, 1-0",2026-02-03 15:00:00,3,Home,60390,719,191642,4435361,5715879,0,39.49,0.92,68.88,67.96,130.4,95.51,0,12.86,26.63,7.35,3.67,109.3,43.16,18.37,0,0,0,23.26,17.45,173.6,70.71,38.57,19.29,176.3,5.51,1.84,0.92,0,0,0.92,4.59,4.59,3.67,0,0.92,5.51,26.63,7.35,184.6,7.35,0,24.24,54.18,31.22,13.78,2.76,34.9,85.41,17.45,7.35,59.69,19.29,0.92,38.57,0.92,31.22,18.65,489.5,76.22,0,64.6,13.78,345.3,0,4.59,13.78,7.35,23.88,7.35,0.92,22.96,63.37,6.43,80.82,9.18,128.6,6.43,159.8,6.43,33.98,394,54.18,0,0.92,1.84,159.8,4.59,32.14,184.6,3.17,0.62,0.92,48.84,42.55,0,40.74,50,0,0,0,3.846,66.67,80.85,49.21,29.23,42.11,32.31,0,34.62,93.24,24.14,52.63,72.92,87.5,86.57,87.5,62.71,80.49,71.08,60,100,40,34.29,86.57,100,16.67,0,43,21,1,75,74,1,0,14,29,8,4,119,47,20,0,0,0,19,189,77,42,21,192,6,2,1,0,0,1,5,5,4,0,1,6,29,8,201,8,0,59,34,15,142,1,1,3,38,93,19,8,65,21,1,42,1,34,533,83,0,7.28,6,0,15,376,104,0,5,15,8,26,8,1,25,69,7,88,10,140,7,174,7,37,429,59,0,1,2,174,5,35,201,3.45,0.67,1
Universitatea Cluj,"Csikszereda Miercurea Ciuc - Universitatea Cluj, 2-1",2025-10-04 14:00:00,0,Away,60374,719,191642,4435361,5715769,0,36.19,0.93,85.36,78.87,92.78,79.79,1.86,7.42,37.11,1.86,1.86,122.5,59.38,13.92,0,0,0,24.27,29.69,202.3,85.36,30.62,17.63,188.3,8.35,0.93,0.93,0,0,0,5.57,4.64,2.78,0,0.93,3.71,26.91,7.42,193.9,2.78,0.93,22.44,33.4,25.05,9.28,5.57,38.04,97.42,32.47,19.48,81.65,44.54,1.86,35.26,0.93,17.63,18.45,537.2,67.73,0,71.4,23.2,409.2,0,4.64,9.28,7.42,15.77,10.21,2.78,39.9,76.08,12.99,82.58,25.05,159.6,7.42,169.8,2.78,19.48,472.3,60.31,0,1.86,1.86,169.8,3.71,26.91,193.9,1.28,1.04,0.93,48.72,23.44,0,42.2,57.58,0,0,0,5.882,25,64.06,48.17,39.77,65.63,54.55,0,35.29,96.47,35,84.38,84.73,100,87.56,100,58.33,87.91,89.04,60,66.67,50,41.38,87.56,0,11.11,0,39,19,1,92,85,0,2,8,40,2,2,132,64,15,0,0,0,32,218,92,33,19,203,9,1,1,0,0,0,6,5,3,0,1,4,29,8,209,3,1,36,27,10,100,1,1,6,41,105,35,21,88,48,2,38,1,19,579,73,0,4.89,1,0,25,441,86,0,5,10,8,17,11,3,43,82,14,89,27,172,8,183,3,21,509,65,0,2,2,183,4,29,209,1.38,1.12,1
FCS Bucureşti,"FCS Bucureşti - Metaloglobus, 4-1",2026-02-23 19:00:00,3,Home,11565,719,191642,4435361,5715899,1.88,24.38,2.81,68.44,80.63,93.75,67.5,0.94,8.44,18.75,7.5,4.69,95.63,44.06,6.56,0,0,0,15.28,18.75,136.9,63.75,22.5,17.81,175.3,5.63,3.75,0.94,0,0,0,2.81,2.81,1.88,0,3.75,4.69,27.19,7.5,202.5,9.38,2.81,23.9,28.13,17.81,7.5,5.63,28.13,74.06,19.69,11.25,50.63,30.94,1.88,34.69,0.94,21.56,16.44,569.1,59.06,0,64.6,14.06,458.4,0,0.94,15.94,7.5,25.31,6.56,5.63,30.94,78.75,6.56,74.06,16.88,154.7,7.5,180.9,9.38,17.81,502.5,55.31,0,3.75,3.75,180.9,5.63,38.44,202.5,4.78,0.43,0,76.92,14.89,0,46.58,79.17,0,0,0,14.81,0,63.83,54.11,38.89,60,61.11,0,37.04,97.67,35,90,88.24,100,89.35,100,63.33,88.3,93.65,58.82,66.67,66.67,34.15,89.35,100,0,2,26,20,3,73,86,0,1,9,20,8,5,102,47,7,0,0,0,20,146,68,24,19,187,6,4,1,0,0,0,3,3,2,0,4,5,29,8,216,10,3,30,19,8,100,1,1,6,30,79,21,12,54,33,2,37,1,23,607,63,0,8.08,6,0,15,489,72,0,1,17,8,27,7,6,33,84,7,79,18,165,8,193,10,19,536,59,0,4,4,193,6,41,216,5.1,0.46,0
UTA Arad,"UTA Arad - Dinamo Bucureşti, 2-0",2025-12-20 19:00:00,3,Home,30817,719,191642,4435361,5715842,2.87,39.26,1.91,41.17,38.3,97.66,67.98,0,4.79,13.4,2.87,0.96,136,63.19,18.19,0,0,0,16.24,15.32,190.5,72.77,39.26,18.19,101.5,14.36,3.83,0,0,0,0.96,5.74,5.74,1.91,0,1.91,2.87,33.51,7.66,67.98,1.91,5.74,30.5,48.83,27.77,11.49,1.91,46.91,99.57,22.98,10.53,60.32,24.89,1.91,26.81,3.83,28.72,21.43,242.2,31.6,0,33.3,12.45,142.7,0,0,8.62,7.66,12.45,5.74,0,22.02,34.47,5.74,98.62,12.45,71.81,6.7,49.79,1.91,24.89,181.9,18.19,0,0,0.96,49.79,1.91,19.15,67.98,1.62,0.51,0.96,46.34,28.79,0,38.19,46.34,0,0,0,15.38,33.33,74.24,52.26,38.1,68.75,41.27,0,46.15,90,42.86,81.25,70.75,87.5,73.24,100,50.98,75.1,57.58,77.78,0,50,50,73.24,100,6.667,3,41,19,2,43,40,1,0,5,14,3,1,142,66,19,0,0,0,16,199,76,41,19,106,15,4,0,0,0,1,6,6,2,0,2,3,35,8,71,2,6,51,29,12,102,1,1,2,49,104,24,11,63,26,2,28,4,30,253,33,0,15.6,4,0,13,149,71,0,0,9,8,13,6,0,23,36,6,103,13,75,7,52,2,26,190,19,0,0,1,52,2,20,71,1.69,0.53,1
Universitatea Craiova,"Universitatea Craiova - Unirea Slobozia, 3-1",2025-10-18 16:30:00,3,Home,26233,719,191642,4435361,5715782,0.89,21.39,1.78,57.03,78.42,96.24,69.5,0.89,9.8,27.62,4.46,7.13,111.4,52.57,15.15,0,0,0,18.46,13.37,152.4,61.49,17.82,8.91,151.5,11.58,0,0,0,0,0,2.67,2.67,2.67,0,2.67,2.67,37.43,8.02,241.5,8.91,0,30.29,40.99,24.06,10.69,8.91,37.43,74.85,16.04,5.35,54.36,24.95,1.78,27.62,0.89,26.73,21.79,514.2,78.42,0,65.3,15.15,414.4,0,2.67,9.8,8.02,15.15,6.24,0.89,24.06,71.29,10.69,85.54,7.13,123,8.02,221,6.24,25.84,446.4,65.05,0,0.89,1.78,221,3.56,25.84,241.5,1.89,1.51,0.89,50,28.81,0,40.35,50,0,0,0,17.65,66.67,71.19,49.12,29.51,40,45.9,0,47.06,90.91,38.71,53.33,81.18,100,91.51,70,63.04,86.83,82.95,54.55,100,50,41.38,91.51,100,7.692,1,24,12,2,64,88,0,1,11,31,5,8,125,59,17,0,0,0,15,171,69,20,10,170,13,0,0,0,0,0,3,3,3,0,3,3,42,9,271,10,0,46,27,12,108,1,1,10,42,84,18,6,61,28,2,31,1,30,577,88,0,4.83,4,0,17,465,78,0,3,11,9,17,7,1,27,80,12,96,8,138,9,248,7,29,501,73,0,1,2,248,4,29,271,2.12,1.69,1
Dinamo Bucureşti,"Dinamo Bucureşti - Metaloglobus, 4-0",2025-12-14 16:45:00,3,Home,11564,719,191642,4435361,5715835,2.7,29.7,2.7,48.6,70.2,101.7,75.6,0,3.6,18,9,3.6,122.4,61.2,16.2,0,0,0,11.83,16.2,158.4,69.3,29.7,18,143.1,5.4,1.8,0,0,0,1.8,5.4,5.4,2.7,0,3.6,1.8,31.5,8.1,146.7,1.8,4.5,24.75,36,15.3,9.9,0.9,45.9,90.9,17.1,10.8,52.2,25.2,1.8,27.9,0.9,29.7,17.01,470.7,50.4,0,56.5,13.5,362.7,0,1.8,9.9,8.1,14.4,9.9,0,21.6,66.6,5.4,95.4,13.5,105.3,8.1,128.7,0.9,23.4,399.6,36,0,0,0.9,128.7,0.9,26.1,146.7,2.33,0.62,0,60.61,26.47,0,43.75,60.61,0,0,0,25,100,75,57.39,32.76,66.67,48.28,0,37.5,94.87,30,83.33,73.58,100,87.73,50,65,84.89,71.43,54.55,0,100,48.28,87.73,100,0,3,33,20,3,54,78,1,0,4,20,10,4,136,68,18,0,0,0,18,176,77,33,20,159,6,2,0,0,0,2,6,6,3,0,4,2,35,9,163,2,5,40,17,11,113,1,1,1,51,101,19,12,58,28,2,31,1,33,523,56,0,9.33,2,0,15,403,84,0,2,11,9,16,11,0,24,74,6,106,15,117,9,143,1,26,444,40,0,0,1,143,1,29,163,2.59,0.69,0
Botoşani,"Botoşani - Universitatea Cluj, 1-3",2026-02-20 19:00:00,0,Home,11634,719,191642,4435361,5715901,3.64,24.55,0.91,56.36,53.64,144.6,98.18,2.73,8.18,18.18,4.55,3.64,118.2,60,12.73,0,0,0,16.33,22.73,180,67.27,24.55,7.27,200,8.18,2.73,0,0,0,0,7.27,6.36,0,0,0.91,0.91,33.64,8.18,129.1,4.55,0,28.9,56.36,26.36,13.64,3.64,38.18,93.64,34.55,13.64,69.09,33.64,0.91,38.18,0,33.64,16.98,473.6,60,0,66.7,14.55,312.7,0,7.27,8.18,8.18,13.64,8.18,1.82,25.45,44.55,6.36,79.09,13.64,150.9,8.18,112.7,2.73,26.36,372.7,40,0,0.91,1.82,112.7,4.55,33.64,129.1,1.26,0.75,0.91,29.63,21.21,0,37.37,29.63,0,0,0,6.667,100,63.64,52.02,50,60,48.68,0,33.33,83.05,35,60,75.45,100,87.32,60,46.77,78.69,66.67,55.56,50,40,45.95,87.32,0,11.11,4,27,8,1,62,59,0,3,9,20,5,4,130,66,14,0,0,0,25,198,74,27,8,220,9,3,0,0,0,0,8,7,0,0,1,1,37,9,142,5,0,62,29,15,159,1,1,4,42,103,38,15,76,37,1,42,0,37,521,66,0,6.1,5,0,16,344,108,0,8,9,9,15,9,2,28,49,7,87,15,166,9,124,3,29,410,44,0,1,2,124,5,37,142,1.39,0.83,1
FCS Bucureşti,"FCS Bucureşti - Metaloglobus, 0-0",2026-03-15 19:30:00,1,Home,11565,719,191642,4437511,5822251,0.91,37.27,0,89.09,88.18,109.1,84.55,0,12.73,32.73,9.09,2.73,86.36,31.82,8.18,0,0,0,15.39,31.82,161.8,85.45,36.36,18.18,195.4,3.64,2.73,0.91,0,0,0,0.91,0.91,1.82,0,0,5.45,17.27,8.18,246.4,2.73,0,18.51,37.27,24.55,16.36,8.18,23.64,90,31.82,18.18,68.18,42.73,0,48.18,0,14.55,18.53,630,85.45,0,73.1,20.91,494.6,0,1.82,15.45,8.18,22.73,3.64,1.82,40,80,14.55,59.09,27.27,161.8,8.18,222.7,1.82,28.18,550,70.91,0,0,0.91,222.7,2.73,45.45,246.4,2.43,0.15,0.91,48.78,25.71,0,52.81,50,0,0,0,0,16.67,74.29,55.62,46.67,57.14,62.67,0,32,90.72,44.44,85.71,82.79,100,90.41,66.67,75.61,87.3,82.98,58.82,0,33.33,34,90.41,0,25,1,41,20,0,98,97,1,0,14,36,10,3,95,35,9,0,0,0,35,178,94,40,20,215,4,3,1,0,0,0,1,1,2,0,0,6,19,9,271,3,0,41,27,18,120,1,1,9,26,99,35,20,75,47,0,53,0,16,693,94,0,11.44,1,0,23,544,93,0,2,17,9,25,4,2,44,88,16,65,30,178,9,245,2,31,605,78,0,0,1,245,3,50,271,2.67,0.16,1
FCS Bucureşti,"Unirea Slobozia - FCS Bucureşti, 0-2",2025-12-15 19:30:00,3,Away,11565,719,191642,4435361,5715834,2.78,30.62,0.93,48.25,94.64,115,82.58,0,5.57,22.27,6.49,2.78,110.4,45.46,14.85,0.93,0,0,11.21,6.49,145.7,61.24,30.62,13.92,199.5,8.35,1.86,0,0,0,0,0.93,0.93,0,0,1.86,3.71,34.33,8.35,259.8,12.99,0.93,25.89,62.16,24.12,9.28,5.57,29.69,70.52,17.63,3.71,45.46,23.2,1.86,39.9,0.93,24.12,17.84,639.3,70.52,0,72,13.92,502.9,0,1.86,13.92,8.35,17.63,3.71,1.86,19.48,86.29,10.21,77.94,2.78,151.2,8.35,237.5,10.21,38.04,547.4,55.67,0,0.93,0,237.5,2.78,41.75,259.8,2.81,0.26,0.93,45.45,32.65,0,42.04,45.45,0,0,0,10.53,50,65.31,48.41,38.78,57.14,51.02,0,26.32,91.18,45.83,42.86,75.81,100,91.43,78.57,61.19,85.63,78.95,40,50,0,53.33,91.43,100,11.11,3,33,15,1,52,102,1,0,6,24,7,3,119,49,16,1,0,0,7,157,66,33,15,215,9,2,0,0,0,0,1,1,0,0,2,4,37,9,280,14,1,67,26,10,124,1,1,6,32,76,19,4,49,25,2,43,1,26,689,76,0,4.95,4,0,15,542,89,0,2,15,9,19,4,2,21,93,11,84,3,163,9,256,11,41,590,60,0,1,0,256,3,45,280,3.03,0.28,1
Oţelul,"Oţelul - Argeș, 2-1",2025-12-20 16:00:00,3,Home,11571,719,191642,4435361,5715844,3.83,35.43,1.91,63.19,72.77,125.4,89.04,0.96,3.83,18.19,8.62,6.7,136,53.62,8.62,0,0,0,40.03,23.94,182.9,77.55,30.64,15.32,186.7,13.4,1.91,0.96,0,0,0,3.83,3.83,4.79,0,1.91,1.91,46.91,8.62,117.8,17.23,0,28.06,44.04,34.47,19.15,5.74,29.68,90.96,23.94,12.45,59.36,31.6,0,24.89,0,46.91,15.18,471.1,41.17,0,61.9,11.49,337,0,3.83,13.4,8.62,19.15,11.49,1.91,30.64,68.94,6.7,94.79,17.23,137.9,8.62,104.4,12.45,23.94,390.6,31.6,0,0.96,2.87,104.4,6.7,26.81,117.8,1.66,1.46,1.91,51.35,16.07,0,42.41,50,0,0,0,10,50,55.36,49.74,40.32,52,53.23,0,55,94.74,36.84,72,73.85,100,88.62,72.22,54.35,82.93,76.74,71.43,50,42.86,57.14,88.62,100,14.29,4,37,19,2,66,76,0,1,4,19,9,7,142,56,9,0,0,0,25,191,81,32,16,195,14,2,1,0,0,0,4,4,5,0,2,2,49,9,123,18,0,46,36,20,131,1,1,6,31,95,25,13,62,33,0,26,0,49,492,43,0,6.74,5,0,12,352,93,0,4,14,9,20,12,2,32,72,7,99,18,144,9,109,13,25,408,33,0,1,3,109,7,28,123,1.73,1.53,2
Oţelul,"Hermannstadt - Oţelul, 1-3",2025-11-02 16:45:00,3,Away,11571,719,191642,4435361,5715794,0,32.47,1.86,67.73,83.51,92.78,77.01,0.93,9.28,28.76,4.64,2.78,114.1,43.61,10.21,0,0,0,20.27,18.56,159.6,75.15,29.69,15.77,153.1,7.42,0.93,0.93,0,0,0.93,4.64,4.64,1.86,0,2.78,0.93,38.04,11.13,239.4,16.7,0.93,30.37,51.96,29.69,16.7,12.06,27.84,80.72,19.48,9.28,53.81,31.55,1.86,25.05,0.93,30.62,18.53,580.8,56.6,0.93,70.8,16.7,461.1,0,4.64,12.99,11.13,17.63,7.42,2.78,24.12,80.72,9.28,82.58,14.85,112.3,10.21,222.7,12.06,26.91,508.4,38.04,0.93,0,2.78,222.7,12.99,30.62,239.4,3.68,0.68,0.93,51.43,23.4,0,47.09,53.13,0,0,0,15.79,0,63.83,50.58,36.21,50,58.62,100,31.58,96.67,32.26,80,73.33,91.67,93.02,72.22,51.79,87.54,67.21,57.14,0,21.43,39.39,93.02,100,12.5,0,35,18,2,73,90,0,1,10,31,5,3,123,47,11,0,0,0,20,172,81,32,17,165,8,1,1,0,0,1,5,5,2,0,3,1,41,12,258,18,1,56,32,18,100,1,1,13,30,87,21,10,58,34,2,27,1,33,626,61,1,6.8,5,0,18,497,83,0,5,14,12,19,8,3,26,87,10,89,16,121,11,240,13,29,548,41,1,0,3,240,14,33,258,3.97,0.73,1
CFR Cluj,"CFR Cluj - Botoşani, 3-3",2025-08-17 17:30:00,1,Home,11611,719,191642,4435361,5715720,0,48.18,2.73,60.91,40,113.6,103.6,2.73,10.91,18.18,11.82,1.82,126.4,46.36,16.36,0,0,0,5.82,18.18,202.7,97.27,46.36,28.18,138.2,6.36,1.82,1.82,0,0,0.91,1.82,1.82,0,0,2.73,6.36,31.82,12.73,97.27,3.64,0,33.1,44.55,39.09,16.36,4.55,35.45,109.1,28.18,9.09,69.09,35.45,5.45,34.55,0,24.55,18.95,331.8,52.73,0,51.2,12.73,203.6,0,1.82,21.82,12.73,24.55,5.45,0,33.64,35.45,10.91,96.36,13.64,100.9,11.82,79.09,3.64,27.27,258.2,34.55,0,0,0.91,79.09,2.73,30.91,97.27,2.06,1.04,1.82,60.38,35.29,0,47.98,60.78,0,0,0,11.11,28.57,76.47,53.81,40.79,50,51.32,0,55.56,88.64,60,75,73.03,92.86,81.31,100,61.22,77.81,65.52,79.17,0,33.33,64.71,81.31,0,28.57,0,53,32,3,67,44,0,3,12,20,13,2,139,51,18,0,0,0,20,223,107,51,31,152,7,2,2,0,0,1,2,2,0,0,3,7,35,14,107,4,0,49,43,18,125,1,1,5,39,120,31,10,76,39,6,38,0,27,365,58,0,8.35,0,0,14,224,114,0,2,24,14,27,6,0,37,39,12,106,15,111,13,87,4,30,284,38,0,0,1,87,3,34,107,2.27,1.14,2
FCS Bucureşti,"FCS Bucureşti - Farul Constanţa, 1-2",2025-07-26 20:30:00,0,Home,11565,719,191642,4435361,5715699,3.21,24.91,0.8,26.52,68.3,82.77,61.88,1.61,1.61,8.04,3.21,5.63,97.23,53.04,11.25,0,0,0,18.34,11.25,154.3,56.25,22.5,12.86,112.5,13.66,0.8,0.8,0.8,0.8,2.41,3.21,3.21,4.82,0,0.8,0,19.29,0.8,139,15.27,2.41,29.7,39.38,27.32,10.45,6.43,32.14,72.32,16.07,4.02,49.02,20.89,3.21,16.88,0.8,32.14,19.99,369.6,47.41,0,54.2,11.25,270.8,0.8,5.63,3.21,0.8,6.43,16.07,0.8,8.04,64.29,1.61,65.09,8.04,82.77,0.8,118.1,13.66,24.91,310.2,31.34,0,0,1.61,118.1,2.41,4.82,139,0.35,2.07,4.02,54.84,21.21,0,36.46,57.14,100,0,0,12.5,0,60.61,46.88,32.79,35.71,42.62,0,37.5,94.12,20,71.43,73.57,100,84.97,89.47,63.27,83.91,66.1,25,0,66.67,50,84.97,0,29.41,4,31,17,1,33,85,0,2,2,10,4,7,121,66,14,0,0,0,14,192,70,28,16,140,17,1,1,1,1,3,4,4,6,0,1,0,24,1,173,19,3,49,34,13,103,1,1,8,40,90,20,5,61,26,4,21,1,40,460,59,0,12.7,5,0,14,337,77,1,7,4,1,8,20,1,10,80,2,81,10,103,1,147,17,31,386,39,0,0,2,147,3,6,173,0.44,2.57,5
Farul Constanţa,"FCS Bucureşti - Farul Constanţa, 1-2",2025-07-26 20:30:00,3,Away,61242,719,191642,4435361,5715699,1.61,24.91,0.8,54.64,43.39,80.36,65.89,0.8,6.43,12.86,4.02,3.21,92.41,49.02,10.45,4.02,1.61,0,13.88,24.11,154.3,57.86,22.5,5.63,101.2,9.64,6.43,3.21,0.8,0.8,1.61,2.41,1.61,1.61,0,1.61,0,18.48,0.8,101.2,11.25,2.41,34.55,36.16,27.32,13.66,7.23,32.95,73.93,20.89,14.46,53.04,27.32,0.8,25.71,3.21,26.52,20.15,291.7,33.75,0.8,45.8,9.64,204.1,0,1.61,4.82,0.8,16.07,6.43,1.61,27.32,40.98,6.43,57.86,17.68,79.55,0.8,85.98,8.84,22.5,243.5,27.32,0.8,0,0.8,85.98,2.41,12.86,101.2,2.07,0.35,0.8,25.81,21.31,40,37.5,25,100,0,0,10,0,67.21,47.92,39.39,60,51.52,100,40,94.44,50,73.33,78.57,100,84.92,78.57,62.22,83.47,80.95,16.67,0,33.33,50,84.92,100,8.333,2,31,8,1,68,54,0,1,8,16,5,4,115,61,13,5,2,0,30,192,72,28,7,126,12,8,4,1,1,2,3,2,2,0,2,0,23,1,126,14,3,45,34,17,100,1,1,9,41,92,26,18,66,34,1,32,4,33,363,42,1,13.63,10,0,12,254,82,0,2,6,1,20,8,2,34,51,8,72,22,99,1,107,11,28,303,34,1,0,1,107,3,16,126,2.57,0.44,1
Petrolul 52,"Petrolul 52 - CFR Cluj, 1-0",2025-10-20 19:30:00,3,Home,60390,719,191642,4435361,5715780,0,24.86,0,22.29,49.71,96,73.71,0,0,6,0.86,1.71,113.1,60.86,12.86,1.71,0.86,0,16.9,7.71,161.1,54.86,21.43,8.57,109.7,16.29,4.29,2.57,0.86,0.86,0.86,4.29,4.29,2.57,0,0.86,0,27.43,0,92.57,0,1.71,23.02,25.71,27.43,8.57,2.57,32.57,68.57,17.14,5.14,48,23.14,1.71,24,5.14,30.86,17.26,293.1,34.29,0,42.2,11.14,202.3,0,2.57,4.29,0,8.57,6.86,0,8.57,42.86,1.71,70.29,6,78,0,79.71,0,10.29,233.1,18,0,0,0,79.71,2.57,6,92.57,0.72,0.81,2.57,41.38,21.13,50,34.04,40,100,0,0,10,0,53.52,42.55,35.71,66.67,48.21,0,20,86.21,28.57,77.78,71.09,0,86.11,0,40,79.53,52.5,20,0,0,14.29,86.11,100,15.79,0,29,12,0,26,58,1,0,0,7,1,2,132,71,15,2,1,0,9,188,64,25,10,128,19,5,3,1,1,1,5,5,3,0,1,0,32,0,108,0,2,30,32,10,112,1,1,3,38,80,20,6,56,27,2,28,6,36,342,40,0,10.24,6,0,13,236,86,0,3,5,0,10,8,0,10,50,2,82,7,91,0,93,0,12,272,21,0,0,0,93,3,7,108,0.84,0.95,3
Farul Constanţa,"Farul Constanţa - Oţelul, 3-2",2025-07-20 17:30:00,3,Home,61242,719,191642,4435361,5715692,3.43,46.29,2.57,38.57,54.86,109.7,86.57,1.71,4.29,7.71,0.86,12,139.7,50.57,15.43,0,0,0.86,20.91,22.29,188.6,78.86,41.14,23.14,117.4,6.86,0,0,0.86,0.86,1.71,7.71,4.29,3.43,0,2.57,0,42.86,2.57,100.3,12.86,6.86,32.73,55.71,30,11.14,5.14,34.29,83.14,11.14,6,61.71,25.71,3.43,18,0,48.86,18.34,315.4,36.86,0,52.4,8.57,204,0.86,1.71,6,2.57,7.71,14.57,0.86,11.14,49.71,2.57,103.7,16.29,80.57,2.57,88.29,8.57,36.86,247.7,26.57,0,0,2.57,88.29,3.43,12,100.3,0.69,2.28,0,57.41,30.51,0,41.82,56.25,100,0,0,33.33,0,67.8,44.09,18.06,26.92,41.67,0,33.33,90.63,33.33,73.08,68.61,100,88.03,66.67,66.15,78.53,72.09,85.71,0,75,42.86,88.03,100,0,4,54,31,3,45,64,0,2,5,9,1,14,163,59,18,0,0,1,26,220,92,48,27,137,8,0,0,1,1,2,9,5,4,0,3,0,50,3,117,15,8,65,35,13,128,1,1,6,40,97,13,7,72,30,4,21,0,57,368,43,0,8.76,14,0,10,238,101,1,2,7,3,9,17,1,13,58,3,121,19,94,3,103,10,43,289,31,0,0,3,103,4,14,117,0.8,2.66,0
FCS Bucureşti,"Dinamo Bucureşti - FCS Bucureşti, 4-3",2025-08-02 20:30:00,0,Away,11565,719,191642,4435361,5715705,0,28.83,0.87,25.34,39.32,78.64,50.68,3.5,1.75,4.37,0,0,100.5,48.06,8.74,0.87,0,0,15.24,13.11,134.6,55.05,26.21,11.36,89.13,13.11,2.62,1.75,0.87,0.87,1.75,4.37,4.37,2.62,0,2.62,0,23.59,1.75,94.37,6.99,3.5,35.93,31.46,17.48,8.74,2.62,27.09,69.9,20.1,6.12,40.19,23.59,0.87,11.36,2.62,27.09,19.07,265.6,34.95,1.75,46.3,11.36,187,0,0.87,4.37,1.75,7.86,10.49,0,9.61,34.08,0.87,64.66,9.61,63.79,1.75,83.01,4.37,19.22,219.3,23.59,1.75,0,0.87,83.01,2.62,9.61,94.37,1.65,2.37,2.62,48.48,18.18,0,40.91,43.33,100,0,0,33.33,0,56.36,51.95,50,46.67,58.7,100,33.33,86.67,20,73.33,71.57,100,87.96,62.5,61.11,82.57,67.5,60,0,33.33,27.27,87.96,0,20,0,33,16,1,29,45,0,4,2,5,0,0,115,55,10,1,0,0,15,154,63,30,13,102,15,3,2,1,1,2,5,5,3,0,3,0,27,2,108,8,4,36,20,10,90,1,1,3,31,80,23,7,46,27,1,13,3,31,304,40,2,11.13,6,0,13,214,58,0,1,5,2,9,12,0,11,39,1,74,11,73,2,95,5,22,251,27,2,0,1,95,3,11,108,1.89,2.71,3
Unirea Slobozia,"Unirea Slobozia - Csikszereda Miercurea Ciuc, 6-1",2025-07-21 18:00:00,3,Home,11663,719,191642,4435361,5715694,5.24,27.96,1.75,48.93,69.03,76.02,71.65,0.87,1.75,13.11,6.12,2.62,93.5,50.68,17.48,0.87,0.87,0,11.93,18.35,152,66.41,26.21,11.36,150.3,9.61,1.75,0.87,0.87,0.87,0.87,4.37,3.5,3.5,0,5.24,0.87,14.85,2.62,144.2,9.61,2.62,30.09,48.93,16.6,8.74,1.75,31.46,73.4,20.1,10.49,56.8,27.09,2.62,27.96,0.87,14.85,19.05,424.7,69.03,0.87,58.3,21.84,310.2,0,2.62,10.49,2.62,17.48,11.36,0,20.97,68.16,0.87,59.42,14.85,112.7,2.62,126.7,7.86,24.47,360,50.68,0.87,0,1.75,126.7,4.37,10.49,144.2,2.39,1.08,0,46.88,34.48,100,43.68,43.33,100,0,0,30,100,62.07,48.28,35.38,57.14,47.69,100,55,98.73,6.67,80.95,75,100,87.88,81.82,50,84.77,73.42,66.67,0,40,66.67,87.88,100,0,6,32,15,2,56,79,0,1,2,15,7,3,107,58,20,1,1,0,21,174,76,30,13,172,11,2,1,1,1,1,5,4,4,0,6,1,17,3,165,11,3,56,19,10,87,1,1,2,36,84,23,12,65,31,3,32,1,17,486,79,1,11.91,7,0,25,355,82,0,3,12,3,20,13,0,24,78,1,68,17,129,3,145,9,28,412,58,1,0,2,145,5,12,165,2.74,1.24,0
Unirea Slobozia,"Metaloglobus - Unirea Slobozia, 2-3",2025-12-20 13:30:00,3,Away,11663,719,191642,4435361,5715847,3.5,29.71,1.75,33.2,22.72,98.74,64.66,1.75,2.62,6.12,1.75,6.99,152,78.64,18.35,0,0,0,11.53,16.6,185.2,66.41,27.09,8.74,100.5,12.23,3.5,2.62,0.87,0.87,3.5,5.24,4.37,1.75,0,2.62,1.75,43.69,2.62,50.68,0,3.5,30.56,45.44,28.83,13.11,3.5,49.81,94.37,20.97,9.61,48.06,24.47,0,13.11,0,34.08,21.93,194.8,32.33,0.87,34.9,6.99,92.62,0,5.24,8.74,2.62,9.61,10.49,0.87,16.6,20.1,2.62,104,12.23,52.43,2.62,41.94,0,22.72,127.6,14.85,0.87,0,0,41.94,3.5,11.36,50.68,2.39,2.34,3.5,35.29,23.33,0,35.85,32.26,100,0,0,27.27,0,63.33,50.94,43.64,57.89,50.91,100,45.45,88.46,42.86,73.68,52.17,100,82.76,0,50,65.47,45.95,60,0,0,46.15,82.76,100,28.57,4,34,12,2,38,26,0,2,3,7,2,8,174,90,21,0,0,0,19,212,76,31,10,115,14,4,3,1,1,4,6,5,2,0,3,2,50,3,58,0,4,52,33,15,113,1,1,4,57,108,24,11,55,28,0,15,0,39,223,37,1,12.29,17,0,8,106,74,0,6,10,3,11,12,1,19,23,3,119,14,60,3,48,0,26,146,17,1,0,0,48,4,13,58,2.73,2.68,4
CFR Cluj,"CFR Cluj - Farul Constanţa, 0-2",2025-10-25 20:00:00,0,Home,11611,719,191642,4435361,5715784,0.87,23.37,0,61.44,52.79,122.9,88.27,1.73,4.33,23.37,11.25,1.73,98.65,46.73,15.58,0,0,0,23.33,20.77,151.4,77.88,21.63,14.71,164.4,6.92,0,0,0.87,0.87,0,2.6,2.6,1.73,0,0,0.87,28.56,3.46,167.9,9.52,2.6,20.25,31.15,20.77,14.71,6.06,30.29,86.54,25.96,13.85,60.58,32.02,0.87,40.67,0,18.17,17,472.5,77.88,0,58.5,25.1,331.4,0,0,16.44,3.46,17.31,8.65,0,32.88,47.6,9.52,74.42,16.44,126.3,3.46,146.2,8.65,14.71,383.4,57.98,0,0,0,146.2,5.19,19.04,167.9,1.81,0.93,0.87,66.67,33.33,0,51.43,68,100,0,0,0,0,64.81,57.14,42.86,66.67,52.86,0,55,90.16,40.74,79.17,76.84,100,87.11,90.91,47.22,81.14,74.44,73.68,0,0,40.91,87.11,0,12.5,1,27,18,0,71,61,0,2,5,27,13,2,114,54,18,0,0,0,24,175,90,25,17,190,8,0,0,1,1,0,3,3,2,0,0,1,33,4,194,11,3,36,24,17,142,1,1,7,35,100,30,16,70,37,1,47,0,21,546,90,0,10.84,3,0,29,383,102,0,0,19,4,20,10,0,38,55,11,86,19,146,4,169,10,17,443,67,0,0,0,169,6,22,194,2.09,1.08,1
Metaloglobus,"Metaloglobus - Unirea Slobozia, 2-3",2025-12-20 13:30:00,0,Home,11943,719,191642,4435361,5715847,3.5,29.71,0.87,56.8,39.32,111.8,87.38,2.62,6.12,19.22,3.5,3.5,103.1,48.06,11.36,0,0,0,20.86,25.34,185.2,76.02,27.09,12.23,143.3,13.98,3.5,1.75,0.87,0.87,0.87,4.37,4.37,1.75,0,1.75,1.75,25.34,3.5,142.4,6.12,0.87,32.28,30.58,28.83,12.23,3.5,27.09,82.14,28.83,14.85,78.64,38.45,0,26.21,0,27.09,18.03,374,46.31,0.87,65.1,19.22,256,0.87,4.37,5.24,3.5,10.49,9.61,1.75,26.21,35.83,6.99,66.41,20.1,118,3.5,124.1,5.24,20.1,315.4,33.2,0,0.87,1.75,124.1,4.37,17.48,142.4,2.34,2.39,4.37,47.06,23.64,0,41.04,45.16,100,0,0,16.67,0,56.36,44.34,36.67,58.62,48.89,0,33.33,91.11,36.36,79.31,82.32,100,87.12,85.71,65.71,84.35,71.7,33.33,50,40,35,87.12,0,31.25,4,34,16,1,65,45,0,3,7,22,4,4,118,55,13,0,0,0,29,212,87,31,14,164,16,4,2,1,1,1,5,5,2,0,2,2,29,4,163,7,1,35,33,14,128,1,1,4,31,94,33,17,90,44,0,30,0,31,428,53,1,5.53,2,0,22,293,100,1,5,6,4,12,11,2,30,41,8,76,23,135,4,142,6,23,361,38,0,1,2,142,5,20,163,2.68,2.73,5
Csikszereda Miercurea Ciuc,"Unirea Slobozia - Csikszereda Miercurea Ciuc, 6-1",2025-07-21 18:00:00,0,Away,22731,719,191642,4435361,5715694,0,27.96,0,31.46,38.45,83.88,54.17,5.24,0.87,7.86,1.75,6.99,112.7,56.8,12.23,0.87,0.87,0.87,26.09,12.23,152,52.43,25.34,8.74,111,4.37,0.87,0.87,0.87,0.87,0.87,6.12,4.37,4.37,0,0.87,0.87,27.96,5.24,101.4,0,5.24,30.97,36.7,16.6,6.99,2.62,36.7,73.4,19.22,8.74,50.68,22.72,0.87,8.74,2.62,34.95,18.87,283.1,32.33,0.87,41.7,6.12,194,0.87,0.87,6.99,5.24,11.36,17.48,0,15.73,36.7,2.62,75.15,9.61,81.26,5.24,90.87,0,20.97,234.2,26.21,0.87,0,0.87,90.87,0.87,12.23,101.4,1.08,2.39,0,37.5,21.54,100,34.48,34.48,100,0,0,7.692,100,64.62,48.28,37.93,71.43,44.83,100,38.46,95.45,33.33,78.57,73.23,100,89.66,0,57.14,82.72,81.08,50,0,100,57.14,89.66,0,0,0,32,12,0,36,44,0,6,1,9,2,8,129,65,14,1,1,1,14,174,60,29,10,127,5,1,1,1,1,1,7,5,5,0,1,1,32,6,116,0,6,42,19,8,96,1,1,3,42,84,22,10,58,26,1,10,3,40,324,37,1,28.73,0,0,7,222,62,1,1,8,6,13,20,0,18,42,3,86,11,93,6,104,0,24,268,30,1,0,1,104,1,14,116,1.24,2.74,0
Universitatea Craiova,"Dinamo Bucureşti - Universitatea Craiova, 0-1",2026-03-19 19:30:00,3,Away,26233,719,191642,4437530,5823248,5.29,43.24,0.88,22.94,37.94,93.53,68.82,0,0.88,2.65,3.53,4.41,148.2,71.47,21.18,0,0,0.88,25.05,12.35,183.5,68.82,37.94,15,87.35,13.24,0,0,0.88,0.88,0.88,11.47,8.82,3.53,0,0.88,0,33.53,1.76,77.65,7.06,9.71,25.9,34.41,28.24,11.47,7.06,52.94,96.18,13.24,5.29,40.59,17.65,0.88,20.29,5.29,38.82,18.24,235.6,19.41,0,39.1,6.18,154.4,0.88,2.65,5.29,1.76,6.18,7.06,1.76,9.71,33.53,0.88,105,7.94,64.41,1.76,68.82,5.29,19.41,190.6,14.12,0,0.88,0.88,68.82,4.41,6.18,77.65,0.39,0.59,3.53,42.86,29.63,0,37.5,39.53,100,0,0,14.29,0,74.07,52.4,32.61,42.86,43.48,0,42.86,88.37,33.33,64.29,73.74,100,88.64,75,56.41,80.9,72.73,66.67,50,20,28.57,88.64,100,26.67,6,49,21,1,26,43,1,0,1,3,4,5,168,81,24,0,0,1,14,208,78,43,17,99,15,0,0,1,1,1,13,10,4,0,1,0,38,2,88,8,11,39,32,13,106,1,1,8,60,109,15,6,46,20,1,23,6,44,267,22,0,12.18,28,0,7,175,78,1,3,6,2,7,8,2,11,38,1,119,9,73,2,78,6,22,216,16,0,1,1,78,5,7,88,0.44,0.67,4
FCS Bucureşti,"FCS Bucureşti - Argeș, 0-2",2025-08-24 20:30:00,0,Home,11565,719,191642,4435361,5715730,1.76,40.59,0,54.71,67.94,113.8,85.59,1.76,9.71,21.18,4.41,7.94,134.1,58.24,19.41,0,0,0,16.84,17.65,182.7,77.65,37.06,16.76,173.8,4.41,2.65,1.76,0.88,0.88,1.76,4.41,3.53,1.76,0,0,0.88,35.29,2.65,204.7,17.65,1.76,28.43,53.82,15,6.18,7.06,41.47,82.06,15.88,9.71,68.82,33.53,2.65,36.18,0,22.94,18.88,521.5,72.35,0,69.4,13.24,378.5,0,2.65,8.82,2.65,11.47,8.82,4.41,19.41,60.88,5.29,95.29,15,131.5,1.76,184.4,12.35,31.76,434.1,52.94,0,3.53,6.18,184.4,14.12,26.47,204.7,0.68,0.75,0.88,45.65,33.33,0,42.51,45.24,100,0,0,0,0,71.21,44.93,23.08,55,48.72,0,7.69,89.61,25,85,75.63,66.67,90.09,70,59.02,83.25,73.17,20,80,43.75,26.67,90.09,0,20,2,46,21,0,62,77,0,2,11,24,5,9,152,66,22,0,0,0,20,207,88,42,19,197,5,3,2,1,1,2,5,4,2,0,0,1,40,3,232,20,2,61,17,7,129,1,1,8,47,93,18,11,78,38,3,41,0,26,591,82,0,6.88,7,0,15,429,97,0,3,10,3,13,10,5,22,69,6,108,17,149,2,209,14,36,492,60,0,4,7,209,16,30,232,0.77,0.85,1
Rapid Bucureşti,"Universitatea Craiova - Rapid Bucureşti, 2-2",2025-11-02 19:30:00,1,Away,11566,719,191642,4435361,5715798,1.76,32.65,0.88,22.06,31.76,93.53,59.12,1.76,3.53,4.41,0,6.18,127.9,56.47,9.71,0,0,0,9.24,12.35,156.2,55.59,28.24,11.47,96.18,10.59,0.88,0.88,0.88,0,0.88,7.06,5.29,6.18,0,1.76,1.76,38.82,2.65,52.94,1.76,5.29,23.99,22.06,22.94,10.59,1.76,33.53,77.65,20.29,7.06,44.12,22.06,0.88,8.82,0,47.65,15.95,225.9,15,0,40,7.94,150,0,3.53,3.53,2.65,5.29,14.12,0,11.47,30,1.76,85.59,7.06,71.47,2.65,41.47,0.88,12.35,179.1,9.71,0,0,0,41.47,0,9.71,52.94,1.03,1.88,1.76,40.54,17.19,0,35.59,40.63,0,0,0,33.33,50,59.38,49.72,46,57.14,50,0,50,94.44,40,57.14,74.31,100,78.33,50,56,79.3,64.71,50,0,0,54.55,78.33,0,16.67,2,37,15,1,25,36,0,2,4,5,0,7,145,64,11,0,0,0,14,177,63,32,13,109,12,1,1,1,0,1,8,6,7,0,2,2,44,3,60,2,6,25,26,12,106,1,1,2,38,88,23,8,50,25,1,10,0,54,256,17,0,16.11,1,0,9,170,67,0,4,4,3,6,16,0,13,34,2,97,8,81,3,47,1,14,203,11,0,0,0,47,0,11,60,1.17,2.13,2
Petrolul 52,"Farul Constanţa - Petrolul 52, 2-1",2025-09-01 20:00:00,0,Away,60390,719,191642,4435361,5715739,2.65,38.82,0.88,34.41,41.47,100.6,78.53,1.76,1.76,7.06,2.65,6.18,128.8,50.29,14.12,0,0,0,24.66,15.88,163.2,60.88,35.29,15,120,7.94,2.65,2.65,0.88,0.88,2.65,4.41,3.53,1.76,0,0.88,2.65,39.71,6.18,112.1,4.41,2.65,36.45,45.88,26.47,10.59,7.94,35.29,77.65,15,6.18,47.65,19.41,0,19.41,0.88,33.53,19.03,324.7,37.94,0,48.8,6.18,231.2,0,3.53,8.82,6.18,10.59,11.47,0.88,9.71,39.71,2.65,91.76,8.82,82.06,6.18,101.5,2.65,27.35,263.8,26.47,0,0,0,101.5,1.76,10.59,112.1,0.85,1.67,0,43.18,28.07,0,37.3,42.5,100,0,0,8.333,0,70.18,47.57,31.48,38.89,40.74,0,8.33,95.74,37.5,55.56,68.38,100,90.55,60,59.62,81.25,69.77,30,0,0,25,90.55,0,0,3,44,19,1,39,47,0,2,2,8,3,7,146,57,16,0,0,0,18,185,69,40,17,136,9,3,3,1,1,3,5,4,2,0,1,3,45,7,127,5,3,52,30,12,114,1,1,9,40,88,17,7,54,22,0,22,1,38,368,43,0,10.82,11,0,7,262,89,0,4,10,7,12,13,1,11,45,3,104,10,93,7,115,3,31,299,30,0,0,0,115,2,12,127,0.96,1.89,0
Csikszereda Miercurea Ciuc,"Hermannstadt - Csikszereda Miercurea Ciuc, 0-2",2025-10-20 17:00:00,3,Away,22731,719,191642,4435361,5715778,0,47.23,0,28.51,58.81,105.2,70.4,0,0.89,5.35,0.89,4.46,160.4,67.72,16.93,0,0,0,17,17.82,204.9,69.5,41.88,12.48,110.5,12.48,2.67,2.67,0.89,0.89,3.56,13.37,11.58,5.35,0,1.78,0,45.45,0,74.85,5.35,13.37,24.97,54.36,38.32,17.82,5.35,43.66,88.22,11.58,6.24,51.68,19.6,0,16.04,4.46,44.55,19.04,278,25.84,0,39.2,6.24,177.3,0,2.67,0.89,0,4.46,14.26,0.89,11.58,55.25,2.67,104.3,9.8,69.5,0,67.72,3.56,29.41,220.1,16.04,0,0.89,0.89,67.72,2.67,3.56,74.85,0.73,1.11,3.56,32.08,25,0,33.91,29.79,100,0,0,40,0,64.47,43.04,22.41,35,37.93,0,40,93.94,50,55,62.9,0,90.48,66.67,54.1,79.17,62.07,100,100,33.33,50,90.48,100,28.57,0,53,17,0,32,66,1,0,1,6,1,5,180,76,19,0,0,0,20,230,78,47,14,124,14,3,3,1,1,4,15,13,6,0,2,0,51,0,84,6,15,61,43,20,118,1,1,6,49,99,13,7,58,22,0,18,5,50,312,29,0,10.62,4,0,7,199,79,0,3,1,0,5,16,1,13,62,3,117,11,78,0,76,4,33,247,18,0,1,1,76,3,4,84,0.82,1.25,4
Dinamo Bucureşti,"Rapid Bucureşti - Dinamo Bucureşti, 2-1",2026-02-21 19:30:00,0,Away,11564,719,191642,4435361,5715896,4.46,19.6,0,48.12,70.4,89.11,67.72,1.78,7.13,9.8,3.56,5.35,100.7,47.23,8.91,0,0,0,28.41,23.17,145.2,57.92,18.71,11.58,164,9.8,7.13,1.78,0.89,0.89,0.89,4.46,4.46,0.89,0,0.89,2.67,33.86,1.78,179.1,11.58,0.89,19.29,26.73,18.71,8.02,2.67,29.41,70.4,20.5,11.58,59.7,28.51,2.67,30.3,0,19.6,14.89,517.7,61.49,0,74.5,21.39,411.7,0,3.56,6.24,1.78,10.69,7.13,4.46,16.93,65.94,1.78,75.74,16.04,130.1,1.78,161.3,8.91,11.58,449.1,43.66,0,0.89,0.89,161.3,8.91,22.28,179.1,0.68,0.86,0.89,63.64,18.87,0,39.88,61.9,100,0,0,8.333,0,62.26,48.47,34.33,50,47.76,0,25,93.67,18.18,69.23,79.35,100,90.05,76.92,43.33,86.75,71.01,71.43,20,10,20,90.05,0,9.091,5,22,14,0,54,79,0,2,8,11,4,6,113,53,10,0,0,0,26,163,65,21,13,184,11,8,2,1,1,1,5,5,1,0,1,3,38,2,201,13,1,30,21,9,100,1,1,3,33,79,23,13,67,32,3,34,0,22,581,69,0,5.53,11,0,24,462,76,0,4,7,2,12,8,5,19,74,2,85,18,146,2,181,10,13,504,49,0,1,1,181,10,25,201,0.76,0.97,1
Unirea Slobozia,"Universitatea Craiova - Unirea Slobozia, 3-1",2025-10-18 16:30:00,0,Away,11663,719,191642,4435361,5715782,0,21.39,0,17.82,37.43,90,56.14,2.67,3.56,4.46,5.35,8.02,112.3,54.36,10.69,0,0,0.89,10.3,6.24,152.4,46.34,19.6,8.02,94.46,5.35,1.78,0,0.89,0.89,1.78,11.58,10.69,4.46,0,0.89,0.89,36.53,1.78,81.09,3.56,5.35,28.87,31.19,24.06,8.02,2.67,38.32,70.4,15.15,2.67,52.57,18.71,0.89,16.04,1.78,43.66,18.62,243.3,23.17,0,34.7,3.56,152.4,0.89,6.24,3.56,1.78,6.24,15.15,0.89,8.02,35.64,1.78,83.76,3.56,57.92,1.78,73.96,1.78,14.26,188,9.8,0,0,0,73.96,0,5.35,81.09,1.51,1.89,1.78,41.67,19.67,0,30.41,40.91,100,0,0,14.29,0,70.49,46.2,28.81,42.86,35.59,0,57.14,95.24,40,57.14,61.32,100,91.21,50,45.71,77.29,42.31,50,0,0,50,91.21,0,33.33,0,24,10,0,20,42,0,3,4,5,6,9,126,61,12,0,0,1,7,171,52,22,9,106,6,2,0,1,1,2,13,12,5,0,1,1,41,2,91,4,6,35,27,9,101,1,1,3,43,79,17,3,59,21,1,18,2,49,273,26,0,20.84,0,0,4,171,63,1,7,4,2,7,17,1,9,40,2,94,4,65,2,83,2,16,211,11,0,0,0,83,0,6,91,1.69,2.12,2
Universitatea Craiova,"CFR Cluj - Universitatea Craiova, 2-3",2025-08-03 20:30:00,3,Away,26233,719,191642,4435361,5715704,4.46,28.51,2.67,25.84,49.01,115.8,71.29,1.78,0.89,3.56,1.78,10.69,143.5,68.61,14.26,0.89,0,0,20.58,16.04,163.1,57.03,26.73,12.48,143.5,13.37,0.89,0,0.89,0.89,3.56,15.15,12.48,3.56,0,2.67,0,46.34,2.67,99.8,7.13,7.13,31.4,36.53,11.58,4.46,5.35,36.53,76.63,22.28,8.91,54.36,24.95,1.78,6.24,1.78,58.81,18.63,335.9,24.95,0,44.7,9.8,226.3,0,8.02,4.46,2.67,6.24,16.93,0,13.37,42.77,0.89,96.24,10.69,95.35,2.67,90,3.56,15.15,260.2,16.04,0,0,0,90,0.89,8.02,99.8,0.46,1.56,4.46,46.88,20.78,0,34.97,46.67,100,0,0,42.86,0,53.25,46.99,40.98,55.56,45.9,0,57.14,87.27,25,66.67,66.46,100,90.18,50,41.46,77.45,64.29,100,0,0,55.56,90.18,100,33.33,5,32,15,3,29,55,0,2,1,4,2,12,161,77,16,1,0,0,18,183,64,30,14,161,15,1,0,1,1,4,17,14,4,0,3,0,52,3,112,8,8,41,13,5,130,1,1,6,41,86,25,10,61,28,2,7,2,66,377,28,0,19.15,6,0,11,254,80,0,9,5,3,7,19,0,15,48,1,108,12,107,3,101,4,17,292,18,0,0,0,101,1,9,112,0.52,1.75,5
Botoşani,"Botoşani - Farul Constanţa, 1-1",2025-07-14 18:00:00,1,Home,11634,719,191642,4435361,5715682,0.89,52.57,0,43.66,41.88,106,73.96,0.89,6.24,8.91,3.56,4.46,147,71.29,13.37,1.78,0,0,29.27,24.95,239.7,73.07,40.99,8.91,113.2,10.69,3.56,0,0.89,0.89,1.78,9.8,9.8,2.67,0,0.89,0.89,23.17,3.56,94.46,1.78,4.46,23.83,60.59,49.01,15.15,3.56,47.23,96.24,21.39,10.69,66.83,32.08,1.78,26.73,1.78,26.73,19.42,295.8,38.32,0,51.3,6.24,169.3,0,5.35,5.35,3.56,9.8,11.58,0,14.26,38.32,0.89,82.87,16.93,70.4,2.67,81.98,1.78,36.53,225.4,20.5,0,0,7.13,81.98,10.69,10.69,94.46,0.61,1.11,0,23.73,18.75,0,30.48,21.74,100,0,0,9.091,100,66.25,40.15,32,42.86,48,0,27.27,91.49,10,67.86,62.2,75,86.79,100,60.29,76.2,53.49,0,0,66.67,33.33,86.79,0,0,1,59,14,0,49,47,0,1,7,10,4,5,165,80,15,2,0,0,28,269,82,46,10,127,12,4,0,1,1,2,11,11,3,0,1,1,26,4,106,2,5,68,55,17,119,1,1,4,53,108,24,12,75,36,2,30,2,30,332,43,0,9.3,9,0,7,190,83,0,6,6,4,11,13,0,16,43,1,93,19,79,3,92,2,41,253,23,0,0,8,92,12,12,106,0.69,1.25,0
UTA Arad,"UTA Arad - Farul Constanţa, 2-1",2025-08-09 17:30:00,3,Home,30817,719,191642,4435361,5715719,0.89,39.21,1.78,36.53,41.88,120.3,75.74,0.89,2.67,5.35,7.13,9.8,145.2,63.27,11.58,0.89,0,0,21.1,17.82,181.8,65.05,35.64,16.93,90,5.35,5.35,3.56,0.89,0.89,2.67,13.37,7.13,5.35,0,1.78,1.78,42.77,5.35,70.4,0.89,7.13,24.29,30.3,22.28,9.8,3.56,38.32,88.22,21.39,8.91,57.03,24.95,0.89,24.95,0.89,41.88,15.7,252.2,24.95,0,38.3,9.8,154.2,0,6.24,8.02,5.35,13.37,19.6,0,16.04,36.53,0.89,99.8,10.69,55.25,5.35,57.03,0.89,16.93,188.9,8.91,0,0,0,57.03,0.89,16.04,70.4,2.17,3.15,0.89,47.73,18.31,0,35.78,47.5,100,0,0,13.33,50,60.56,48.53,37.5,50,43.75,0,46.67,87.23,16.67,60,61.39,100,81.01,100,55.88,74.91,35.71,55.56,0,0,55.56,81.01,100,16.67,1,44,21,2,41,47,0,1,3,6,8,11,163,71,13,1,0,0,20,204,73,40,19,101,6,6,4,1,1,3,15,8,6,0,2,2,48,6,79,1,8,34,25,11,135,1,1,4,43,99,24,10,64,28,1,28,1,47,283,28,0,14.73,2,0,11,173,85,0,7,9,6,15,22,0,18,41,1,112,12,62,6,64,1,19,212,10,0,0,0,64,1,18,79,2.44,3.54,1
Farul Constanţa,"UTA Arad - Farul Constanţa, 2-1",2025-08-09 17:30:00,0,Away,61242,719,191642,4435361,5715719,3.56,39.21,0.89,72.18,57.03,103.4,87.33,1.78,9.8,29.41,7.13,8.91,132.8,57.03,14.26,0,0,0,14.23,23.17,181.8,70.4,33.86,15.15,136.3,15.15,0.89,0,0.89,0.89,0,4.46,4.46,4.46,0,0.89,2.67,36.53,6.24,157.7,2.67,2.67,29.6,44.55,22.28,8.91,3.56,35.64,87.33,24.95,14.26,63.27,29.41,0.89,24.95,0.89,36.53,18.99,413.5,51.68,0,61.7,25.84,289.6,0,3.56,13.37,6.24,19.6,13.37,0,29.41,54.36,8.91,90,18.71,110.5,6.24,130.1,1.78,30.3,339.5,41.88,0,0,4.46,130.1,6.24,37.43,157.7,3.15,2.17,0,45.45,25,0,38.73,44.74,100,0,0,4.545,33.33,62.5,48.04,39.44,61.54,46.48,0,31.82,95.31,30.3,80.77,81.05,100,82.49,66.67,68,82.11,81.03,66.67,0,71.43,45.24,82.49,0,0,4,44,20,1,81,64,0,2,11,33,8,10,149,64,16,0,0,0,26,204,79,38,17,153,17,1,0,1,1,0,5,5,5,0,1,3,41,7,177,3,3,50,25,10,116,1,1,4,40,98,28,16,71,33,1,28,1,41,464,58,0,6.8,3,0,29,325,98,0,4,15,7,22,15,0,33,61,10,101,21,124,7,146,2,34,381,47,0,0,5,146,7,42,177,3.54,2.44,0
Hermannstadt,"Hermannstadt - Csikszereda Miercurea Ciuc, 0-2",2025-10-20 17:00:00,0,Home,55427,719,191642,4435361,5715778,6.24,47.23,0,62.38,62.38,106.9,92.67,1.78,3.56,26.73,3.56,1.78,123,51.68,19.6,0.89,0.89,0,17.89,21.39,204.9,83.76,45.45,22.28,163.1,10.69,4.46,2.67,0.89,0.89,0.89,4.46,3.56,0,0,0,1.78,24.06,7.13,146.1,8.02,2.67,32.03,49.01,38.32,10.69,7.13,40.1,98.91,24.06,11.58,67.72,29.41,4.46,33.86,0,26.73,18.38,455.4,69.5,0,60.8,21.39,319.9,0,2.67,9.8,7.13,14.26,4.46,0,25.84,60.59,8.91,88.22,14.26,127.4,7.13,125.6,4.46,32.97,383.2,53.47,0,0,0,125.6,2.67,20.5,146.1,1.11,0.73,2.67,50.94,37.93,100,40.87,49.02,100,0,0,0,50,77.59,48.26,35.53,54.17,43.42,0,37.5,97.14,33.33,66.67,78.14,100,85.98,55.56,67.27,84.15,76.92,27.27,0,0,39.13,85.98,0,25,7,53,27,0,70,70,0,2,4,30,4,2,138,58,22,1,1,0,24,230,94,51,25,183,12,5,3,1,1,1,5,4,0,0,0,2,27,8,164,9,3,55,43,12,120,1,1,8,45,111,27,13,76,33,5,38,0,30,511,78,0,6.07,5,0,24,359,104,0,3,11,8,16,5,0,29,68,10,99,16,143,8,141,5,37,430,60,0,0,0,141,3,23,164,1.25,0.82,3
Csikszereda Miercurea Ciuc,"Petrolul 52 - Csikszereda Miercurea Ciuc, 1-1",2026-03-01 14:45:00,1,Away,22731,719,191642,4435361,5715905,0,32.4,0,31.5,20.7,118.8,88.2,0.9,0.9,8.1,1.8,7.2,137.7,58.5,10.8,0,0,0,19.67,18,181.8,65.7,28.8,10.8,98.1,18,0.9,0.9,0.9,0,4.5,3.6,3.6,2.7,0,0.9,0,46.8,0.9,68.4,0,3.6,29.22,51.3,30.6,12.6,4.5,31.5,81,26.1,9.9,60.3,31.5,0,17.1,0.9,47.7,19.4,214.2,36,0.9,34,9,108,0,3.6,1.8,0.9,5.4,9.9,0,15.3,18,2.7,89.1,12.6,58.5,0.9,54.9,0,21.6,150.3,21.6,0.9,0,1.8,54.9,3.6,6.3,68.4,1.09,0.83,2.7,33.33,18.46,0,36.14,37.5,0,0,0,16.67,0,53.85,44.55,43.28,55,52.24,100,50,86.96,33.33,70,59.63,100,80.26,0,42.11,70.17,60,100,0,50,57.14,80.26,0,15,0,36,12,0,35,23,0,1,1,9,2,8,153,65,12,0,0,0,20,202,73,32,12,109,20,1,1,1,0,5,4,4,3,0,1,0,52,1,76,0,4,57,34,14,132,1,1,5,35,90,29,11,67,35,0,19,1,53,238,40,1,9.41,2,0,10,120,98,0,4,2,1,6,11,0,17,20,3,99,14,65,1,61,0,24,167,24,1,0,2,61,4,7,76,1.21,0.92,3
Universitatea Craiova,"Universitatea Craiova - Hermannstadt, 1-0",2025-08-10 17:30:00,3,Home,26233,719,191642,4435361,5715718,3.6,21.6,0,30.6,57.6,74.7,62.1,0,1.8,4.5,1.8,1.8,127.8,75.6,18,0,0,0,15.54,13.5,168.3,54,18,9.9,126,8.1,1.8,1.8,0.9,0.9,1.8,7.2,5.4,2.7,0,0.9,0.9,30.6,0.9,196.2,27,2.7,23.84,32.4,26.1,10.8,3.6,43.2,76.5,11.7,6.3,45,14.4,0.9,9.9,1.8,24.3,19.35,444.6,35.1,0,54.9,16.2,357.3,0,4.5,6.3,0.9,10.8,10.8,1.8,11.7,53.1,0.9,84.6,7.2,96.3,0,186.3,18.9,22.5,391.5,26.1,0,0,0,186.3,3.6,10.8,196.2,1.18,1.46,1.8,50,23.81,0,32.09,55,100,0,0,8.333,0,57.14,45.45,26,46.67,32,0,41.67,92.19,20,53.33,76.43,0,94.95,70,69.44,88.06,74.36,42.86,0,0,25,94.95,100,22.22,4,24,12,0,34,64,1,0,2,5,2,2,142,84,20,0,0,0,15,187,60,20,11,140,9,2,2,1,1,2,8,6,3,0,1,1,34,1,218,30,3,36,29,12,83,1,1,4,48,85,13,7,50,16,1,11,2,27,494,39,0,11.37,18,0,18,397,69,0,5,7,1,12,12,2,13,59,1,94,8,107,0,207,21,25,435,29,0,0,0,207,4,12,218,1.31,1.62,2
Botoşani,"Botoşani - Unirea Slobozia, 4-0",2025-07-28 18:00:00,3,Home,11634,719,191642,4435361,5715702,2.7,25.2,2.7,30.6,56.7,97.2,61.2,0,1.8,7.2,0,3.6,104.4,58.5,14.4,0,0,0,21.11,17.1,154.8,58.5,23.4,8.1,128.7,12.6,0,0,0.9,0.9,3.6,9,8.1,2.7,0,3.6,0,20.7,1.8,107.1,8.1,5.4,33.26,51.3,23.4,10.8,5.4,36,75.6,18.9,9.9,47.7,23.4,2.7,15.3,7.2,27.9,17.95,347.4,43.2,0,53.2,13.5,234,0.9,3.6,5.4,1.8,6.3,7.2,0,14.4,53.1,0.9,66.6,11.7,82.8,1.8,94.5,6.3,24.3,276.3,21.6,0,0,0.9,94.5,1.8,14.4,107.1,1.5,0.39,1.8,39.29,24.62,0,37.79,34.62,100,0,0,57.14,0,61.54,48.84,39.62,57.89,49.06,0,57.14,93.65,12.5,68.42,64.34,100,88.24,77.78,47.37,79.53,50,33.33,0,50,68.75,88.24,100,14.29,3,28,11,3,34,63,1,0,2,8,0,4,116,65,16,0,0,0,19,172,65,26,9,143,14,0,0,1,1,4,10,9,3,0,4,0,23,2,119,9,6,57,26,12,108,1,1,6,40,84,21,11,53,26,3,17,8,31,386,48,0,11.42,10,0,15,260,68,1,4,6,2,7,8,0,16,59,1,74,13,92,2,105,7,27,307,24,0,0,1,105,2,16,119,1.67,0.43,2
Csikszereda Miercurea Ciuc,"UTA Arad - Csikszereda Miercurea Ciuc, 0-0",2025-09-27 14:00:00,1,Away,22731,719,191642,4435361,5715767,0,38.7,0,59.4,46.8,118.8,97.2,0,2.7,17.1,2.7,12.6,159.3,82.8,19.8,0,0,0,21.17,27.9,223.2,90.9,36.9,20.7,145.8,9.9,0,0,0.9,0.9,3.6,13.5,11.7,2.7,0,0,0.9,37.8,1.8,166.5,8.1,7.2,23.86,44.1,33.3,15.3,3.6,51.3,119.7,31.5,21.6,68.4,34.2,1.8,19.8,0,42.3,17.75,441.9,47.7,0,53.7,23.4,310.5,0,7.2,5.4,1.8,11.7,13.5,2.7,28.8,45,3.6,110.7,22.5,101.7,1.8,144.9,5.4,24.3,358.2,36.9,0,0,0,144.9,8.1,14.4,166.5,0.81,1.24,3.6,55.81,23.91,0,40.73,56.1,100,0,0,0,100,61.96,53.63,46.05,77.42,50,0,30.77,96.15,21.05,80.65,69.75,100,87.03,66.67,55.1,81.06,77.36,16.67,0,0,31.25,87.03,0,36.36,0,43,24,0,66,52,1,0,3,19,3,14,177,92,22,0,0,0,31,248,101,41,23,162,11,0,0,1,1,4,15,13,3,0,0,1,42,2,185,9,8,49,37,17,132,1,1,4,57,133,35,24,76,38,2,22,0,47,491,53,0,9.84,2,0,26,345,108,0,8,6,2,13,15,3,32,50,4,123,25,113,2,161,6,27,398,41,0,0,0,161,9,16,185,0.9,1.38,4
Hermannstadt,"Universitatea Craiova - Hermannstadt, 1-0",2025-08-10 17:30:00,0,Away,55427,719,191642,4435361,5715718,0,21.6,0,62.1,44.1,78.3,55.8,0.9,9,15.3,2.7,3.6,83.7,45,14.4,0,0,0,24.69,35.1,168.3,72,19.8,5.4,117.9,7.2,0,0,0.9,0.9,0.9,7.2,7.2,3.6,0,0,1.8,17.1,1.8,141.3,7.2,1.8,24.72,36,26.1,11.7,8.1,33.3,83.7,32.4,20.7,75.6,39.6,1.8,19.8,0.9,17.1,17.24,366.3,36.9,0,45.1,22.5,264.6,0,5.4,5.4,1.8,10.8,10.8,0.9,28.8,42.3,4.5,56.7,22.5,88.2,1.8,126,4.5,20.7,309.6,25.2,0,0.9,2.7,126,3.6,21.6,141.3,1.46,1.18,1.8,29.17,32,0,42.78,27.27,100,0,0,0,0,74,49.73,42.86,58.97,52.38,0,25,95.92,29.41,64.1,74.81,100,89.17,62.5,57.5,84.52,68.29,83.33,100,75,33.33,89.17,0,25,0,24,7,0,69,49,0,1,10,17,3,4,93,50,16,0,0,0,39,187,80,22,6,131,8,0,0,1,1,1,8,8,4,0,0,2,19,2,157,8,2,40,29,13,87,1,1,9,37,93,36,23,84,44,2,22,1,19,407,41,0,15.35,2,0,25,294,62,0,6,6,2,12,12,1,32,47,5,63,25,98,2,140,5,23,344,28,0,1,3,140,4,24,157,1.62,1.31,2
Metaloglobus,"Dinamo Bucureşti - Metaloglobus, 4-0",2025-12-14 16:45:00,0,Away,11943,719,191642,4435361,5715835,1.8,29.7,0,41.4,41.4,91.8,64.8,3.6,7.2,14.4,0.9,8.1,120.6,52.2,15.3,0.9,0,0,22.66,17.1,158.4,48.6,27.9,9,108.9,3.6,0.9,0,0.9,0.9,0.9,7.2,6.3,1.8,0,0,0.9,38.7,1.8,96.3,3.6,7.2,17.55,37.8,15.3,2.7,3.6,35.1,63,15.3,8.1,61.2,20.7,0.9,16.2,1.8,33.3,17.3,300.6,30.6,0,43.5,9,183.6,0,3.6,6.3,1.8,9.9,14.4,0,16.2,36.9,5.4,83.7,12.6,76.5,0.9,82.8,1.8,15.3,234.9,12.6,0,0,0,82.8,0.9,12.6,96.3,0.62,2.33,0.9,33.33,29.31,0,30.68,32.26,100,0,0,0,0,67.24,39.77,25,47.37,33.82,0,27.27,89.13,37.5,73.68,70.25,50,85.98,50,40.48,78.14,41.18,42.86,0,0,42.86,85.98,0,25,2,33,11,0,46,46,0,4,8,16,1,9,134,58,17,1,0,0,19,176,54,31,10,121,4,1,0,1,1,1,8,7,2,0,0,1,43,2,107,4,8,42,17,3,102,1,1,4,39,70,17,9,68,23,1,18,2,37,334,34,0,13.15,8,0,10,204,72,0,4,7,2,11,16,0,18,41,6,93,14,85,1,92,2,17,261,14,0,0,0,92,1,14,107,0.69,2.59,1
UTA Arad,"UTA Arad - Csikszereda Miercurea Ciuc, 0-0",2025-09-27 14:00:00,1,Home,30817,719,191642,4435361,5715767,0.9,38.7,0,73.8,52.2,112.5,83.7,0,5.4,23.4,5.4,0,148.5,68.4,18,0,0,0,23.21,36,223.2,85.5,30.6,9,128.7,7.2,0,0,0.9,0.9,1.8,4.5,4.5,3.6,0,0,0,41.4,2.7,107.1,3.6,4.5,28.38,37.8,33.3,12.6,3.6,36.9,94.5,31.5,20.7,82.8,41.4,0,26.1,1.8,25.2,19.62,337.5,45,0,46.3,26.1,219.6,0.9,0.9,6.3,2.7,13.5,11.7,0.9,27.9,50.4,3.6,91.8,26.1,86.4,2.7,89.1,2.7,18,261.9,24.3,0,0.9,0,89.1,0.9,24.3,107.1,1.24,0.81,0.9,34.88,26.32,0,38.31,29.41,100,0,0,0,0,53.95,42.34,38.04,57.5,50,0,20,96.55,15.38,72.5,67.13,100,83.19,75,47.62,77.6,54,28.57,100,0,25.93,83.19,0,12.5,1,43,15,0,82,58,1,0,6,26,6,0,165,76,20,0,0,0,40,248,95,34,10,143,8,0,0,1,1,2,5,5,4,0,0,0,46,3,119,4,5,42,37,14,125,1,1,4,41,105,35,23,92,46,0,29,2,28,375,50,0,10.88,7,0,29,244,93,1,1,7,3,15,13,1,31,56,4,102,29,96,3,99,3,20,291,27,0,1,0,99,1,27,119,1.38,0.9,1
Rapid Bucureşti,"Farul Constanţa - Rapid Bucureşti, 3-1",2026-02-15 16:00:00,0,Away,11566,719,191642,4435361,5715892,2.7,38.7,0.9,69.3,47.7,124.2,92.7,2.7,6.3,27,4.5,3.6,123.3,49.5,10.8,0,0,0,13.24,27.9,183.6,69.3,33.3,11.7,147.6,8.1,3.6,0.9,0.9,0,0.9,1.8,1.8,1.8,0,0.9,3.6,35.1,4.5,133.2,9,1.8,35.13,52.2,30.6,16.2,3.6,27.9,81.9,26.1,18.9,64.8,30.6,0,35.1,0.9,35.1,17.68,412.2,55.8,0,55.3,9.9,266.4,0,4.5,8.1,4.5,13.5,10.8,0.9,27.9,42.3,6.3,74.7,19.8,99.9,4.5,103.5,6.3,32.4,316.8,32.4,0,0,0.9,103.5,7.2,18.9,133.2,1.52,2.3,1.8,30.23,21.82,0,37.75,35.14,0,0,0,6.667,0,56.36,44.61,40.28,67.74,47.22,0,20,88.68,23.33,70.97,67.68,100,77.7,70,62.07,76.86,58.06,55.56,0,12.5,42.86,77.7,0,22.22,3,43,13,1,77,53,0,3,7,30,5,4,137,55,12,0,0,0,31,204,77,37,13,164,9,4,1,1,0,1,2,2,2,0,1,4,39,5,148,10,2,58,34,18,138,1,1,4,31,91,29,21,72,34,0,39,1,39,458,62,0,13.79,9,0,11,296,103,0,5,9,5,15,12,1,31,47,7,83,22,111,5,115,7,36,352,36,0,0,1,115,8,21,148,1.69,2.55,2
Oţelul,"Oţelul - Hermannstadt, 0-2",2026-03-08 13:30:00,0,Home,11571,719,191642,4435361,5715914,0,50,0,33.64,37.27,113.6,81.82,1.82,1.82,9.09,1.82,2.73,131.8,46.36,8.18,0,0,1.82,16.28,20,169.1,72.73,49.09,20.91,109.1,7.27,5.45,2.73,0.91,0.91,0.91,8.18,7.27,3.64,0,0,0.91,35.45,0,61.82,6.36,8.18,25.34,59.09,23.64,12.73,9.09,30,91.82,27.27,14.55,49.09,30,4.55,23.64,0.91,37.27,18.15,260,46.36,0,41.5,5.45,145.4,2.73,0,1.82,0,3.64,10.91,0.91,17.27,31.82,2.73,87.27,18.18,67.27,0,54.55,5.45,33.64,190,28.18,0,0,1.82,54.55,6.36,10.91,61.82,0.03,1.45,1.82,43.64,17.65,0,43.01,42.59,100,0,0,0,0,64.71,54.3,55.56,72.73,61.11,0,0,85.37,30,90.91,61.67,0,88.24,85.71,56.92,73.08,60.78,100,0,28.57,25,88.24,0,25,0,55,24,0,37,41,0,2,2,10,2,3,145,51,9,0,0,2,22,186,80,54,23,120,8,6,3,1,1,1,9,8,4,0,0,1,39,0,68,7,9,65,26,14,125,1,1,10,33,101,30,16,54,33,5,26,1,41,286,51,0,13.5,9,0,6,160,90,3,0,2,0,4,12,1,19,35,3,96,20,74,0,60,6,37,209,31,0,0,2,60,7,12,68,0.03,1.59,2
Petrolul 52,"Rapid Bucureşti - Petrolul 52, 1-1",2026-02-06 19:00:00,1,Away,60390,719,191642,4435361,5715884,0.91,38.18,0.91,17.27,41.82,94.55,62.73,0.91,2.73,3.64,0,10.91,154.6,62.73,10.91,0,0,0,13.98,7.27,165.4,53.64,30.91,16.36,108.2,16.36,0,0,0.91,0,4.55,8.18,5.45,2.73,0,0.91,1.82,53.64,0,69.09,7.27,7.27,22.98,37.27,27.27,8.18,5.45,39.09,79.09,13.64,2.73,37.27,16.36,0.91,8.18,3.64,50,18.02,248.2,23.64,0,32.7,9.09,173.6,0.91,1.82,3.64,0,5.45,17.27,0.91,4.55,39.09,0.91,110.9,3.64,67.27,0,62.73,7.27,18.18,195.4,14.55,0,0,0,62.73,2.73,6.36,69.09,0.67,1.62,4.55,47.62,17.39,0,32.42,52.94,0,0,0,16.67,50,62.32,47.8,36.59,37.5,43.9,0,16.67,93.48,25,50,62.18,0,90.79,100,48.78,78.75,61.54,50,0,0,14.29,90.79,0,27.78,1,42,20,1,19,46,0,1,3,4,0,12,170,69,12,0,0,0,8,182,59,34,18,119,18,0,0,1,0,5,9,6,3,0,1,2,59,0,76,8,8,41,30,9,104,1,1,6,43,87,15,3,41,18,1,9,4,55,273,26,0,16.1,19,0,10,191,69,1,2,4,0,6,19,1,5,43,1,122,4,74,0,69,8,20,215,16,0,0,0,69,3,7,76,0.74,1.78,5
Metaloglobus,"Csikszereda Miercurea Ciuc - Metaloglobus, 2-2",2025-09-22 17:00:00,1,Away,11943,719,191642,4435361,5715753,3.64,26.36,0,49.09,65.45,76.36,60,1.82,6.36,13.64,3.64,7.27,121.8,59.09,9.09,0,0,0,15.39,18.18,159.1,50.91,24.55,8.18,154.6,9.09,0,0,0.91,0.91,0.91,10,9.09,2.73,0,1.82,0.91,36.36,0.91,141.8,10,7.27,29.21,34.55,26.36,10.91,3.64,32.73,68.18,14.55,12.73,47.27,20.91,0.91,20,2.73,24.55,20.33,415.4,53.64,0,54.9,20.91,306.4,0,2.73,10,0.91,16.36,16.36,0.91,27.27,62.73,5.45,79.09,15.45,117.3,0.91,126.4,6.36,18.18,348.2,34.55,0,0,0.91,126.4,1.82,12.73,141.8,1.39,2.27,2.73,37.93,15.38,0,32,33.33,100,0,0,11.11,100,55.38,42.86,30.77,70,44.23,0,55.56,95.83,40,85,75.88,100,89.1,63.64,52.63,83.81,64.41,54.55,0,50,42.86,89.1,0,30,4,29,11,0,54,72,0,2,7,15,4,8,134,65,10,0,0,0,20,175,56,27,9,170,10,0,0,1,1,1,11,10,3,0,2,1,40,1,156,11,8,38,29,12,84,1,1,4,36,75,16,14,52,23,1,22,3,27,457,59,0,8.59,10,0,23,337,66,0,3,11,1,18,18,1,30,69,6,87,17,129,1,139,7,20,383,38,0,0,1,139,2,14,156,1.53,2.5,3
Rapid Bucureşti,"FCS Bucureşti - Rapid Bucureşti, 2-1",2025-12-21 19:00:00,0,Away,11566,719,191642,4435361,5715845,2.73,30,0,24.55,52.73,106.4,70.91,1.82,1.82,10,3.64,6.36,117.3,57.27,11.82,0,0,0,10.87,7.27,160.9,59.09,26.36,12.73,147.3,11.82,2.73,0.91,0.91,0.91,0.91,5.45,5.45,1.82,0,0.91,0.91,30,0.91,109.1,6.36,0,35.32,48.18,12.73,6.36,5.45,36.36,78.18,21.82,3.64,60.91,27.27,2.73,22.73,0.91,34.55,18.25,360.9,40.91,0.91,48.9,13.64,249.1,0,10,3.64,0.91,7.27,10.91,0,8.18,45.45,1.82,80,4.55,106.4,0.91,95.45,4.55,27.27,290,26.36,0.91,0,0.91,95.45,1.82,10.91,109.1,1,1.33,3.64,45.45,20.63,0,36.72,48.28,100,0,0,12.5,0,63.49,48.59,35.82,50,44.78,100,37.5,86.21,18.18,62.5,72.22,100,87.5,71.43,56.6,80.35,64.44,0,0,50,41.67,87.5,0,30.77,3,33,15,0,27,58,0,2,2,11,4,7,129,63,13,0,0,0,8,177,65,29,14,162,13,3,1,1,1,1,6,6,2,0,1,1,33,1,120,7,0,53,14,7,117,1,1,6,40,86,24,4,67,30,3,25,1,38,397,45,1,12.58,5,0,15,274,78,0,11,4,1,8,12,0,9,50,2,88,5,117,1,105,5,30,319,29,1,0,1,105,2,12,120,1.1,1.46,4
Csikszereda Miercurea Ciuc,"Csikszereda Miercurea Ciuc - Dinamo Bucureşti, 2-2",2025-07-14 20:30:00,1,Home,22731,719,191642,4435361,5715687,1.82,23.64,0.91,21.82,30,99.09,75.45,1.82,0,5.45,0.91,8.18,117.3,56.36,14.55,0,0,0,17.99,11.82,145.4,55.45,20.91,9.09,95.45,11.82,0.91,0,0.91,0.91,6.36,5.45,5.45,8.18,0,1.82,0,37.27,1.82,54.55,5.45,6.36,30.31,41.82,20.91,9.09,5.45,30.91,68.18,16.36,5.45,44.55,20,1.82,12.73,0.91,46.36,19.41,201.8,29.09,0,29.4,7.27,108.2,0,2.73,3.64,1.82,4.55,15.45,0,10,26.36,2.73,80,6.36,57.27,1.82,41.82,3.64,16.36,140,14.55,0,0,0.91,41.82,2.73,4.55,54.55,0.29,1.46,0.91,50,25.81,0,38.13,43.48,100,0,0,20,0,54.84,46.88,36.73,46.15,44.9,0,40,87.88,50,53.85,60,100,76.67,66.67,39.13,69.37,50,50,0,33.33,20,76.67,0,7.692,2,26,13,1,24,33,0,2,0,6,1,9,129,62,16,0,0,0,13,160,61,23,10,105,13,1,0,1,1,7,6,6,9,0,2,0,41,2,60,6,7,46,23,10,109,1,1,6,34,75,18,6,49,22,2,14,1,51,222,32,0,30.62,12,0,8,119,83,0,3,4,2,5,17,0,11,29,3,88,7,63,2,46,4,18,154,16,0,0,1,46,3,5,60,0.32,1.61,1
Farul Constanţa,"Farul Constanţa - Dinamo Bucureşti, 2-3",2026-02-04 19:30:00,0,Home,61242,719,191642,4435361,5715874,3.64,30,0.91,31.82,46.36,123.6,90.91,2.73,3.64,1.82,2.73,11.82,157.3,84.55,15.45,0,0,0,19.3,19.09,207.3,67.27,26.36,11.82,124.5,14.55,2.73,1.82,0.91,0,2.73,9.09,8.18,4.55,0,1.82,0,42.73,1.82,53.64,0.91,6.36,27.38,59.09,32.73,11.82,10.91,41.82,88.18,21.82,11.82,60,27.27,0.91,25.45,1.82,37.27,20.32,267.3,50.91,0.91,36.7,7.27,140.9,0,2.73,4.55,1.82,9.09,19.09,1.82,17.27,38.18,0,97.27,14.55,73.64,1.82,44.55,0.91,28.18,187.3,28.18,0.91,1.82,2.73,44.55,10,10,53.64,1.77,2.71,0.91,42.42,18.28,0,32.46,44.83,0,0,0,20,0,49.46,42.54,36.36,61.9,45.45,100,40,82.35,0,76.19,59.12,100,83.05,100,47.69,70.07,55.36,60,100,27.27,36.36,83.05,0,6.25,4,33,14,1,35,51,0,3,4,2,3,13,173,93,17,0,0,0,21,228,74,29,13,137,16,3,2,1,0,3,10,9,5,0,2,0,47,2,59,1,7,65,36,13,136,1,1,12,46,97,24,13,66,30,1,28,2,41,294,56,1,9.79,12,0,8,155,100,0,3,5,2,10,21,2,19,42,0,107,16,81,2,49,1,31,206,31,1,2,3,49,11,11,59,1.95,2.98,1
Metaloglobus,"FCS Bucureşti - Metaloglobus, 0-0",2026-03-15 19:30:00,1,Away,11943,719,191642,4437511,5822251,3.64,37.27,0,18.18,28.18,105.5,68.18,0,4.55,3.64,1.82,10.91,170,68.18,12.73,0,0,0,18.74,10.91,161.8,41.82,32.73,11.82,86.36,11.82,0.91,0,0.91,0,2.73,9.09,7.27,7.27,0,0,0.91,64.55,1.82,69.09,0.91,6.36,29.8,32.73,24.55,5.45,3.64,36.36,61.82,8.18,4.55,31.82,11.82,0,10,0,60,17.04,218.2,19.09,0,26.9,7.27,143.6,0,3.64,1.82,1.82,3.64,22.73,0,8.18,28.18,1.82,112.7,8.18,60,1.82,56.36,0,15.45,172.7,10.91,0,0,0,56.36,2.73,7.27,69.09,0.15,2.43,0.91,31.71,18.67,0,25.84,36.11,0,0,0,0,100,53.33,38.2,25.71,41.67,37.14,0,50,100,50,75,69.47,100,81.58,0,47.22,79.17,57.14,50,0,0,50,81.58,0,7.692,4,41,13,0,20,31,1,0,5,4,2,12,187,75,14,0,0,0,12,178,46,36,13,95,13,1,0,1,0,3,10,8,8,0,0,1,71,2,76,1,7,36,27,6,116,1,1,4,40,68,9,5,35,13,0,11,0,66,240,21,0,25,13,0,8,158,75,0,4,2,2,4,25,0,9,31,2,124,9,66,2,62,0,17,190,12,0,0,0,62,3,8,76,0.16,2.67,1
Universitatea Craiova,"Oţelul - Universitatea Craiova, 1-0",2025-09-20 20:00:00,0,Away,26233,719,191642,4435361,5715758,0,30.91,0,64.55,53.64,109.1,68.18,0.91,5.45,14.55,5.45,2.73,120,51.82,15.45,0.91,0,0,19.16,33.64,183.6,84.55,20.91,7.27,151.8,10.91,1.82,0,0.91,0.91,0.91,10.91,10,0,0,0,0.91,37.27,1.82,134.6,4.55,1.82,29.1,44.55,31.82,15.45,8.18,31.82,90,29.09,18.18,69.09,40,0,26.36,0.91,28.18,17.07,410.9,57.27,0,60,18.18,287.3,0,9.09,7.27,1.82,14.55,9.09,1.82,25.45,46.36,2.73,82.73,24.55,114.5,0.91,112.7,3.64,21.82,328.2,38.18,0,0,0.91,112.7,3.64,17.27,134.6,0.88,1.65,3.64,44.12,29.82,0,46.04,34.78,100,0,0,0,0,61.4,49.01,42.11,54.05,57.89,0,31.25,86.44,18.75,72.97,75.45,50,83.78,80,48.98,79.87,66.67,50,0,25,31.58,83.78,0,33.33,0,34,15,0,71,59,0,1,6,16,6,3,132,57,17,1,0,0,37,202,93,23,8,167,12,2,0,1,1,1,12,11,0,0,0,1,41,2,148,5,2,49,35,17,120,1,1,9,35,99,32,20,76,44,0,29,1,31,452,63,0,5.6,2,0,20,316,75,0,10,8,2,16,10,2,28,51,3,91,27,126,1,124,4,24,361,42,0,0,1,124,4,19,148,0.97,1.81,4
Botoşani,"Botoşani - UTA Arad, 2-1",2025-10-06 19:30:00,3,Home,11634,719,191642,4435361,5715771,4.55,44.55,0,43.64,37.27,142.7,88.18,0.91,3.64,11.82,6.36,5.45,148.2,70.91,12.73,0,0,0,15.63,20,240.9,94.55,42.73,19.09,141.8,10.91,0,0,0.91,0,0.91,10.91,7.27,2.73,0,1.82,0.91,32.73,2.73,70,6.36,4.55,26.73,61.82,45.45,24.55,5.45,41.82,111.8,25.45,9.09,80,37.27,3.64,26.36,5.45,37.27,17.32,300.9,50,0.91,58.3,9.09,141.8,0,6.36,6.36,2.73,9.09,10,2.73,16.36,31.82,2.73,94.55,17.27,79.09,2.73,44.55,4.55,25.45,196.4,20,0.91,0,0.91,44.55,10,13.64,70,1.46,1.13,0.91,44.9,17.95,0,39.25,44.68,0,0,0,20,0,58.97,46.42,31.82,45.45,46.59,100,50,85.37,23.08,86.36,55.77,100,63.64,71.43,41.18,65.26,40,71.43,0,9.09,40,63.64,100,8.333,5,49,22,0,48,41,0,1,4,13,7,6,163,78,14,0,0,0,22,265,104,47,21,156,12,0,0,1,0,1,12,8,3,0,2,1,36,3,77,7,5,68,50,27,157,1,1,6,46,123,28,10,88,41,4,29,6,41,331,55,1,4.67,6,0,10,156,97,0,7,7,3,10,11,3,18,35,3,104,19,87,3,49,5,28,216,22,1,0,1,49,11,15,77,1.61,1.24,1
Hermannstadt,"Petrolul 52 - Hermannstadt, 1-1",2025-08-16 20:30:00,1,Away,55427,719,191642,4435361,5715726,2.73,27.27,0.91,50.91,47.27,99.09,69.09,0.91,9.09,20,4.55,5.45,113.6,42.73,7.27,0.91,0,0,20.29,20.91,159.1,60,24.55,10.91,144.6,9.09,1.82,0,0.91,0.91,1.82,5.45,5.45,1.82,0,0.91,1.82,43.64,2.73,157.3,14.55,0.91,30.88,28.18,19.09,8.18,2.73,29.09,77.27,28.18,8.18,70,32.73,3.64,20,0.91,36.36,18.07,417.3,46.36,0,56,22.73,297.3,0,4.55,5.45,2.73,9.09,11.82,0.91,15.45,44.55,2.73,84.55,12.73,110.9,2.73,138.2,12.73,14.55,351.8,35.45,0,0.91,0.91,138.2,3.64,15.45,157.3,0.67,1.42,0.91,43.33,17.02,0,37.71,44.44,100,0,0,10,50,68.09,48.57,40.26,39.13,46.75,0,40,94.23,13.64,60.87,76.73,100,87.86,87.5,51.61,84.31,76.47,50,100,25,35.29,87.86,0,10,3,30,13,1,56,52,0,1,10,22,5,6,125,47,8,1,0,0,23,175,66,27,12,159,10,2,0,1,1,2,6,6,2,0,1,2,48,3,173,16,1,31,21,9,109,1,1,3,32,85,31,9,77,36,4,22,1,40,459,51,0,9.55,6,0,25,327,76,0,5,6,3,10,13,1,17,49,3,93,14,122,3,152,14,16,387,39,0,1,1,152,4,17,173,0.74,1.56,1
Hermannstadt,"Rapid Bucureşti - Hermannstadt, 1-2",2025-09-21 20:00:00,3,Away,55427,719,191642,4435361,5715757,7.27,33.64,1.82,52.73,40,101.8,83.64,0.91,2.73,14.55,3.64,9.09,147.3,71.82,10.91,2.73,0,0,22.54,29.09,213.6,70,30,12.73,106.4,10.91,5.45,1.82,0.91,0.91,0.91,6.36,6.36,2.73,0,1.82,0.91,41.82,2.73,81.82,3.64,0.91,35.2,42.73,30.91,8.18,6.36,40,91.82,30,16.36,77.27,37.27,2.73,26.36,0.91,31.82,19.14,270.9,40.91,0,38.8,20,170.9,0,5.45,3.64,2.73,9.09,12.73,0,25.45,37.27,6.36,95.45,23.64,71.82,2.73,70,2.73,24.55,217.3,20.91,0,0,0.91,70,3.64,12.73,81.82,1.47,0.86,1.82,40.54,15.19,0,32.77,42.42,100,0,0,20,0,55.7,42.98,38.82,56.25,48.24,0,30,93.18,43.75,81.25,67.52,100,85.56,75,57.45,80.2,51.11,50,0,25,57.14,85.56,100,16.67,8,37,15,2,58,44,0,1,3,16,4,10,162,79,12,3,0,0,32,235,77,33,14,117,12,6,2,1,1,1,7,7,3,0,2,1,46,3,90,4,1,47,34,9,112,1,1,7,44,101,33,18,85,41,3,29,1,35,298,45,0,17.77,12,0,22,188,92,0,6,4,3,10,14,0,28,41,7,105,26,79,3,77,3,27,239,23,0,0,1,77,4,14,90,1.62,0.95,2
Universitatea Cluj,"Botoşani - Universitatea Cluj, 1-3",2026-02-20 19:00:00,3,Away,60374,719,191642,4435361,5715901,2.73,24.55,2.73,38.18,24.55,132.7,89.09,0.91,2.73,6.36,3.64,9.09,180,69.09,11.82,0.91,0,0,22.16,23.64,180,66.36,23.64,11.82,113.6,13.64,1.82,0,0.91,0.91,1.82,7.27,4.55,3.64,0,2.73,0.91,86.36,2.73,52.73,0.91,7.27,29.32,59.09,26.36,10.91,4.55,34.55,80,21.82,9.09,60,30.91,0,20,0.91,58.18,19.53,220,30.91,0,33.3,12.73,92.73,0,0.91,6.36,2.73,8.18,13.64,0,13.64,20.91,1.82,133.6,16.36,46.36,2.73,39.09,0,20,125.5,10,0,0,0,39.09,2.73,14.55,52.73,0.75,1.26,3.64,51.85,17.11,0,36.87,50,100,0,0,33.33,100,50,44.44,36.36,38.46,51.52,0,33.33,85.19,28.57,69.23,40.8,100,74.14,0,33.85,57.02,32.35,42.86,0,0,50,74.14,100,26.67,3,27,14,3,42,27,0,1,3,7,4,10,198,76,13,1,0,0,26,198,73,26,13,125,15,2,0,1,1,2,8,5,4,0,3,1,95,3,58,1,8,65,29,12,146,1,1,5,38,88,24,10,66,34,0,22,1,64,242,34,0,8.51,29,0,14,102,98,0,1,7,3,9,15,0,15,23,2,147,18,51,3,43,0,22,138,11,0,0,0,43,3,16,58,0.83,1.39,4
Csikszereda Miercurea Ciuc,"Csikszereda Miercurea Ciuc - Metaloglobus, 2-2",2025-09-22 17:00:00,1,Home,22731,719,191642,4435361,5715753,0.91,26.36,1.82,57.27,41.82,92.73,64.55,1.82,2.73,18.18,4.55,5.45,104.5,47.27,7.27,0,0,0,14.49,21.82,159.1,60,23.64,11.82,119.1,5.45,4.55,1.82,0.91,0,6.36,0,0,7.27,0,1.82,3.64,30.91,3.64,98.18,8.18,1.82,31.6,53.64,26.36,10,5.45,32.73,80.91,26.36,15.45,59.09,30.91,2.73,20.91,0.91,31.82,20.45,292.7,36.36,0,45.1,12.73,177.3,0,6.36,9.09,3.64,16.36,16.36,0.91,25.45,38.18,4.55,75.45,19.09,83.64,3.64,84.55,5.45,36.36,228.2,31.82,0,0,1.82,84.55,3.64,18.18,98.18,2.27,1.39,0.91,44.83,15.38,0,37.71,50,0,0,0,11.11,50,69.23,50.86,44.62,70.83,52.31,0,33.33,91.3,25,87.5,70.23,100,86.11,66.67,67.8,77.95,87.5,40,0,50,30,86.11,0,16.67,1,29,13,2,63,46,0,2,3,20,5,6,115,52,8,0,0,0,24,175,66,26,13,131,6,5,2,1,0,7,0,0,8,0,2,4,34,4,108,9,2,59,29,11,102,1,1,6,36,89,29,17,65,34,3,23,1,35,322,40,0,16.79,21,0,14,195,71,0,7,10,4,18,18,1,28,42,5,83,21,92,4,93,6,40,251,35,0,0,2,93,4,20,108,2.5,1.53,1
Dinamo Bucureşti,"Dinamo Bucureşti - CFR Cluj, 2-1",2025-10-31 19:30:00,3,Home,11564,719,191642,4435361,5715792,0.91,31.82,0.91,55.45,70.91,116.4,80.91,0.91,4.55,17.27,2.73,3.64,119.1,41.82,13.64,0,0,0,16.42,21.82,161.8,66.36,30,15.45,154.6,4.55,1.82,0,0.91,0,1.82,0,0,4.55,0,1.82,1.82,45.45,3.64,158.2,8.18,0.91,29.12,28.18,19.09,5.45,7.27,32.73,80,26.36,16.36,69.09,31.82,6.36,27.27,0,33.64,18.94,475.4,60.91,0,62,28.18,350,0,1.82,9.09,3.64,13.64,9.09,2.73,27.27,66.36,3.64,93.64,19.09,114.5,2.73,140.9,3.64,12.73,399.1,44.55,0,0.91,0.91,140.9,2.73,21.82,158.2,1.72,1.04,0.91,48.57,32.61,0,41.01,51.52,0,0,0,13.33,100,78.26,49.44,38.16,75,46.05,0,46.67,93.59,21.05,87.5,74.12,75,89.08,44.44,45.16,83.94,73.13,50,33.33,33.33,50,89.08,100,20,1,35,17,1,61,78,0,1,5,19,3,4,131,46,15,0,0,0,24,178,73,33,17,170,5,2,0,1,0,2,0,0,5,0,2,2,50,4,174,9,1,31,21,6,128,1,1,8,36,88,29,18,76,35,7,30,0,37,523,67,0,7.32,5,0,31,385,89,0,2,10,4,15,10,3,30,73,4,103,21,126,3,155,4,14,439,49,0,1,1,155,3,24,174,1.89,1.14,1
Petrolul 52,"Metaloglobus - Petrolul 52, 1-0",2026-03-21 14:00:00,0,Away,60390,719,191642,4437511,5823755,4.55,39.09,0,44.55,45.45,107.3,82.73,0.91,6.36,16.36,4.55,4.55,132.7,58.18,14.55,0,0,0,23.57,13.64,180.9,61.82,35.45,18.18,141.8,12.73,0,0,0.91,0.91,1.82,10.91,10.91,0,0,0,2.73,35.45,3.64,132.7,5.45,0.91,31.46,43.64,30.91,11.82,6.36,38.18,90,20,5.45,52.73,15.45,1.82,27.27,0,32.73,17.84,383.6,56.36,0,56.5,18.18,251.8,0,10,7.27,3.64,7.27,10.91,7.27,16.36,40.91,6.36,93.64,5.45,110,3.64,113.6,3.64,30.91,311.8,40.91,0,2.73,4.55,113.6,12.73,10,132.7,0.68,1.15,3.64,51.16,25,0,34.17,51.28,100,0,0,0,33.33,65.63,49.75,37.93,40,29.31,0,25,90,38.89,40,77.56,100,85.62,66.67,70.83,81.28,72.58,75,37.5,35.71,9.09,85.62,0,28.57,5,43,22,0,49,50,0,1,7,18,5,5,146,64,16,0,0,0,15,199,68,39,20,156,14,0,0,1,1,2,12,12,0,0,0,3,39,4,146,6,1,48,34,13,118,1,1,7,42,99,22,6,58,17,2,30,0,36,422,62,0,5.5,24,0,20,277,91,0,11,8,4,8,12,8,18,45,7,103,6,121,4,125,4,34,343,45,0,3,5,125,14,11,146,0.75,1.26,4
Hermannstadt,"Argeș - Hermannstadt, 3-1",2026-02-06 16:00:00,0,Away,55427,719,191642,4435361,5715881,0,39.49,0,30.31,31.22,98.27,56.94,2.76,1.84,12.86,1.84,3.67,126.7,56.02,11.02,0,0,0.92,12.75,12.86,180,61.53,33.98,20.2,87.24,7.35,1.84,0.92,0.92,0.92,0.92,10.1,9.18,3.67,0,0.92,0,31.22,0,52.35,0,10.1,19.83,25.71,32.14,10.1,3.67,42.24,93.67,19.29,9.18,52.35,18.37,0,14.69,2.76,42.24,17.45,208.5,24.8,0,31.7,3.67,105.6,0.92,0,2.76,0,4.59,11.94,0,13.78,28.47,2.76,95.51,6.43,48.67,0,39.49,0,12.86,138.7,13.78,0,0,0,39.49,0.92,6.43,52.35,0.61,0.96,0.92,55.81,19.67,0,34.18,59.46,100,0,0,20,0,75.41,52.04,36.84,71.43,35.09,0,40,91.18,21.43,50,55.79,0,75.44,0,50,66.52,55.56,33.33,0,0,28.57,75.44,0,12.5,0,43,24,0,33,34,0,3,2,14,2,4,138,61,12,0,0,1,14,196,67,37,22,95,8,2,1,1,1,1,11,10,4,0,1,0,34,0,57,0,11,28,35,11,107,1,1,4,46,102,21,10,57,20,0,16,3,46,227,27,0,16.4,1,0,4,115,62,1,0,3,0,5,13,0,15,31,3,104,7,53,0,43,0,14,151,15,0,0,0,43,1,7,57,0.66,1.04,1
Oţelul,"Oţelul - FCS Bucureşti, 1-4",2026-02-08 19:00:00,0,Home,11571,719,191642,4435361,5715882,1.84,44.08,0,32.14,58.78,118.5,82.65,3.67,2.76,10.1,5.51,11.94,136.8,47.76,6.43,0.92,0.92,0.92,14.2,13.78,175.4,66.12,42.24,21.12,99.18,11.02,2.76,2.76,0.92,0,0.92,2.76,2.76,8.27,0,0.92,0,45,0,85.41,8.27,2.76,28.63,46.84,18.37,10.1,0,22.04,77.14,23.88,7.35,65.2,28.47,0.92,28.47,0,42.24,19.56,288.4,38.57,0,48.7,7.35,171.7,0.92,2.76,3.67,0,8.27,21.12,0,13.78,54.18,3.67,88.16,9.18,58.78,0,75.31,6.43,24.8,220.4,25.71,0,0,0,75.31,0.92,5.51,85.41,0.78,3.89,1.84,47.92,13.46,100,37.7,50,0,0,0,11.11,0,46.15,43.98,36.62,53.33,43.66,0,33.33,92.19,36.36,66.67,59.26,0,88.17,77.78,52.94,76.43,66.67,75,0,0,16.67,88.17,0,16.67,2,48,23,0,35,64,0,4,3,11,6,13,149,52,7,1,1,1,15,191,72,46,23,108,12,3,3,1,0,1,3,3,9,0,1,0,49,0,93,9,3,51,20,11,129,1,1,0,24,84,26,8,71,31,1,31,0,46,314,42,0,11.57,8,0,8,187,90,1,3,4,0,9,23,0,15,59,4,96,10,64,0,82,7,27,240,28,0,0,0,82,1,6,93,0.85,4.24,2
Argeș,"Argeș - Metaloglobus, 2-1",2025-08-31 15:00:00,3,Home,23334,719,191642,4435361,5715740,0,53.27,0,46.84,36.73,93.67,78.98,0.92,3.67,12.86,4.59,1.84,141.4,67.96,12.86,0.92,0,0,19.91,20.2,193.8,82.65,47.76,23.88,86.33,9.18,1.84,0.92,0.92,0.92,0,4.59,4.59,0.92,0,1.84,0.92,20.2,0.92,74.39,0.92,4.59,29.03,56.94,17.45,11.02,0,46.84,109.3,22.96,9.18,55.1,30.31,0,32.14,0,21.12,26.06,218.6,46.84,0.92,39.5,8.27,122.1,0,0,4.59,0.92,13.78,9.18,0,17.45,33.06,4.59,95.51,12.86,46.84,0.92,66.12,0.92,22.96,156.1,22.04,0.92,0,0.92,66.12,5.51,14.69,74.39,2.03,1.58,1.84,53.45,18.92,0,42.65,50,100,0,0,13.33,0,68.92,56.4,41.67,45.45,55,100,26.67,90,35.71,63.64,54.26,100,88.89,100,40.32,71.43,47.06,40,0,16.67,31.25,88.89,100,20,0,58,31,0,51,40,0,1,4,14,5,2,154,74,14,1,0,0,22,211,90,52,26,94,10,2,1,1,1,0,5,5,1,0,2,1,22,1,81,1,5,62,19,12,102,1,1,0,51,119,25,10,60,33,0,35,0,23,238,51,1,15.59,3,0,9,133,86,0,0,5,1,15,10,0,19,36,5,104,14,51,1,72,1,25,170,24,1,0,1,72,6,16,81,2.21,1.72,2
Farul Constanţa,"Metaloglobus - Farul Constanţa, 2-1",2025-12-07 16:30:00,0,Away,61242,719,191642,4435361,5715826,4.59,34.9,0,59.69,67.96,116.6,86.33,1.84,9.18,25.71,1.84,6.43,138.7,60.61,10.1,0,0,0,25.88,19.29,180.9,74.39,33.98,17.45,146,9.18,2.76,1.84,0.92,0.92,2.76,5.51,5.51,2.76,0,0.92,2.76,43.16,0.92,150.6,4.59,0.92,32.27,64.29,18.37,10.1,5.51,42.24,98.27,27.55,9.18,67.04,35.82,0.92,33.98,1.84,24.8,18.24,439,58.78,0,64,14.69,299.4,0.92,4.59,6.43,0.92,13.78,11.02,0.92,20.2,62.45,8.27,103.8,15.61,102.9,0.92,127.7,3.67,33.98,350.8,41.33,0,0.92,0.92,127.7,1.84,22.96,150.6,1.15,1.59,0.92,52.63,16.67,0,41.12,51.35,100,0,0,6.667,33.33,69.7,54.31,41.1,47.62,53.42,0,13.33,91.89,32.14,80.95,70.44,100,84.76,80,52.86,79.92,70.31,57.14,100,50,16,84.76,0,10,5,38,20,0,65,74,0,2,10,28,2,7,151,66,11,0,0,0,21,197,81,37,19,159,10,3,2,1,1,3,6,6,3,0,1,3,47,1,164,5,1,70,20,11,127,1,1,6,46,107,30,10,73,39,1,37,2,27,478,64,0,5.4,32,0,16,326,94,1,5,7,1,15,12,1,22,68,9,113,17,112,1,139,4,37,382,45,0,1,1,139,2,25,164,1.25,1.73,1
Oţelul,"Oţelul - Rapid Bucureşti, 1-1",2025-08-11 20:30:00,1,Home,11571,719,191642,4435361,5715716,1.84,35.82,0,39.49,49.59,102.9,78.98,0.92,1.84,6.43,3.67,6.43,143.3,70.71,20.2,1.84,0,0,13.38,16.53,196.5,71.63,34.9,14.69,113,11.94,4.59,2.76,0.92,0.92,2.76,5.51,5.51,6.43,0,0.92,2.76,36.73,0.92,82.65,8.27,5.51,29.55,38.57,33.06,11.94,8.27,39.49,84.49,17.45,8.27,56.94,23.88,0,28.47,2.76,37.65,18.45,294.8,37.65,0,44.9,17.45,195.6,0,0.92,7.35,0.92,16.53,14.69,0,15.61,48.67,1.84,91.84,10.1,77.14,0.92,70.71,7.35,19.29,237.9,22.04,0,0,0,70.71,0.92,12.86,82.65,1.23,1.17,0.92,43.59,28.57,0,36.45,42.11,100,0,0,5.556,33.33,55.84,42.99,30.65,50,41.94,0,33.33,98.15,28.57,61.11,68.29,100,85.56,88.89,50,80.69,58.54,50,0,0,28.57,85.56,0,7.692,2,39,17,0,43,54,0,1,2,7,4,7,156,77,22,2,0,0,18,214,78,38,16,123,13,5,3,1,1,3,6,6,7,0,1,3,40,1,90,9,6,42,36,13,112,1,1,9,43,92,19,9,62,26,0,31,3,41,321,41,0,9.13,11,0,19,213,86,0,1,8,1,18,16,0,17,53,2,100,11,84,1,77,8,21,259,24,0,0,0,77,1,14,90,1.34,1.27,1
UTA Arad,"Universitatea Craiova - UTA Arad, 1-2",2025-11-09 16:30:00,3,Away,30817,719,191642,4435361,5715803,2.76,32.14,0,25.71,28.47,89.08,61.53,0.92,0.92,4.59,0,2.76,143.3,57.86,12.86,0,0,0,14.96,17.45,176.3,55.1,26.63,5.51,86.33,5.51,1.84,0.92,0.92,0,2.76,12.86,10.1,2.76,0,1.84,0,53.27,0.92,55.1,0.92,11.02,25.02,39.49,33.98,11.02,1.84,35.82,75.31,22.04,7.35,52.35,24.8,1.84,11.02,1.84,38.57,19.22,203.9,24.8,0,30.6,8.27,108.4,0,2.76,0,0.92,3.67,18.37,0,10.1,26.63,0.92,95.51,11.02,56.94,0,44.08,0.92,19.29,152.4,12.86,0,0,0,44.08,0.92,2.76,55.1,0.28,2.27,1.84,20,22.22,0,31.25,20.69,0,0,0,50,0,61.9,42.71,42.11,42.11,47.37,0,50,93.55,20,63.16,65.96,0,80,100,48.84,74.77,51.85,0,0,0,66.67,80,100,33.33,3,35,7,0,28,31,0,1,1,5,0,3,156,63,14,0,0,0,19,192,60,29,6,94,6,2,1,1,0,3,14,11,3,0,2,0,58,1,60,1,12,43,37,12,97,1,1,2,39,82,24,8,57,27,2,12,2,42,222,27,0,13.92,12,0,9,118,67,0,3,0,1,4,20,0,11,29,1,104,12,62,0,48,1,21,166,14,0,0,0,48,1,3,60,0.3,2.47,2
Hermannstadt,"Hermannstadt - Farul Constanţa, 1-0",2025-08-25 18:00:00,3,Home,55427,719,191642,4435361,5715729,0,25.71,0.92,36.73,49.59,111.1,85.41,0,1.84,12.86,2.76,5.51,130.4,69.8,21.12,0,0,0,21.09,14.69,190.1,75.31,22.96,9.18,146.9,11.94,2.76,1.84,0.92,0.92,2.76,15.61,12.86,0.92,0,0.92,0,34.9,1.84,66.12,10.1,7.35,26.31,49.59,42.24,19.29,6.43,48.67,97.35,18.37,9.18,52.35,23.88,3.67,14.69,0,44.08,16.66,316.8,37.65,0,37.3,11.02,208.5,0,8.27,6.43,1.84,8.27,10.1,0.92,20.2,47.76,7.35,94.59,11.94,101.9,1.84,50.51,7.35,27.55,243.4,21.12,0,0.92,0.92,50.51,3.67,15.61,66.12,1.39,1.21,2.76,42.86,30.26,0,39.61,40,100,0,0,11.11,0,69.74,51.21,35.09,62.5,45.61,0,33.33,96.3,57.14,81.25,69.38,100,76.39,72.73,55.56,76.81,56.1,57.14,100,25,41.18,76.39,100,23.08,0,28,12,1,40,54,1,0,2,14,3,6,142,76,23,0,0,0,16,207,82,25,10,160,13,3,2,1,1,3,17,14,1,0,1,0,38,2,72,11,8,54,46,21,121,1,1,7,53,106,20,10,57,26,4,16,0,48,345,41,0,12.28,5,0,12,227,93,0,9,7,2,9,11,1,22,52,8,103,13,111,2,55,8,30,265,23,0,1,1,55,4,17,72,1.51,1.32,3
Unirea Slobozia,"Botoşani - Unirea Slobozia, 3-2",2026-03-16 16:30:00,0,Away,11663,719,191642,4437511,5822254,2.76,37.65,0,25.71,27.55,103.8,66.12,2.76,1.84,6.43,0,6.43,139.6,46.84,12.86,0,0,0,13.46,13.78,153.4,55.1,30.31,10.1,95.51,16.53,1.84,0,0.92,0.92,2.76,7.35,7.35,1.84,0,1.84,0,55.1,1.84,58.78,0.92,6.43,23.81,54.18,22.04,8.27,0.92,28.47,70.71,21.12,9.18,46.84,21.12,0.92,10.1,2.76,46.84,18.59,214,31.22,0,30.4,6.43,107.5,0,1.84,1.84,1.84,5.51,11.02,0,13.78,26.63,2.76,96.43,9.18,53.27,1.84,45.92,0.92,20.2,146.9,14.69,0,0,0,45.92,0,5.51,58.78,0.68,1.17,2.76,34.15,27.45,0,35.93,33.33,100,0,0,16.67,0,60.78,46.11,45.1,66.67,45.1,0,33.33,96.67,42.86,66.67,55.77,100,78.13,100,37.29,68.67,47.06,100,0,0,33.33,78.13,0,16.67,3,41,14,0,28,30,0,3,2,7,0,7,152,51,14,0,0,0,15,167,60,33,11,104,18,2,0,1,1,3,8,8,2,0,2,0,60,2,64,1,7,59,24,9,113,1,1,1,31,77,23,10,51,23,1,11,3,51,233,34,0,12.37,2,0,7,117,72,0,2,2,2,6,12,0,15,29,3,105,10,58,2,50,1,22,160,16,0,0,0,50,0,6,64,0.74,1.27,3
Unirea Slobozia,"Farul Constanţa - Unirea Slobozia, 0-1",2026-04-05 16:30:00,3,Away,11663,719,191642,4437511,5828022,1.84,27.55,0.92,28.47,39.49,116.6,70.71,0,1.84,10.1,2.76,9.18,146.9,73.47,13.78,0,0,0,13.31,11.02,168.1,59.69,26.63,11.02,99.18,15.61,0,0,0.92,0.92,3.67,11.94,9.18,2.76,0,0.92,0.92,45.92,1.84,77.14,4.59,10.1,40.29,53.27,37.65,20.2,8.27,38.57,82.65,11.94,4.59,29.39,13.78,0,14.69,0.92,50.51,19.55,259.9,36.73,0,35.8,10.1,148.8,0,1.84,3.67,1.84,7.35,21.12,0,10.1,27.55,2.76,96.43,6.43,55.1,1.84,60.61,2.76,20.2,174.5,19.29,0,0,1.84,60.61,6.43,8.27,77.14,0.56,1.59,3.67,43.33,18.75,0,35.52,41.38,100,0,0,12.5,0,52.5,49.18,40.63,41.67,46.88,0,37.5,69.77,27.27,58.33,55.56,100,78.57,60,37.93,67.14,52.5,50,0,28.57,22.22,78.57,100,23.53,2,30,13,1,31,43,1,0,2,11,3,10,160,80,15,0,0,0,12,183,65,29,12,108,17,0,0,1,1,4,13,10,3,0,1,1,50,2,84,5,11,58,41,22,127,1,1,9,42,90,13,5,32,15,0,16,1,55,283,40,0,13.77,21,0,11,162,77,0,2,4,2,8,23,0,11,30,3,105,7,60,2,66,3,22,190,21,0,0,2,66,7,9,84,0.61,1.73,4
Botoşani,"Petrolul 52 - Botoşani, 0-0",2025-11-03 19:30:00,1,Away,11634,719,191642,4435361,5715795,1.84,27.55,0,36.73,67.96,96.43,77.14,0,0,7.35,4.59,1.84,112,45.92,11.02,0.92,0.92,0,26.57,18.37,172.7,61.53,26.63,10.1,151.5,10.1,1.84,1.84,0.92,0.92,0.92,2.76,2.76,1.84,0,0,1.84,38.57,2.76,141.4,0,0,23.37,46.84,37.65,14.69,2.76,25.71,67.04,15.61,8.27,61.53,24.8,0.92,27.55,3.67,22.04,18.13,423.4,57.86,0.92,57.1,18.37,317.8,0,5.51,8.27,2.76,11.02,6.43,0,18.37,64.29,3.67,75.31,15.61,119.4,2.76,129.5,0,25.71,369.2,41.33,0,0,0,129.5,1.84,11.94,141.4,1.32,0.78,1.84,40,24,100,35.64,37.93,100,0,0,0,100,56,38.83,25.37,45,40.3,0,58.33,94.59,50,85,78.79,100,91.56,0,54.9,87.2,71.43,77.78,0,0,61.54,91.56,0,18.18,2,30,12,0,40,74,1,0,0,8,5,2,122,50,12,1,1,0,20,188,67,29,11,165,11,2,2,1,1,1,3,3,2,0,0,2,42,3,154,0,0,51,41,16,105,1,1,3,28,73,17,9,67,27,1,30,4,24,461,63,1,10.96,4,0,20,346,84,0,6,9,3,12,7,0,20,70,4,82,17,130,3,141,0,28,402,45,0,0,0,141,2,13,154,1.44,0.85,2
Botoşani,"Botoşani - Unirea Slobozia, 3-2",2026-03-16 16:30:00,3,Home,11634,719,191642,4437511,5822254,0,37.65,1.84,44.08,58.78,110.2,67.04,1.84,8.27,11.94,4.59,0.92,99.18,46.84,11.02,0,0,0.92,33.12,19.29,153.4,61.53,32.14,16.53,175.4,11.02,3.67,1.84,0.92,0.92,1.84,7.35,6.43,0.92,0,2.76,1.84,14.69,2.76,203.9,9.18,1.84,21.17,43.16,22.04,10.1,1.84,25.71,72.55,18.37,8.27,46.84,22.04,2.76,28.47,0.92,20.2,19.15,500.5,74.39,0,69.6,12.86,367.4,0.92,5.51,7.35,2.76,11.02,5.51,1.84,13.78,52.35,1.84,58.78,11.94,128.6,2.76,185.5,8.27,24.8,414.2,46.84,0,0,0,185.5,2.76,12.86,203.9,1.17,0.68,0,48.78,23.53,0,40.12,51.43,100,0,0,25,50,54.9,47.31,39.22,42.86,47.06,0,33.33,89.06,15.38,61.9,73.3,100,90.99,90,57.45,82.75,62.96,50,0,0,50,90.99,100,0,0,41,20,2,48,64,0,2,9,13,5,1,108,51,12,0,0,1,21,167,67,35,18,191,12,4,2,1,1,2,8,7,1,0,3,2,16,3,222,10,2,47,24,11,120,1,1,2,28,79,20,9,51,24,3,31,1,22,545,81,0,9.33,1,0,14,400,73,1,6,8,3,12,6,2,15,57,2,64,13,140,3,202,9,27,451,51,0,0,0,202,3,14,222,1.27,0.74,0
Csikszereda Miercurea Ciuc,"Csikszereda Miercurea Ciuc - Universitatea Craiova, 1-2",2025-08-17 15:15:00,0,Home,22731,719,191642,4435361,5715721,1.84,21.12,0,46.84,56.94,94.59,53.27,1.84,7.35,17.45,3.67,4.59,139.6,74.39,17.45,0,0,0,31.16,21.12,175.4,65.2,19.29,10.1,117.5,11.02,0.92,0,0.92,0.92,0.92,5.51,4.59,2.76,0,0.92,1.84,44.08,2.76,113.9,10.1,1.84,26.24,47.76,12.86,4.59,1.84,50.51,92.76,26.63,13.78,67.04,32.14,1.84,24.8,0.92,33.06,19.63,329.7,40.41,0,46.9,13.78,235.1,0,4.59,4.59,2.76,7.35,10.1,0.92,23.88,52.35,5.51,105.6,17.45,89.08,2.76,98.27,10.1,25.71,273.7,26.63,0,0,4.59,98.27,12.86,10.1,113.9,0.38,1.45,3.67,52.17,23.46,0,37.17,52.38,100,0,0,0,50,67.9,52.88,39.73,65.22,47.95,0,62.5,91.94,31.58,82.61,75.78,100,86.29,100,53.85,83.01,65.91,80,0,35.71,54.55,86.29,0,33.33,2,23,12,0,51,62,0,2,8,19,4,5,152,81,19,0,0,0,23,191,71,21,11,128,12,1,0,1,1,1,6,5,3,0,1,2,48,3,124,11,2,52,14,5,103,1,1,2,55,101,29,15,73,35,2,27,1,36,359,44,0,10.44,4,0,15,256,58,0,5,5,3,8,11,1,26,57,6,115,19,97,3,107,11,28,298,29,0,0,5,107,14,11,124,0.41,1.58,4
Petrolul 52,"Oţelul - Petrolul 52, 0-0",2025-07-13 17:30:00,1,Away,60390,719,191642,4435361,5715685,3.67,52.35,0,38.57,51.43,116.6,86.33,0,2.76,11.94,0.92,7.35,152.4,69.8,16.53,0,0,0,20.71,20.2,203,77.14,48.67,26.63,123.1,17.45,0,0,0.92,0.92,0.92,12.86,11.02,0.92,0,0,0.92,30.31,2.76,101,1.84,9.18,21.05,36.73,25.71,11.02,7.35,44.08,102.9,19.29,11.02,55.1,21.12,0.92,21.12,1.84,41.33,19.19,307.6,47.76,0,46.8,10.1,206.6,0,3.67,2.76,2.76,3.67,10.1,2.76,15.61,47.76,1.84,102.9,12.86,90,2.76,80.82,1.84,20.2,242.4,31.22,0,0.92,2.76,80.82,5.51,10.1,101,0.55,1.18,0.92,54.39,23.68,0,38.01,54.72,100,0,0,0,100,63.16,50.68,35,54.55,38.33,0,50,92.86,15.38,63.64,73.13,100,80,100,55,78.81,65.38,33.33,33.33,50,36.36,80,0,5.263,4,57,31,0,42,56,1,0,3,13,1,8,166,76,18,0,0,0,22,221,84,53,29,134,19,0,0,1,1,1,14,12,1,0,0,1,33,3,110,2,10,40,28,12,127,1,1,8,48,112,21,12,60,23,1,23,2,45,335,52,0,9.03,5,0,11,225,94,0,4,3,3,4,11,3,17,52,2,112,14,98,3,88,2,22,264,34,0,1,3,88,6,11,110,0.6,1.28,1
Unirea Slobozia,"Csikszereda Miercurea Ciuc - Unirea Slobozia, 2-1",2025-11-21 16:30:00,0,Away,11663,719,191642,4435361,5715814,0,27.55,0,40.41,39.49,101.9,63.37,1.84,4.59,16.53,3.67,4.59,96.43,38.57,6.43,0,0,0,15.34,12.86,153.4,53.27,22.04,8.27,110.2,14.69,1.84,0.92,0.92,0.92,0.92,7.35,6.43,3.67,0,0.92,0,30.31,2.76,85.41,0.92,6.43,25.76,51.43,45.92,15.61,7.35,18.37,67.04,22.96,11.94,41.33,21.12,0,21.12,4.59,31.22,18.78,292,45,0,47.5,12.86,180,0,0.92,7.35,2.76,11.02,13.78,0,22.04,37.65,7.35,58.78,11.02,67.04,2.76,76.22,0,30.31,224.1,26.63,0,0,0.92,76.22,1.84,18.37,85.41,1.28,1.17,0.92,36.67,16.67,0,34.73,37.5,100,0,0,8.333,0,47.62,43.71,55.56,92.86,51.11,0,25,95.35,44.44,85.71,60.83,100,89.25,0,58.93,76.73,59.18,37.5,0,50,40,89.25,0,6.25,0,30,11,0,44,43,0,2,5,18,4,5,105,42,7,0,0,0,14,167,58,24,9,120,16,2,1,1,1,1,8,7,4,0,1,0,33,3,93,1,7,56,50,17,111,1,1,8,20,73,25,13,45,23,0,23,5,34,318,49,0,9.03,6,0,14,196,69,0,1,8,3,12,15,0,24,41,8,64,12,73,3,83,0,33,244,29,0,0,1,83,2,20,93,1.39,1.27,1
Csikszereda Miercurea Ciuc,"Csikszereda Miercurea Ciuc - Oţelul, 1-1",2025-09-01 17:00:00,1,Home,22731,719,191642,4435361,5715737,0.92,48.67,0,50.51,33.98,109.3,79.9,0.92,6.43,11.02,3.67,6.43,157,67.04,13.78,0.92,0.92,0.92,31.97,24.8,230.5,87.24,45.92,21.12,111.1,11.02,1.84,1.84,0.92,0.92,1.84,8.27,7.35,0.92,0,0.92,0.92,41.33,3.67,73.47,2.76,5.51,36.23,57.86,49.59,17.45,8.27,42.24,110.2,28.47,14.69,65.2,33.98,0.92,17.45,1.84,45.92,20.84,244.3,33.06,0,40,10.1,128.6,0.92,2.76,8.27,3.67,14.69,10.1,0,23.88,30.31,3.67,105.6,18.37,73.47,3.67,56.94,0.92,33.98,177.2,17.45,0,0,1.84,56.94,4.59,13.78,73.47,1.69,0.72,0.92,45.28,20.55,100,37.85,46,100,0,0,6.25,0,63.01,47.81,43.66,59.26,52.11,0,37.5,89.19,33.33,74.07,66.12,100,77.5,33.33,58.73,72.56,52.78,55.56,0,40,26.67,77.5,0,8.333,1,53,24,0,55,37,0,1,7,12,4,7,171,73,15,1,1,1,27,251,95,50,23,121,12,2,2,1,1,2,9,8,1,0,1,1,45,4,80,3,6,63,54,19,119,1,1,9,46,120,31,16,71,37,1,19,2,50,266,36,0,11.06,23,0,11,140,87,1,3,9,4,16,11,0,26,33,4,115,20,80,4,62,1,37,193,19,0,0,2,62,5,15,80,1.84,0.78,1
Oţelul,"Oţelul - Petrolul 52, 0-0",2025-07-13 17:30:00,1,Home,11571,719,191642,4435361,5715685,1.84,52.35,0,41.33,48.67,105.6,87.24,0,3.67,12.86,3.67,0,147.9,55.1,15.61,0.92,0,0,23.49,15.61,203,80.82,47.76,20.2,140.5,7.35,1.84,0.92,0.92,0.92,1.84,5.51,3.67,1.84,0,0,0.92,40.41,4.59,108.4,8.27,4.59,30.75,40.41,25.71,12.86,1.84,35.82,95.51,25.71,3.67,69.8,31.22,1.84,24.8,0.92,29.39,19.47,341.6,53.27,0,53.2,15.61,224.1,0,0.92,6.43,4.59,10.1,3.67,2.76,14.69,45,8.27,97.35,4.59,98.27,4.59,99.18,7.35,20.2,276.4,34.9,0,1.84,0.92,99.18,1.84,13.78,108.4,1.18,0.55,0.92,40.35,28.33,0,39.82,42.31,100,0,0,0,0,65,47.06,36.84,23.53,44.74,0,9.09,92.45,64.29,29.41,69.93,100,91.53,88.89,50,80.91,65.52,28.57,66.67,50,26.67,91.53,0,12.5,2,57,23,0,45,53,1,0,4,14,4,0,161,60,17,1,0,0,17,221,88,52,22,153,8,2,1,1,1,2,6,4,2,0,0,1,44,5,118,9,5,44,28,14,115,1,1,2,39,104,28,4,76,34,2,27,1,32,372,58,0,8.03,5,0,17,244,95,0,1,7,5,11,4,3,16,49,9,106,5,107,5,108,8,22,301,38,0,2,1,108,2,15,118,1.28,0.6,1
Universitatea Cluj,"Universitatea Cluj - CFR Cluj, 2-1",2026-03-16 19:30:00,3,Home,60374,719,191642,4437530,5823152,0.92,26.63,1.84,56.02,77.14,107.5,79.9,0.92,6.43,20.2,4.59,6.43,112,51.43,7.35,0,0,0,7.08,24.8,176.3,75.31,22.96,11.02,156.1,9.18,0,0,0.92,0.92,2.76,0.92,0.92,1.84,0,1.84,2.76,33.98,4.59,168.1,9.18,0.92,29.38,41.33,34.9,20.2,4.59,31.22,97.35,32.14,17.45,63.37,33.98,0,26.63,0,36.73,19.34,470.2,56.02,0,64.2,25.71,349,0,7.35,6.43,4.59,11.02,12.86,0,26.63,74.39,3.67,78.98,21.12,123.1,4.59,144.2,6.43,22.04,396.7,43.16,0,0,0,144.2,1.84,24.8,168.1,1.56,1.01,3.67,51.72,14.29,0,42.71,48,100,0,0,16.67,100,60.71,55.21,50.72,70.37,53.62,0,50,96.43,18.18,85.19,78.82,100,85.79,70,53.33,84.38,77.05,71.43,0,0,37.04,85.79,100,40,1,29,15,2,61,84,0,1,7,22,5,7,122,56,8,0,0,0,27,192,82,25,12,170,10,0,0,1,1,3,1,1,2,0,2,3,37,5,183,10,1,45,38,22,117,1,1,5,34,106,35,19,69,37,0,29,0,40,512,61,0,7.55,7,0,28,380,87,0,8,7,5,12,14,0,29,81,4,86,23,134,5,157,7,24,432,47,0,0,0,157,2,27,183,1.7,1.1,4
Universitatea Craiova,"Universitatea Craiova - CFR Cluj, 1-1",2025-12-07 19:30:00,1,Home,26233,719,191642,4435361,5715824,4.59,31.22,0,52.35,84.49,107.5,87.24,0.92,7.35,14.69,2.76,0.92,121.2,46.84,11.02,0.92,0.92,0,24.92,19.29,162.6,64.29,28.47,13.78,173.6,5.51,1.84,1.84,0.92,0.92,0.92,1.84,1.84,0.92,0,0.92,2.76,43.16,6.43,166.2,22.96,0,26.36,51.43,26.63,12.86,8.27,34.9,86.33,22.04,9.18,57.86,23.88,5.51,35.82,3.67,27.55,16.49,533.6,71.63,0,57.7,26.63,409.6,0,2.76,12.86,6.43,17.45,2.76,0.92,26.63,80.82,7.35,94.59,11.94,124.9,6.43,152.4,20.2,24.8,452.8,47.76,0,0.92,2.76,152.4,5.51,26.63,166.2,3.2,0.29,0.92,52.94,23.53,100,39.55,48.39,100,0,0,5.263,0,74.51,53.11,38.1,47.62,41.27,0,52.63,95.65,50,61.9,71.96,100,91.71,88,48.21,84.85,66.67,57.14,100,50,48.28,91.71,0,16.67,5,34,18,0,57,92,0,1,8,16,3,1,132,51,12,1,1,0,21,177,70,31,15,189,6,2,2,1,1,1,2,2,1,0,1,3,47,7,181,25,0,56,29,14,117,1,1,9,38,94,24,10,63,26,6,39,4,30,581,78,0,6.66,7,0,29,446,95,0,3,14,7,19,3,1,29,88,8,103,13,136,7,166,22,27,493,52,0,1,3,166,6,29,181,3.48,0.32,1
Farul Constanţa,"Farul Constanţa - Unirea Slobozia, 1-1",2025-09-28 16:30:00,1,Home,61242,719,191642,4435361,5715760,0,26.91,0,67.73,66.8,116.9,91.86,0.93,10.21,20.41,9.28,6.49,108.6,65.88,20.41,0.93,0,0,8.06,19.48,170.7,71.44,24.12,12.99,158.7,13.92,2.78,0,0.93,0,0.93,3.71,3.71,4.64,0,0.93,2.78,15.77,0,191.1,0,0,30.08,40.82,15.77,5.57,0,36.19,81.65,25.05,11.13,62.16,30.62,2.78,34.33,0,27.84,19.24,463,64.95,0.93,61.2,22.27,342.4,0,3.71,11.13,0,25.05,13.92,2.78,25.98,63.09,6.49,66.8,16.7,107.6,0,170.7,0,22.27,378.6,46.39,0,1.86,3.71,170.7,7.42,22.27,191.1,1.79,0.65,1.86,55.17,30.99,0,41.85,53.85,0,0,0,3.704,66.67,54.93,47.83,40.3,57.14,49.25,0,25.93,94.44,31.82,85.71,67.84,0,89.32,0,54.55,81.76,71.43,33.33,66.67,50,37.5,89.32,0,13.33,0,29,16,0,73,72,0,1,11,22,10,7,117,71,22,1,0,0,21,184,77,26,14,171,15,3,0,1,0,1,4,4,5,0,1,3,17,0,206,0,0,44,17,6,126,1,1,0,39,88,27,12,67,33,3,37,0,30,499,70,1,7.64,0,0,24,369,99,0,4,12,0,27,15,3,28,68,7,72,18,116,0,184,0,24,408,50,0,2,4,184,8,24,206,1.93,0.7,2
Csikszereda Miercurea Ciuc,"Botoşani - Csikszereda Miercurea Ciuc, 3-1",2025-08-23 17:45:00,0,Away,22731,719,191642,4435361,5715728,0,32.47,0.93,37.11,28.76,103.9,84.43,2.78,0.93,6.49,1.86,9.28,138.2,64.02,13.92,0.93,0,0,15.83,21.34,207.8,86.29,29.69,13.92,120.6,11.13,7.42,1.86,0.93,0.93,3.71,5.57,5.57,4.64,0,0.93,0,41.75,0.93,63.09,0,2.78,28.57,41.75,30.62,12.06,1.86,42.68,103,32.47,8.35,80.72,44.54,1.86,16.7,1.86,38.97,20.23,237.5,33.4,0,41.5,5.57,114.1,0,3.71,4.64,0.93,7.42,12.99,1.86,13.92,28.76,2.78,100.2,16.7,67.73,0.93,48.25,0,18.56,161.4,19.48,0,0,0,48.25,1.86,11.13,63.09,0.84,1.89,0.93,48.57,21.74,0,41.52,46.88,100,0,0,12.5,0,66.67,49.55,40.23,39.13,55.17,0,37.5,100,42.86,78.26,56.15,100,76.47,0,44.44,67.97,58.33,40,0,0,33.33,76.47,0,8.333,0,35,17,1,40,31,0,3,1,7,2,10,149,69,15,1,0,0,23,224,93,32,15,130,12,8,2,1,1,4,6,6,5,0,1,0,45,1,68,0,3,45,33,13,112,1,1,2,46,111,35,9,87,48,2,18,2,42,256,36,0,9.7,3,0,6,123,91,0,4,5,1,8,14,2,15,31,3,108,18,73,1,52,0,20,174,21,0,0,0,52,2,12,68,0.91,2.04,1
Unirea Slobozia,"Unirea Slobozia - FCS Bucureşti, 0-2",2025-12-15 19:30:00,0,Home,11663,719,191642,4435361,5715834,0.93,30.62,0,17.63,27.84,113.2,74.23,1.86,0,5.57,0.93,6.49,127.1,45.46,9.28,0,0,0.93,10.86,7.42,145.7,52.89,27.84,12.06,106.7,10.21,0.93,0,0.93,0.93,3.71,10.21,8.35,2.78,0,0,0.93,51.03,0.93,58.45,1.86,7.42,31.31,40.82,24.12,11.13,3.71,27.84,67.73,15.77,4.64,45.46,19.48,0.93,6.49,1.86,57.53,18.86,225.5,27.84,0,28,5.57,116.9,0.93,3.71,1.86,0.93,3.71,17.63,0.93,7.42,22.27,2.78,91.86,5.57,65.88,0.93,43.61,0,22.27,154,13.92,0,0,0,43.61,1.86,3.71,58.45,0.26,2.81,0,42.42,20.41,0,36.31,43.33,100,0,0,0,0,61.22,46.5,34.69,62.5,42.86,0,0,80,50,75,61.74,100,74.6,0,54.55,68.31,50,0,0,0,0,74.6,0,0,1,33,14,0,19,30,0,2,0,6,1,7,137,49,10,0,0,1,8,157,57,30,13,115,11,1,0,1,1,4,11,9,3,0,0,1,55,1,63,2,8,44,26,12,122,1,1,4,30,73,17,5,49,21,1,7,2,62,243,30,0,28.13,10,0,6,126,80,1,4,2,1,4,19,1,8,24,3,99,6,71,1,47,0,24,166,15,0,0,0,47,2,4,63,0.28,3.03,0
Rapid Bucureşti,"Dinamo Bucureşti - Rapid Bucureşti, 0-2",2025-10-19 19:30:00,3,Away,11566,719,191642,4435361,5715776,4.64,36.19,0.93,21.34,51.96,93.71,69.59,0,5.57,5.57,0.93,8.35,162.4,69.59,12.06,0,0,0.93,18.13,9.28,174.4,50.1,30.62,11.13,103,7.42,0,0,0.93,0.93,4.64,2.78,2.78,5.57,0,1.86,0,56.6,1.86,107.6,9.28,5.57,29.12,31.55,25.05,8.35,10.21,38.04,72.37,11.13,3.71,43.61,14.85,0.93,13.92,2.78,33.4,19.24,307.1,32.47,0,40.4,13.92,226.4,0.93,1.86,2.78,1.86,5.57,18.56,0.93,5.57,50.1,0.93,109.5,4.64,78.87,1.86,93.71,8.35,15.77,256.1,18.56,0,0,0,93.71,1.86,7.42,107.6,1.27,3.44,0.93,41.03,17.33,0,28.72,36.36,100,0,0,16.67,0,54.67,41.49,25.53,40,34.04,0,16.67,96.43,16.67,50,76.58,100,87.07,90,50,83.38,57.14,33.33,0,0,25,87.07,100,12.5,5,39,16,1,23,56,1,0,6,6,1,9,175,75,13,0,0,1,10,188,54,33,12,111,8,0,0,1,1,5,3,3,6,0,2,0,61,2,116,10,6,34,27,9,101,1,1,11,41,78,12,4,47,16,1,15,3,36,331,35,0,16.38,18,0,15,244,75,1,2,3,2,6,20,1,6,54,1,118,5,85,2,101,9,17,276,20,0,0,0,101,2,8,116,1.37,3.71,1
Rapid Bucureşti,"Rapid Bucureşti - Universitatea Cluj, 1-2",2026-04-05 19:30:00,0,Home,11566,719,191642,4437530,5828023,1.86,36.19,0.93,41.75,58.45,107.6,79.79,1.86,5.57,11.13,4.64,9.28,154,70.52,13.92,0,0,0,16.76,18.56,174.4,54.74,34.33,12.06,135.5,10.21,1.86,0,0.93,0.93,1.86,7.42,7.42,2.78,0,0.93,0.93,47.32,1.86,120.6,7.42,2.78,33.79,40.82,23.2,9.28,9.28,41.75,79.79,15.77,9.28,44.54,18.56,0,26.91,0,41.75,20.29,359.1,49.18,0,47.1,15.77,255.2,0,5.57,6.49,1.86,12.06,12.99,0,18.56,55.67,4.64,102.1,12.06,104.8,1.86,98.35,4.64,20.41,296.9,34.33,0,0,0.93,98.35,3.71,17.63,120.6,1.22,1.35,3.71,35.9,19.74,0,31.38,35.14,100,0,0,7.692,0,59.21,45.74,35.42,50,41.67,0,38.46,95.24,41.67,65,77.4,100,81.54,62.5,50,82.69,69.81,57.14,0,25,52.63,81.54,0,36.36,2,39,14,1,45,63,0,2,6,12,5,10,166,76,15,0,0,0,20,188,59,37,13,146,11,2,0,1,1,2,8,8,3,0,1,1,51,2,130,8,3,44,25,10,116,1,1,10,45,86,17,10,48,20,0,29,0,45,387,53,0,8.39,3,0,17,275,86,0,6,7,2,13,14,0,20,60,5,110,13,113,2,106,5,22,320,37,0,0,1,106,4,19,130,1.32,1.45,4
Universitatea Craiova,"Metaloglobus - Universitatea Craiova, 0-0",2025-10-26 13:00:00,1,Away,26233,719,191642,4435361,5715790,0.93,38.97,0,64.95,90.93,103,87.22,0,7.42,27.84,3.71,0.93,116,56.6,16.7,0,0,0,13.39,21.34,200.4,87.22,35.26,18.56,193.9,5.57,1.86,0,0.93,0.93,1.86,2.78,2.78,0.93,0,0,3.71,20.41,1.86,273.7,3.71,0,30.53,40.82,12.99,7.42,1.86,43.61,107.6,37.11,15.77,91.86,43.61,3.71,38.04,0,20.41,16.49,628.1,68.66,0,67.3,17.63,494.5,0,2.78,12.06,1.86,15.77,2.78,0,26.91,89.07,7.42,83.51,18.56,152.2,1.86,252.4,2.78,25.98,551.1,51.96,0,0,0,252.4,0.93,25.98,273.7,1.18,0.07,0,50,29.51,0,43.52,52.63,100,0,0,0,25,77.05,53.7,40.4,73.91,47.47,0,23.53,97.96,26.67,86.96,78.47,100,92.2,75,63.64,87.74,75.68,53.85,0,0,35.71,92.2,0,0,1,42,21,0,70,98,1,0,8,30,4,1,125,61,18,0,0,0,23,216,94,38,20,209,6,2,0,1,1,2,3,3,1,0,0,4,22,2,295,4,0,44,14,8,111,1,1,2,47,116,40,17,99,47,4,41,0,22,677,74,0,8.11,6,0,19,533,94,0,3,13,2,17,3,0,29,96,8,90,20,164,2,272,3,28,594,56,0,0,0,272,1,28,295,1.27,0.08,0
Botoşani,"Oţelul - Botoşani, 0-1",2025-09-14 14:45:00,3,Away,11634,719,191642,4435361,5715747,0.93,49.18,0.93,31.55,30.62,100.2,74.23,0,2.78,7.42,2.78,2.78,152.2,72.37,12.06,0.93,0,0,14.91,12.99,201.3,66.8,43.61,16.7,95.57,19.48,0.93,0,0.93,0.93,1.86,11.13,11.13,4.64,0,0.93,1.86,30.62,2.78,41.75,0.93,5.57,29.38,57.53,39.9,12.06,3.71,43.61,96.49,19.48,8.35,39.9,21.34,1.86,13.92,3.71,35.26,20.15,193,43.61,0,42.9,7.42,100.2,0,6.49,4.64,2.78,8.35,16.7,2.78,12.99,26.91,1.86,95.57,9.28,58.45,2.78,28.76,0.93,28.76,132.7,19.48,0,0.93,3.71,28.76,8.35,8.35,41.75,0.48,1.86,4.64,43.4,16.67,0,33.18,38.3,100,0,0,11.11,0,60.26,47.93,48.84,64.29,53.49,0,22.22,87.88,25,71.43,61.17,100,68.89,100,50,68.75,44.68,40,33.33,44.44,33.33,68.89,100,23.81,1,53,23,1,34,33,1,0,3,8,3,3,164,78,13,1,0,0,14,217,72,47,18,103,21,1,0,1,1,2,12,12,5,0,1,2,33,3,45,1,6,62,43,13,108,1,1,4,47,104,21,9,43,23,2,15,4,38,208,47,0,9.92,5,0,8,108,80,0,7,5,3,9,18,3,14,29,2,103,10,63,3,31,1,31,143,21,0,1,4,31,9,9,45,0.52,2.01,5
Petrolul 52,"Petrolul 52 - Metaloglobus, 4-1",2025-12-01 15:00:00,3,Home,60390,719,191642,4435361,5715816,2.78,25.05,1.86,49.18,47.32,124.3,80.72,0.93,4.64,14.85,7.42,1.86,129,69.59,10.21,0,0,0,18.59,19.48,186.5,62.16,24.12,12.06,129.9,15.77,1.86,0.93,0.93,0.93,4.64,12.99,12.06,1.86,0,3.71,3.71,34.33,2.78,86.29,8.35,6.49,25.66,38.97,38.04,13.92,3.71,42.68,87.22,17.63,10.21,53.81,25.05,0.93,35.26,0,30.62,19.04,327.5,50.1,0,45.2,9.28,215.3,0,6.49,6.49,2.78,13.92,8.35,0.93,19.48,45.46,2.78,90,12.06,86.29,1.86,68.66,8.35,15.77,248.7,31.55,0,0,1.86,68.66,3.71,16.7,86.29,1.39,0.63,0.93,51.85,14.67,0,33.33,50,100,0,0,26.67,50,61.33,46.77,32.76,52.38,46.55,0,46.67,96.08,18.75,61.9,66.43,66.67,79.57,100,40.48,75.92,62.96,57.14,0,50,55.56,79.57,100,5.882,3,27,14,2,53,51,0,1,5,16,8,2,139,75,11,0,0,0,21,201,67,26,13,140,17,2,1,1,1,5,14,13,2,0,4,4,37,3,93,9,7,42,41,15,134,1,1,4,46,94,19,11,58,27,1,38,0,33,353,54,0,6,10,0,10,232,87,0,7,7,3,15,9,1,21,49,3,97,13,93,2,74,9,17,268,34,0,0,2,74,4,18,93,1.5,0.68,1
UTA Arad,"Argeș - UTA Arad, 0-1",2026-01-31 16:00:00,3,Away,30817,719,191642,4435361,5715871,0.93,70.52,0.93,59.38,42.68,128,96.49,0,1.86,12.06,3.71,3.71,189.3,66.8,12.06,0.93,0,0,25.32,31.55,249.6,93.71,64.95,30.62,129,11.13,2.78,0,0.93,0.93,2.78,5.57,5.57,0.93,0,0.93,0.93,51.96,2.78,98.35,0.93,4.64,29.06,52.89,32.47,12.06,0,46.39,120.6,28.76,15.77,79.79,36.19,0,25.05,0,59.38,20.04,310.8,44.54,0,51.2,12.06,170.7,0,0.93,6.49,2.78,12.99,4.64,2.78,25.05,36.19,2.78,131.8,23.2,74.23,2.78,86.29,0.93,23.2,230.1,25.05,0,2.78,0.93,86.29,1.86,10.21,98.35,0.42,0.45,2.78,47.37,18.06,0,37.55,47.14,100,0,0,7.143,100,69.44,48.33,36.05,50,45.35,0,28.57,84.78,23.08,73.53,57.55,100,87.74,100,43.86,74.03,56.25,57.14,100,50,27.27,87.74,100,25,1,76,36,1,64,46,1,0,2,13,4,4,204,72,13,1,0,0,34,269,101,70,33,139,12,3,0,1,1,3,6,6,1,0,1,1,56,3,106,1,5,57,35,13,138,1,1,0,50,130,31,17,86,39,0,27,0,64,335,48,0,5.76,7,0,13,184,104,0,1,7,3,14,5,3,27,39,3,142,25,80,3,93,1,25,248,27,0,3,1,93,2,11,106,0.45,0.48,3
Universitatea Cluj,"Universitatea Cluj - CFR Cluj, 2-2",2025-09-29 20:00:00,1,Home,60374,719,191642,4435361,5715765,1.86,29.69,1.86,55.67,52.89,106.7,80.72,1.86,3.71,17.63,2.78,3.71,121.5,63.09,12.99,0,0,0,21.16,27.84,185.6,74.23,28.76,17.63,129,12.06,1.86,0,0.93,0.93,1.86,3.71,3.71,1.86,0,1.86,0.93,28.76,2.78,141,2.78,0.93,25.93,39.9,23.2,10.21,1.86,36.19,87.22,22.27,12.06,69.59,32.47,1.86,25.05,1.86,31.55,20.77,388.8,52.89,0,50,11.13,270,0,2.78,3.71,2.78,8.35,8.35,1.86,22.27,49.18,7.42,83.51,18.56,100.2,2.78,128,2.78,25.98,327.5,41.75,0,0.93,2.78,128,6.49,15.77,141,0.51,0.48,0.93,62.5,20.59,0,40,61.29,100,0,0,22.22,100,57.35,47,32,43.33,46.67,0,22.22,92.98,42.11,66.67,77.7,100,90.79,100,65.12,84.25,78.95,50,50,42.86,29.41,90.79,0,7.692,2,32,20,2,60,57,0,2,4,19,3,4,131,68,14,0,0,0,30,200,80,31,19,139,13,2,0,1,1,2,4,4,2,0,2,1,31,3,152,3,1,43,25,11,115,1,1,2,39,94,24,13,75,35,2,27,2,34,419,57,0,13.29,2,0,12,291,87,0,3,4,3,9,9,2,24,53,8,90,20,108,3,138,3,28,353,45,0,1,3,138,7,17,152,0.55,0.52,1
Universitatea Cluj,"Rapid Bucureşti - Universitatea Cluj, 0-2",2026-01-31 19:00:00,3,Away,60374,719,191642,4435361,5715869,6.49,29.69,0.93,46.39,72.37,92.78,63.09,0,2.78,6.49,1.86,9.28,140.1,59.38,11.13,0,0,0,22.02,29.69,195.8,70.52,26.91,15.77,132.7,11.13,0.93,0.93,0.93,0.93,1.86,1.86,1.86,2.78,0,1.86,1.86,51.03,2.78,120.6,10.21,1.86,26.34,35.26,25.05,9.28,5.57,34.33,89.07,28.76,15.77,81.65,33.4,0,12.06,0.93,51.03,17.4,369.3,37.11,0.93,51,12.06,273.7,0,9.28,7.42,2.78,9.28,15.77,0.93,25.98,68.66,3.71,102.1,20.41,105.8,2.78,115,4.64,19.48,322.9,25.98,0.93,0.93,0.93,115,1.86,10.21,120.6,1.68,1.09,1.86,56.25,18.75,0,36.02,58.62,100,0,0,20,50,57.81,45.5,35.23,53.13,40.91,100,60,94.87,57.14,68.75,79.72,100,95.38,45.45,55.26,87.44,70,75,100,50,63.64,95.38,100,16.67,7,32,18,1,50,78,1,0,3,7,2,10,151,64,12,0,0,0,32,211,76,29,17,143,12,1,1,1,1,2,2,2,3,0,2,2,55,3,130,11,2,38,27,10,100,1,1,6,37,96,31,17,88,36,0,13,1,55,398,40,1,14.53,9,0,13,295,68,0,10,8,3,10,17,1,28,74,4,110,22,114,3,124,5,21,348,28,1,1,1,124,2,11,130,1.81,1.17,2
Universitatea Cluj,"Rapid Bucureşti - Universitatea Cluj, 1-2",2026-04-05 19:30:00,3,Away,60374,719,191642,4437530,5828023,0.93,36.19,1.86,62.16,42.68,113.2,80.72,0.93,7.42,23.2,4.64,6.49,110.4,44.54,10.21,0,0,0,15.3,25.98,174.4,70.52,32.47,14.85,137.3,8.35,0.93,0.93,0.93,0.93,6.49,5.57,4.64,3.71,0,1.86,0.93,29.69,3.71,154,3.71,2.78,28.46,38.04,23.2,10.21,9.28,28.76,84.43,28.76,14.85,70.52,33.4,0,26.91,0,35.26,19.1,386,46.39,0,52.9,14.85,273.7,0,4.64,6.49,3.71,12.99,12.06,0,29.69,37.11,10.21,75.15,18.56,108.6,3.71,133.6,1.86,21.34,322,35.26,0,0,1.86,133.6,1.86,27.84,154,1.35,1.22,0.93,46.15,22.92,0,40.43,45.71,100,0,0,14.29,100,64.58,48.4,40.79,57.14,47.37,0,35.71,86.96,44,71.43,79.05,100,86.75,50,56.1,83.41,76,57.14,0,100,40,86.75,100,11.11,1,39,18,2,67,46,0,1,8,25,5,7,119,48,11,0,0,0,28,188,76,35,16,148,9,1,1,1,1,7,6,5,4,0,2,1,32,4,166,4,3,41,25,11,122,1,1,10,31,91,31,16,76,36,0,29,0,38,416,50,0,12.25,7,0,16,295,87,0,5,7,4,14,13,0,32,40,11,81,20,117,4,144,2,23,347,38,0,0,2,144,2,30,166,1.45,1.32,1
Universitatea Craiova,"Universitatea Craiova - Argeș, 0-1",2026-03-13 19:30:00,0,Home,26233,719,191642,4437530,5823149,4.64,40.82,0,59.38,61.24,122.5,77.94,0.93,4.64,19.48,5.57,1.86,120.6,42.68,10.21,0,0,0,28.43,28.76,202.3,97.42,37.11,22.27,191.1,6.49,3.71,2.78,0.93,0.93,0.93,3.71,3.71,0,0,0,2.78,37.11,3.71,158.7,20.41,0.93,21.18,40.82,45.46,23.2,4.64,25.98,104.8,31.55,16.7,73.3,39.9,2.78,24.12,2.78,47.32,17.66,497.3,47.32,0,71.1,16.7,343.3,0,2.78,5.57,3.71,10.21,3.71,0.93,28.76,55.67,9.28,87.22,22.27,139.2,3.71,139.2,12.99,19.48,409.2,29.69,0,0,2.78,139.2,10.21,16.7,158.7,0.71,0.35,1.86,59.09,23.91,0,48.17,60,100,0,0,0,33.33,60.87,51.83,43.04,58.06,54.43,0,27.27,90.91,47.62,77.42,72.82,100,87.72,63.64,47.73,82.28,62.75,100,0,27.27,27.78,87.72,0,28.57,5,44,26,0,64,66,0,1,5,21,6,2,130,46,11,0,0,0,31,218,105,40,24,206,7,4,3,1,1,1,4,4,0,0,0,3,40,4,171,22,1,44,49,25,132,1,1,5,28,113,34,18,79,43,3,26,3,51,536,51,0,4.91,6,0,18,370,84,0,3,6,4,11,4,1,31,60,10,94,24,150,4,150,14,21,441,32,0,0,3,150,11,18,171,0.77,0.38,2
Csikszereda Miercurea Ciuc,"Csikszereda Miercurea Ciuc - Universitatea Cluj, 2-1",2025-10-04 14:00:00,3,Home,22731,719,191642,4435361,5715769,0,36.19,1.86,26.91,19.48,96.49,75.15,0.93,2.78,2.78,2.78,2.78,161.4,81.65,16.7,0,0,0,11.99,12.99,202.3,68.66,32.47,13.92,92.78,9.28,0.93,0,0.93,0.93,7.42,8.35,6.49,5.57,0,1.86,0.93,43.61,4.64,51.03,0,11.13,33.1,39.9,25.05,10.21,3.71,49.18,95.57,21.34,10.21,59.38,26.91,0.93,9.28,1.86,44.54,21.37,192.1,25.98,0,28.6,7.42,95.57,0,3.71,8.35,4.64,10.21,15.77,0.93,17.63,18.56,1.86,107.6,12.06,51.96,4.64,38.97,0,18.56,130.8,11.13,0,0.93,1.86,38.97,4.64,11.13,51.03,1.04,1.28,0.93,41.03,20.45,0,33.94,42.86,100,0,0,18.18,0,60.23,47.25,35.94,78.57,45.31,0,45.45,95.24,66.67,92.86,56,100,76.36,0,46.51,68.12,42.86,77.78,100,40,58.33,76.36,100,10,0,39,16,2,29,21,0,1,3,3,3,3,174,88,18,0,0,0,14,218,74,35,15,100,10,1,0,1,1,8,9,7,6,0,2,1,47,5,55,0,12,43,27,11,104,1,1,4,53,103,23,11,64,29,1,10,2,48,207,28,0,18.81,3,0,8,103,81,0,4,9,5,11,17,1,19,20,2,116,13,56,5,42,0,20,141,12,0,1,2,42,5,12,55,1.12,1.38,1
Botoşani,"Botoşani - FCS Bucureşti, 3-1",2025-09-19 19:30:00,3,Home,11634,719,191642,4435361,5715756,0.93,40.82,2.78,47.32,26.91,104.8,66.8,0.93,6.49,8.35,5.57,3.71,149.4,68.66,11.13,0,0,0,28.59,24.12,191.1,60.31,32.47,12.06,115,18.56,2.78,1.86,0.93,0.93,1.86,7.42,5.57,4.64,0,2.78,2.78,39.9,5.57,51.96,4.64,5.57,20.32,34.33,22.27,9.28,3.71,38.97,84.43,22.27,12.06,59.38,25.98,0,24.12,4.64,32.47,18.63,235.7,39.9,0,38.1,13.92,124.3,0,1.86,10.21,5.57,13.92,10.21,0.93,20.41,20.41,3.71,92.78,13.92,70.52,5.57,39.9,4.64,16.7,167,24.12,0,0,0,39.9,2.78,21.34,51.96,2.76,0.71,3.71,34.09,16.22,0,31.55,37.14,100,0,0,20,66.67,56.76,44.17,37.5,50,43.75,0,33.33,75.86,44.44,57.69,61.29,100,76.79,100,48.65,70.87,60.47,36.36,0,0,34.78,76.79,100,20,1,44,15,3,51,29,0,1,7,9,6,4,161,74,12,0,0,0,26,206,65,35,13,124,20,3,2,1,1,2,8,6,5,0,3,3,43,6,56,5,6,37,24,10,113,1,1,4,42,91,24,13,64,28,0,26,5,35,254,43,0,8.42,13,0,15,134,72,0,2,11,6,15,11,1,22,22,4,100,15,76,6,43,5,18,180,26,0,0,0,43,3,23,56,2.98,0.76,4
Botoşani,"Botoşani - Oţelul, 0-0",2026-02-02 17:30:00,1,Home,11634,719,191642,4435361,5715867,3.71,50.1,0,53.81,48.25,146.6,123.4,0,1.86,11.13,12.99,1.86,171.7,61.24,10.21,0.93,0,0,26.09,17.63,230.1,82.58,46.39,16.7,169.8,12.06,4.64,1.86,0.93,0.93,1.86,0.93,0.93,0,0,0,0,60.31,9.28,67.73,2.78,1.86,23.8,69.59,51.96,22.27,8.35,33.4,101.1,26.91,12.06,66.8,31.55,0,41.75,2.78,38.97,19.16,332.2,61.24,0,48.9,14.85,189.3,0,0.93,11.13,9.28,24.12,6.49,0.93,21.34,44.54,5.57,112.3,12.99,120.6,9.28,58.45,1.86,43.61,257,42.68,0,0,2.78,58.45,7.42,30.62,67.73,2.77,0.17,0.93,37.04,16.67,0,35.89,36,100,0,0,0,0,54.55,43.95,40.28,68.42,47.22,0,15.38,92.31,50,73.68,71.04,100,86.3,66.67,62.67,77.37,69.7,33.33,0,37.5,33.33,86.3,0,7.692,4,54,20,0,58,52,1,0,2,12,14,2,185,66,11,1,0,0,19,248,89,50,18,183,13,5,2,1,1,2,1,1,0,0,0,0,65,10,73,3,2,75,56,24,158,1,1,9,36,109,29,13,72,34,0,45,3,42,358,66,0,7.94,5,0,16,204,133,0,1,12,10,26,7,1,23,48,6,121,14,130,10,63,2,47,277,46,0,0,3,63,8,33,73,2.99,0.18,1
FCS Bucureşti,"FCS Bucureşti - Botoşani, 2-1",2026-02-05 19:30:00,3,Home,11565,719,191642,4435361,5715876,2.78,36.19,0.93,51.96,42.68,121.5,90.93,0.93,5.57,18.56,6.49,3.71,116,38.97,12.06,0.93,0,0,9.7,12.99,162.4,75.15,33.4,13.92,138.2,6.49,0.93,0,0.93,0.93,0.93,8.35,6.49,1.86,0,1.86,3.71,40.82,9.28,83.51,9.28,7.42,29.95,45.46,25.05,12.99,10.21,25.05,82.58,27.84,7.42,62.16,33.4,2.78,26.91,0,33.4,17.43,352.6,39.9,0,52.5,15.77,231,0,2.78,13.92,9.28,19.48,8.35,0.93,26.91,40.82,6.49,82.58,10.21,100.2,9.28,66.8,7.42,25.98,271.9,30.62,0,0,0.93,66.8,2.78,47.32,83.51,3.19,0.84,0.93,46.15,30.95,0,46.29,41.67,100,0,0,9.524,25,64.29,50.86,44.78,57.14,53.73,0,66.67,95.65,35,78.57,72.48,100,80,80,57.14,77.11,76.74,86.67,0,33.33,45.1,80,100,14.29,3,39,18,1,56,46,0,1,6,20,7,4,125,42,13,1,0,0,14,175,81,36,15,149,7,1,0,1,1,1,9,7,2,0,2,4,44,10,90,10,8,49,27,14,131,1,1,11,27,89,30,8,67,36,3,29,0,36,380,43,0,6.73,1,0,17,249,98,0,3,15,10,21,9,1,29,44,7,89,11,108,10,72,8,28,293,33,0,0,1,72,3,51,90,3.44,0.91,1
Argeș,"Hermannstadt - Argeș, 0-1",2025-09-26 17:00:00,3,Away,23334,719,191642,4435361,5715761,0,46.88,0,25.31,33.75,100.3,95.63,0,0,7.5,1.88,0.94,158.4,70.31,22.5,0,0,0,13.37,12.19,188.4,73.13,45.94,23.44,93.75,16.88,0.94,0,0.94,0.94,4.69,11.25,10.31,0.94,0,0.94,0,41.25,0,78.75,0,11.25,32.06,44.06,29.06,11.25,6.56,37.5,88.13,15,5.63,42.19,15,0.94,17.81,2.81,35.63,18.27,231.6,34.69,0,36.5,3.75,143.4,0,0,1.88,0,5.63,7.5,0,12.19,30.94,1.88,103.1,4.69,60.94,0,70.31,0,21.56,178.1,19.69,0,0,0.94,70.31,5.63,4.69,78.75,0.53,1.01,0,52,32,0,38.81,51.02,100,0,0,16.67,0,53.33,46.77,35.56,46.15,35.56,0,83.33,91.67,25,38.46,65,0,89.29,0,48.94,76.92,56.76,50,0,16.67,40,89.29,100,0,0,50,26,0,27,36,1,0,0,8,2,1,169,75,24,0,0,0,13,201,78,49,25,100,18,1,0,1,1,5,12,11,1,0,1,0,44,0,84,0,12,47,31,12,107,1,1,7,40,94,16,6,45,16,1,19,3,38,247,37,0,14.12,6,0,4,153,102,0,0,2,0,6,8,0,13,33,2,110,5,65,0,75,0,23,190,21,0,0,1,75,6,5,84,0.56,1.08,0
Csikszereda Miercurea Ciuc,"Csikszereda Miercurea Ciuc - Argeș, 0-2",2025-12-06 16:00:00,0,Home,22731,719,191642,4435361,5715827,0.94,33.75,0,39.38,60,100.3,67.5,1.88,1.88,12.19,2.81,3.75,118.1,54.38,5.63,0.94,0,0,17.94,19.69,169.7,60,28.13,10.31,131.2,12.19,4.69,0.94,0.94,0.94,0.94,9.38,7.5,1.88,0,0,0,30,0,105,0,5.63,27.82,61.88,22.5,10.31,0.94,29.06,74.06,21.56,7.5,59.06,30.94,0,23.44,1.88,26.25,19.79,355.3,52.5,0,50,9.38,229.7,0,5.63,1.88,0,6.56,11.25,0.94,10.31,52.5,1.88,72.19,14.06,90,0,92.81,0,40.31,284.1,32.81,0,0.94,0.94,92.81,4.69,9.38,105,0.13,1.7,0.94,38.89,10.34,0,35.36,36.67,100,0,0,0,0,53.45,43.65,36.51,38.1,52.38,0,0,87.5,15.38,71.43,68.57,0,88.39,0,65.15,79.95,62.5,50,100,20,30,88.39,0,7.692,1,36,14,0,42,64,0,2,2,13,3,4,126,58,6,1,0,0,21,181,64,30,11,140,13,5,1,1,1,1,10,8,2,0,0,0,32,0,112,0,6,66,24,11,107,1,1,1,31,79,23,8,63,33,0,25,2,28,379,56,0,12.33,0,0,10,245,72,0,6,2,0,7,12,1,11,56,2,77,15,96,0,99,0,43,303,35,0,1,1,99,5,10,112,0.14,1.81,1
Hermannstadt,"Hermannstadt - UTA Arad, 1-2",2025-11-30 14:00:00,0,Home,55427,719,191642,4435361,5715818,0.94,40.31,0,27.19,27.19,100.3,59.06,1.88,7.5,13.13,0,5.63,124.7,56.25,8.44,0,0,0.94,15.26,8.44,162.2,61.88,36.56,15,104.1,7.5,4.69,3.75,0.94,0.94,2.81,15,13.13,1.88,0,0.94,2.81,28.13,0,103.1,0,6.56,21.19,30.94,15.94,13.13,8.44,33.75,86.25,21.56,4.69,49.69,22.5,2.81,14.06,0,41.25,18.56,280.3,27.19,0,36,11.25,177.2,0.94,9.38,3.75,0,5.63,14.06,0,8.44,22.5,1.88,79.69,4.69,71.25,0,86.25,0,15,210.9,13.13,0,0,0.94,86.25,0.94,16.88,103.1,0.72,0.77,0,44.19,15,0,38.15,41.03,100,0,0,16.67,33.33,60,53.18,43.4,55.56,45.28,0,33.33,82.76,14.29,55.56,68.47,0,83.64,0,48.48,75.25,48.28,75,0,100,22.22,83.64,0,0,1,43,19,0,29,29,0,2,8,14,0,6,133,60,9,0,0,1,9,173,66,39,16,111,8,5,4,1,1,3,16,14,2,0,1,3,30,0,110,0,7,33,17,14,107,1,1,9,36,92,23,5,53,24,3,15,0,44,299,29,0,16.32,12,0,12,189,63,1,10,4,0,6,15,0,9,24,2,85,5,76,0,92,0,16,225,14,0,0,1,92,1,18,110,0.77,0.82,0
Metaloglobus,"Rapid Bucureşti - Metaloglobus, 1-0",2026-01-17 19:00:00,0,Away,11943,719,191642,4435361,5715851,2.81,31.88,0,37.5,45.94,136.9,89.06,0.94,0,11.25,1.88,10.31,153.8,69.38,8.44,0,0,0,19.94,19.69,189.4,60.94,30,10.31,147.2,11.25,1.88,0.94,0.94,0.94,0.94,5.63,4.69,1.88,0,0,0.94,52.5,0,110.6,5.63,3.75,23.08,43.13,20.63,9.38,3.75,34.69,78.75,23.44,9.38,67.5,31.88,0,17.81,0,67.5,17.79,355.3,41.25,0,40,18.75,223.1,0,5.63,1.88,0,6.56,14.06,0,14.06,42.19,1.88,98.44,15,104.1,0,94.69,3.75,26.25,274.7,30,0,0,0.94,94.69,0.94,8.44,110.6,0.29,1.3,0.94,35.29,12.16,0,32.18,34.38,100,0,0,0,100,50,41.58,34.72,47.62,47.22,0,42.86,91.84,16.67,76.19,70.7,0,85.59,66.67,60.87,77.31,72.73,50,0,100,22.22,85.59,0,8.333,3,34,12,0,40,49,0,1,0,12,2,11,164,74,9,0,0,0,21,202,65,32,11,157,12,2,1,1,1,1,6,5,2,0,0,1,56,0,118,6,4,46,22,10,146,1,1,4,37,84,25,10,72,34,0,19,0,72,379,44,0,17.58,10,0,20,238,95,0,6,2,0,7,15,0,15,45,2,105,16,111,0,101,4,28,293,32,0,0,1,101,1,9,118,0.31,1.39,1
Unirea Slobozia,"Hermannstadt - Unirea Slobozia, 0-2",2025-09-15 17:00:00,3,Away,11663,719,191642,4435361,5715744,1.88,31.88,0,13.13,47.81,102.2,71.25,0,1.88,3.75,0.94,6.56,146.2,64.69,16.88,0,0,0,9.32,5.63,169.7,67.5,27.19,14.06,112.5,8.44,0.94,0,0.94,0.94,3.75,12.19,9.38,5.63,0,1.88,0,49.69,0,83.44,2.81,10.31,27.27,56.25,30.94,14.06,1.88,40.31,88.13,15,2.81,42.19,17.81,0.94,19.69,3.75,38.44,18.5,285,44.06,0,42.6,4.69,184.7,0,1.88,0.94,0,2.81,19.69,0.94,5.63,45.94,0.94,108.8,4.69,58.13,0,75,2.81,27.19,216.6,21.56,0,0,0.94,75,3.75,1.88,83.44,0.58,1.9,3.75,58.82,26.09,0,39.78,51.72,100,0,0,66.67,0,62.32,51.93,35.56,50,42.22,0,66.67,96.08,25,83.33,51.67,0,89.89,100,48.33,75.99,48.94,0,0,25,100,89.89,100,44.44,2,34,20,0,14,51,1,0,2,4,1,7,156,69,18,0,0,0,6,181,72,29,15,120,9,1,0,1,1,4,13,10,6,0,2,0,53,0,89,3,11,60,33,15,109,1,1,2,43,94,16,3,45,19,1,21,4,41,304,47,0,11.27,3,0,5,197,76,0,2,1,0,3,21,1,6,49,1,116,5,62,0,80,3,29,231,23,0,0,1,80,4,2,89,0.62,2.03,4
Csikszereda Miercurea Ciuc,"Dinamo Bucureşti - Csikszereda Miercurea Ciuc, 4-0",2025-11-08 16:30:00,0,Away,22731,719,191642,4435361,5715807,0.94,26.25,0,39.38,39.38,82.5,58.13,3.75,1.88,10.31,2.81,7.5,135.9,70.31,11.25,0,0,0,15.15,21.56,178.1,67.5,24.38,12.19,92.81,10.31,0.94,0,0.94,0.94,2.81,7.5,4.69,7.5,0,0,0,39.38,0.94,87.19,13.13,3.75,30.71,39.38,23.44,9.38,7.5,44.06,92.81,25.31,13.13,58.13,32.81,0,19.69,0.94,32.81,18.31,275.6,34.69,0,38.6,11.25,170.6,0,3.75,4.69,0.94,5.63,17.81,1.88,17.81,38.44,3.75,97.5,17.81,59.06,0.94,75.94,12.19,15,215.6,15.94,0,0.94,0.94,75.94,12.19,7.5,87.19,0.23,3.43,2.81,53.57,16,0,37.89,50,100,0,0,0,0,62.67,52.11,43.55,60.87,56.45,0,0,97.62,36.36,82.61,63.64,100,87.1,92.86,38.1,78.23,45.95,40,50,7.69,37.5,87.1,0,27.27,1,28,15,0,42,42,0,4,2,11,3,8,145,75,12,0,0,0,23,190,72,26,13,99,11,1,0,1,1,3,8,5,8,0,0,0,42,1,93,14,4,42,25,10,88,1,1,8,47,99,27,14,62,35,0,21,1,35,294,37,0,17.21,8,0,12,182,62,0,4,5,1,6,19,2,19,41,4,104,19,63,1,81,13,16,230,17,0,1,1,81,13,8,93,0.25,3.66,3
UTA Arad,"UTA Arad - FCS Bucureşti, 2-4",2026-03-01 20:00:00,0,Home,30817,719,191642,4435361,5715909,4.69,22.5,0,22.5,37.5,105.9,74.06,3.75,0.94,7.5,2.81,6.56,121.9,59.06,10.31,0.94,0.94,0.94,7.78,5.63,139.7,35.63,21.56,6.56,120,12.19,1.88,0.94,0.94,0,1.88,9.38,5.63,4.69,0,1.88,0,40.31,0.94,95.63,6.56,6.56,27.39,37.5,14.06,2.81,2.81,39.38,62.81,14.06,4.69,44.06,15.94,1.88,17.81,1.88,50.63,17.56,300.9,32.81,0,33.3,12.19,193.1,0.94,2.81,2.81,0.94,7.5,19.69,1.88,9.38,32.81,1.88,86.25,5.63,82.5,0.94,84.38,4.69,21.56,236.2,19.69,0,0.94,0.94,84.38,3.75,13.13,95.63,1.18,3.18,1.88,29.17,17.46,100,25.5,30.43,0,0,0,25,0,66.67,44.97,31.91,83.33,36.17,0,25,87.5,25,100,68.75,100,88.24,71.43,57.5,78.5,60,0,50,25,35.71,88.24,0,15.38,5,24,7,0,24,40,0,4,1,8,3,7,130,63,11,1,1,1,6,149,38,23,7,128,13,2,1,1,0,2,10,6,5,0,2,0,43,1,102,7,7,40,15,3,113,1,1,3,42,67,15,5,47,17,2,19,2,54,321,35,0,18.08,8,0,13,206,79,1,3,3,1,8,21,2,10,35,2,92,6,88,1,90,5,23,252,21,0,1,1,90,4,14,102,1.26,3.39,2
Csikszereda Miercurea Ciuc,"Rapid Bucureşti - Csikszereda Miercurea Ciuc, 4-1",2025-11-28 19:30:00,0,Away,22731,719,191642,4435361,5715817,0,27.19,0,41.25,46.88,84.38,55.31,3.75,0,7.5,3.75,5.63,119.1,60.94,16.88,0,0,0,18.75,19.69,171.6,63.75,25.31,9.38,94.69,14.06,1.88,1.88,0.94,0.94,0.94,7.5,3.75,3.75,0,0.94,0.94,30.94,1.88,95.63,15,6.56,23.6,45,18.75,6.56,6.56,38.44,85.31,30,14.06,64.69,30,0,17.81,0.94,34.69,18.86,286.9,34.69,0.94,43.2,5.63,195.9,0,1.88,7.5,1.88,13.13,14.06,0.94,20.63,43.13,1.88,79.69,14.06,75,1.88,89.06,12.19,30,244.7,26.25,0.94,0.94,1.88,89.06,2.81,8.44,95.63,1.54,2.47,0.94,37.93,27.69,0,37.16,37.04,100,0,0,7.143,0,63.08,49.73,46.38,71.43,46.38,100,28.57,92,25,71.43,79.21,100,93.14,81.25,66.67,85.29,75.68,50,100,66.67,55.56,93.14,0,6.667,0,29,11,0,44,50,0,4,0,8,4,6,127,65,18,0,0,0,21,183,68,27,10,101,15,2,2,1,1,1,8,4,4,0,1,1,33,2,102,16,7,48,20,7,90,1,1,7,41,91,32,15,69,32,0,19,1,37,306,37,1,11.81,11,0,6,209,59,0,2,8,2,14,15,1,22,46,2,85,15,80,2,95,13,32,261,28,1,1,2,95,3,9,102,1.64,2.63,1
Hermannstadt,"Hermannstadt - FCS Bucureşti, 3-3",2025-11-09 19:30:00,1,Home,55427,719,191642,4435361,5715804,0,34.69,2.81,30,33.75,121.9,81.56,2.81,4.69,12.19,1.88,10.31,138.8,63.75,5.63,0.94,0,0,10.66,10.31,167.8,56.25,33.75,15.94,106.9,5.63,3.75,0.94,0.94,0.94,0.94,8.44,8.44,4.69,0,2.81,0,40.31,2.81,73.13,1.88,7.5,23.52,31.88,13.13,6.56,4.69,37.5,82.5,21.56,7.5,56.25,27.19,1.88,24.38,1.88,44.06,20.16,248.4,37.5,0,35.4,8.44,139.7,0,1.88,5.63,2.81,6.56,16.88,0.94,15,30.94,3.75,94.69,8.44,65.63,2.81,60,1.88,18.75,176.2,25.31,0,0.94,2.81,60,3.75,13.13,73.13,1.04,2.09,0.94,48.65,8.82,0,33.52,47.22,100,0,0,42.86,0,58.82,49.16,38.33,72.73,48.33,0,42.86,91.67,30.77,81.82,61.4,100,82.05,100,58.82,70.94,67.5,66.67,100,75,50,82.05,0,16.67,0,37,18,3,32,36,0,3,5,13,2,11,148,68,6,1,0,0,11,179,60,36,17,114,6,4,1,1,1,1,9,9,5,0,3,0,43,3,78,2,8,34,14,7,130,1,1,5,40,88,23,8,60,29,2,26,2,47,265,40,0,21.42,0,0,9,149,87,0,2,6,3,7,18,1,16,33,4,101,9,70,3,64,2,20,188,27,0,1,3,64,4,14,78,1.11,2.23,1
Hermannstadt,"Csikszereda Miercurea Ciuc - Hermannstadt, 2-1",2026-02-23 16:00:00,0,Away,55427,719,191642,4435361,5715898,6.56,39.38,0,55.31,62.81,112.5,80.63,1.88,7.5,22.5,1.88,3.75,153.8,70.31,22.5,0,0,0,17.22,23.44,200.6,77.81,37.5,16.88,138.8,12.19,3.75,0.94,0.94,0,0.94,5.63,4.69,0.94,0,0.94,1.88,44.06,2.81,115.3,1.88,3.75,35.26,38.44,22.5,9.38,5.63,52.5,105,25.31,11.25,68.44,28.13,0.94,27.19,1.88,25.31,18.94,393.8,42.19,0,58.7,24.38,264.4,0,1.88,6.56,2.81,9.38,9.38,0,16.88,60,3.75,114.4,17.81,105.9,2.81,92.81,0.94,21.56,313.1,30.94,0,0,0.94,92.81,4.69,25.31,115.3,1.36,0.38,0.94,45.24,32,0,38.79,45,0,0,0,10,50,74.67,52.34,36.99,48,41.1,0,20,95.52,16.67,76,76.35,100,80.49,50,56.1,79.52,73.33,71.43,0,20,22.22,80.49,0,7.692,7,42,19,0,59,67,0,2,8,24,2,4,164,75,24,0,0,0,25,214,83,40,18,148,13,4,1,1,0,1,6,5,1,0,1,2,47,3,123,2,4,41,24,10,120,1,1,6,56,112,27,12,73,30,1,29,2,27,420,45,0,5.67,6,0,26,282,86,0,2,7,3,10,10,0,18,64,4,122,19,113,3,99,1,23,334,33,0,0,1,99,5,27,123,1.45,0.41,1
Hermannstadt,"Oţelul - Hermannstadt, 2-0",2026-04-04 14:00:00,0,Away,55427,719,191642,4437511,5827663,0,58.13,0,30.94,37.5,121.9,72.19,1.88,3.75,13.13,1.88,2.81,127.5,49.69,13.13,0,0,0,7.24,11.25,243.8,100.3,53.44,24.38,129.4,12.19,2.81,0.94,0.94,0.94,2.81,5.63,5.63,3.75,0,0,2.81,19.69,3.75,86.25,5.63,4.69,24.47,35.63,53.44,22.5,4.69,28.13,105,27.19,3.75,82.5,37.5,0.94,24.38,2.81,35.63,18.58,305.6,46.88,0,50,9.38,166.9,0,0.94,3.75,3.75,6.56,10.31,0,12.19,33.75,5.63,75,10.31,85.31,3.75,75,4.69,18.75,229.7,29.06,0,0,0,75,1.88,18.75,86.25,0.57,0.98,3.75,46.77,26.42,0,41.15,45.61,100,0,0,0,66.67,56.6,43.08,32.95,33.33,45.45,0,42.86,90,42.86,91.67,65.94,100,86.96,83.33,52.63,75.15,62,50,0,0,35,86.96,0,30.77,0,62,29,0,33,40,0,2,4,14,2,3,136,53,14,0,0,0,12,260,107,57,26,138,13,3,1,1,1,3,6,6,4,0,0,3,21,4,92,6,5,38,57,24,130,1,1,5,30,112,29,4,88,40,1,26,3,38,326,50,0,13.58,3,0,10,178,77,0,1,4,4,7,11,0,13,36,6,80,11,91,4,80,5,20,245,31,0,0,0,80,2,20,92,0.61,1.04,4
UTA Arad,"UTA Arad - Hermannstadt, 1-0",2025-07-26 17:30:00,3,Home,30817,719,191642,4435361,5715698,0,31.88,0.94,40.31,62.81,111.6,84.38,0,4.69,7.5,2.81,5.63,156.6,74.06,19.69,0,0,0,27.34,24.38,195,73.13,28.13,14.06,144.4,12.19,0,0,0.94,0.94,3.75,7.5,6.56,0.94,0,0.94,1.88,50.63,3.75,152.8,12.19,5.63,23.43,45,29.06,14.06,2.81,52.5,101.2,17.81,12.19,60,22.5,0.94,30,1.88,40.31,17.46,428.4,45,0,54,8.44,317.8,0,1.88,6.56,3.75,8.44,8.44,0,16.88,61.88,1.88,120,16.88,104.1,2.81,135,9.38,19.69,360,24.38,0,0,0.94,135,4.69,12.19,152.8,0.84,0.64,0.94,52.94,26.58,0,37.5,50,100,0,0,11.11,0,70.89,51.92,29.69,50,37.5,0,33.33,98.51,25,69.23,72.08,75,88.34,76.92,43.75,84.03,54.17,71.43,0,20,38.46,88.34,100,7.692,0,34,18,1,43,67,1,0,5,8,3,6,167,79,21,0,0,0,26,208,78,30,15,154,13,0,0,1,1,4,8,7,1,0,1,2,54,4,163,13,6,48,31,15,119,1,1,3,56,108,19,13,64,24,1,32,2,43,457,48,0,6.41,9,0,9,339,90,0,2,7,4,9,9,0,18,66,2,128,18,111,3,144,10,21,384,26,0,0,1,144,5,13,163,0.9,0.68,1
Unirea Slobozia,"Unirea Slobozia - Argeș, 0-1",2025-11-01 16:30:00,0,Home,11663,719,191642,4435361,5715797,0,60,0,32.81,61.88,115.3,75.94,0.94,2.81,9.38,3.75,4.69,163.1,54.38,9.38,0.94,0,0,16.98,15,206.2,66.56,54.38,15,172.5,15.94,2.81,0.94,0.94,0.94,1.88,3.75,1.88,0.94,0,0,0,48.75,3.75,158.4,8.44,3.75,28.43,63.75,39.38,15.94,3.75,34.69,86.25,17.81,8.44,52.5,23.44,1.88,17.81,0.94,30.94,19.1,438.8,51.56,0,56.5,5.63,305.6,0,2.81,5.63,3.75,8.44,8.44,0,13.13,60,1.88,101.2,10.31,120,3.75,144.4,7.5,34.69,363.8,34.69,0,0,0,144.4,4.69,4.69,158.4,0.24,1.24,1.88,29.69,17.24,0,32.27,27.59,100,0,0,0,0,63.79,41.82,33.93,56.25,44.64,0,33.33,96.97,20,68.75,69.57,100,91.12,88.89,54.41,82.91,67.27,50,0,0,40,91.12,0,11.77,0,64,19,0,35,66,0,1,3,10,4,5,174,58,10,1,0,0,16,220,71,58,16,184,17,3,1,1,1,2,4,2,1,0,0,0,52,4,169,9,4,68,42,17,123,1,1,4,37,92,19,9,56,25,2,19,1,33,468,55,0,6.19,11,0,6,326,81,0,3,6,4,9,9,0,14,64,2,108,11,128,4,154,8,37,388,37,0,0,0,154,5,5,169,0.26,1.32,2
Argeș,"Unirea Slobozia - Argeș, 0-1",2025-11-01 16:30:00,3,Away,23334,719,191642,4435361,5715797,0,60,0.94,32.81,39.38,104.1,75,0,4.69,12.19,3.75,5.63,144.4,52.5,12.19,0,0,0,30.16,12.19,206.2,82.5,49.69,28.13,112.5,12.19,1.88,0,0.94,0.94,1.88,3.75,3.75,2.81,0,0.94,0,31.88,4.69,103.1,1.88,3.75,28.05,50.63,39.38,13.13,3.75,34.69,101.2,19.69,6.56,54.38,23.44,0.94,15.94,1.88,28.13,19.4,280.3,34.69,0,43.5,12.19,168.8,0,0.94,5.63,4.69,8.44,8.44,0,11.25,34.69,2.81,100.3,8.44,72.19,4.69,93.75,0.94,29.06,216.6,22.5,0,0,0,93.75,0.94,15.94,103.1,1.24,0.24,2.81,56.25,23.21,0,40,56.6,100,0,0,11.11,0,66.07,49.09,36.21,53.85,43.1,0,22.22,88.1,23.08,69.23,64.17,100,90.91,50,57.41,77.26,64.86,50,0,0,47.06,90.91,100,23.08,0,64,36,1,35,42,1,0,5,13,4,6,154,56,13,0,0,0,13,220,88,53,30,120,13,2,0,1,1,2,4,4,3,0,1,0,34,5,110,2,4,54,42,14,111,1,1,4,37,108,21,7,58,25,1,17,2,30,299,37,0,13.21,1,0,13,180,80,0,1,6,5,9,9,0,12,37,3,107,9,77,5,100,1,31,231,24,0,0,0,100,1,17,110,1.32,0.26,3
FCS Bucureşti,"Csikszereda Miercurea Ciuc - FCS Bucureşti, 1-1",2025-09-14 20:00:00,1,Away,11565,719,191642,4435361,5715745,0.94,16.88,0.94,52.5,64.69,89.06,78.75,0.94,8.44,14.06,7.5,2.81,117.2,59.06,12.19,0,0,0,34.21,18.75,150.9,62.81,15.94,8.44,133.1,9.38,0.94,0.94,0.94,0.94,0.94,3.75,2.81,4.69,0,0.94,1.88,41.25,4.69,150,3.75,2.81,34.95,41.25,21.56,9.38,1.88,30,77.81,29.06,12.19,53.44,31.88,0,18.75,0.94,28.13,17.58,406.9,30,0,55.1,13.13,307.5,0,0.94,16.88,4.69,19.69,8.44,0,29.06,62.81,7.5,80.63,15.94,94.69,4.69,134.1,3.75,22.5,345,16.88,0,0,0,134.1,0.94,27.19,150,2.31,0.56,0.94,55.56,20.63,0,41.61,52.94,100,0,0,4.762,100,50.79,51.55,54.39,65,59.65,0,47.62,97.1,53.33,85,71.13,100,89.38,100,54.55,84.79,56.25,55.56,0,0,65.52,89.38,0,10,1,18,10,1,56,69,1,1,9,15,8,3,125,63,13,0,0,0,20,161,67,17,9,142,10,1,1,1,1,1,4,3,5,0,1,2,44,5,160,4,3,44,23,10,95,1,1,2,32,83,31,13,57,34,0,20,1,30,434,32,0,8.17,10,0,14,328,84,0,1,18,5,21,9,0,31,67,8,86,17,101,5,143,4,24,368,18,0,0,0,143,1,29,160,2.46,0.6,1
Hermannstadt,"Hermannstadt - Botoşani, 3-0",2026-03-22 18:00:00,3,Home,55427,719,191642,4437511,5823757,1.88,43.13,1.88,55.31,56.25,103.1,90.94,0,10.31,21.56,13.13,0.94,107.8,37.5,9.38,0.94,0,0.94,12.6,13.13,160.3,72.19,41.25,26.25,123.8,5.63,2.81,1.88,0.94,0.94,0.94,5.63,5.63,0.94,0,2.81,1.88,27.19,4.69,81.56,4.69,5.63,23.51,54.38,20.63,6.56,7.5,27.19,88.13,27.19,8.44,59.06,29.06,3.75,47.81,0,15,18.24,322.5,43.13,0,43.8,10.31,200.6,0.94,0,11.25,4.69,20.63,4.69,0,27.19,51.56,13.13,81.56,10.31,92.81,4.69,61.88,4.69,33.75,253.1,28.13,0,0,0,61.88,1.88,36.56,81.56,3.62,0.3,2.81,63.04,25,0,45.03,63.64,100,0,0,13.64,0,72.5,54.97,46.03,64.29,49.21,0,27.27,91.67,60.87,78.57,75,100,75.86,100,62.07,78.49,65.22,58.33,0,0,35.9,75.86,100,50,2,46,29,2,59,60,1,0,11,23,14,1,115,40,10,1,0,1,14,171,77,44,28,132,6,3,2,1,1,1,6,6,1,0,3,2,29,5,87,5,6,58,22,7,110,1,1,8,29,94,29,9,63,31,4,51,0,16,344,46,0,11.58,7,0,11,214,97,1,0,12,5,22,5,0,29,55,14,87,11,99,5,66,5,36,270,30,0,0,0,66,2,39,87,3.86,0.32,3
Rapid Bucureşti,"Unirea Slobozia - Rapid Bucureşti, 1-2",2026-03-02 18:30:00,3,Away,11566,719,191642,4435361,5715908,1.88,39.38,1.88,71.25,76.88,78.75,73.13,0.94,5.63,22.5,8.44,0,118.1,50.63,15.94,0,0,0,20.57,28.13,187.5,80.63,29.06,16.88,145.3,8.44,0.94,0.94,0.94,0,1.88,2.81,2.81,2.81,0,1.88,3.75,28.13,4.69,195.9,6.56,0,27.05,47.81,19.69,10.31,2.81,35.63,88.13,24.38,15,77.81,36.56,0.94,25.31,0.94,18.75,18.36,476.2,63.75,0,54.2,22.5,362.8,0,3.75,11.25,4.69,20.63,8.44,0,31.88,75.94,11.25,81.56,21.56,119.1,4.69,172.5,6.56,30,419.1,47.81,0,0,0,172.5,0,26.25,195.9,2.07,1.06,1.88,45.24,31.48,0,43,58.06,0,0,0,9.091,75,70.37,47,31.33,53.33,46.99,0,27.27,98.78,50,76.67,81.94,100,88.04,100,62.75,87.99,75,50,0,0,42.86,88.04,100,22.22,2,42,19,2,76,82,0,1,6,24,9,0,126,54,17,0,0,0,30,200,86,31,18,155,9,1,1,1,0,2,3,3,3,0,2,4,30,5,209,7,0,51,21,11,84,1,1,3,38,94,26,16,83,39,1,27,1,20,508,68,0,11.62,1,0,24,387,78,0,4,12,5,22,9,0,34,81,12,87,23,127,5,184,7,32,447,51,0,0,0,184,0,28,209,2.21,1.13,2
Universitatea Cluj,"Petrolul 52 - Universitatea Cluj, 0-1",2025-12-14 14:30:00,3,Away,60374,719,191642,4435361,5715837,1.88,21.56,0.94,32.81,63.75,112.5,73.13,0,4.69,9.38,0.94,6.56,110.6,56.25,12.19,0,0,0,14.26,15.94,167.8,69.38,20.63,11.25,127.5,20.63,1.88,0.94,0.94,0.94,1.88,10.31,10.31,0,0,0.94,0.94,32.81,4.69,113.4,6.56,5.63,33.45,47.81,18.75,11.25,0.94,27.19,74.06,23.44,9.38,71.25,33.75,0,18.75,2.81,51.56,19.15,347.8,41.25,0,47.8,8.44,234.4,0,4.69,4.69,4.69,7.5,10.31,0,13.13,60,1.88,72.19,14.06,85.31,4.69,100.3,4.69,27.19,278.4,24.38,0,0,0,100.3,0,9.38,113.4,0.38,0.65,4.69,56.52,21.67,0,41.34,54.55,100,0,0,12.5,100,48.33,44.13,32.89,58.82,47.37,0,25,94.12,20,88.24,66.91,100,88.43,71.43,56.86,80.05,59.09,40,0,0,50,88.43,100,22.73,2,23,13,1,35,68,1,0,5,10,1,7,118,60,13,0,0,0,17,179,74,22,12,136,22,2,1,1,1,2,11,11,0,0,1,1,35,5,121,7,6,51,20,12,120,1,1,1,29,79,25,10,76,36,0,20,3,55,371,44,0,8.9,9,0,9,250,78,0,5,5,5,8,11,0,14,64,2,77,15,91,5,107,5,29,297,26,0,0,0,107,0,10,121,0.4,0.69,5
Csikszereda Miercurea Ciuc,"Metaloglobus - Csikszereda Miercurea Ciuc, 0-1",2026-02-04 15:00:00,3,Away,22731,719,191642,4435361,5715873,2.81,66.56,0.94,40.31,21.56,131.2,82.5,0,4.69,9.38,4.69,6.56,183.8,77.81,14.06,0,0,0,23.62,17.81,225.9,89.06,61.88,34.69,105.9,16.88,6.56,3.75,0.94,0.94,2.81,15,13.13,1.88,0,0.94,0.94,39.38,5.63,48.75,1.88,15,27.67,41.25,21.56,11.25,6.56,43.13,114.4,22.5,10.31,60,26.25,1.88,22.5,0.94,52.5,21.28,200.6,29.06,0,30,4.69,77.81,0,0,11.25,5.63,13.13,13.13,0,17.81,19.69,2.81,120,12.19,58.13,5.63,31.88,0.94,18.75,122.8,14.06,0,0,0.94,31.88,1.88,12.19,48.75,1.55,0.77,3.75,56.34,18.07,0,39.42,56.06,100,0,0,7.143,100,55.42,50.62,37.5,57.89,43.75,0,35.71,91.3,30,68.42,54.87,100,65.38,50,45.45,61.21,48.39,41.67,0,50,46.15,65.38,100,22.22,3,71,40,1,43,23,1,0,5,10,5,7,196,83,15,0,0,0,19,241,95,66,37,113,18,7,4,1,1,3,16,14,2,0,1,1,42,6,52,2,16,44,23,12,140,1,1,7,46,122,24,11,64,28,2,24,1,56,214,31,0,12.04,7,0,5,83,88,0,0,12,6,14,14,0,19,21,3,128,13,62,6,34,1,20,131,15,0,0,1,34,2,13,52,1.65,0.82,4
Rapid Bucureşti,"Rapid Bucureşti - Metaloglobus, 1-0",2026-01-17 19:00:00,3,Home,11566,719,191642,4435361,5715851,0.94,31.88,0.94,58.13,84.38,124.7,94.69,0,4.69,20.63,6.56,1.88,161.2,67.5,15,0.94,0,0,13.57,23.44,189.4,83.44,29.06,16.88,210,7.5,4.69,1.88,0.94,0.94,1.88,0.94,0,2.81,0,0.94,1.88,61.88,5.63,198.8,3.75,0.94,27.19,60,20.63,9.38,2.81,44.06,107.8,34.69,16.88,69.38,39.38,0,44.06,0,20.63,17.89,584.1,69.38,0,60,14.06,444.4,0,4.69,9.38,5.63,14.06,6.56,0,29.06,78.75,9.38,125.6,17.81,160.3,5.63,174.4,3.75,30.94,493.1,44.06,0,0,2.81,174.4,4.69,31.88,198.8,1.3,0.29,0.94,61.76,22.22,0,44.06,58.06,100,0,0,6.667,50,65.28,56.93,50,72,56.76,0,20,93.33,45.45,76,76.34,100,87.74,100,51.56,84.43,63.51,70,0,60,32.35,87.74,100,12.5,1,34,21,1,62,90,1,0,5,22,7,2,172,72,16,1,0,0,25,202,89,31,18,224,8,5,2,1,1,2,1,0,3,0,1,2,66,6,212,4,1,64,22,10,133,1,1,3,47,115,37,18,74,42,0,47,0,22,623,74,0,5.41,6,0,15,474,101,0,5,10,6,15,7,0,31,84,10,134,19,171,6,186,4,33,526,47,0,0,3,186,5,34,212,1.39,0.31,1
Universitatea Cluj,"Universitatea Cluj - Rapid Bucureşti, 0-0",2025-09-12 20:00:00,1,Home,60374,719,191642,4435361,5715749,1.89,27.47,0,34.11,90,103.3,73.89,0,6.63,7.58,5.68,2.84,120.3,65.37,18.95,0,0,0,19.28,18,178.1,65.37,23.68,11.37,170.5,11.37,2.84,1.89,0.95,0.95,3.79,6.63,5.68,2.84,0,0,0.95,27.47,0,152.5,2.84,4.74,25.54,51.16,26.53,10.42,0,44.53,80.53,13.26,7.58,58.74,23.68,0,29.37,1.89,33.16,17.83,491.7,56.84,0,58,18,360,0,1.89,4.74,0,7.58,6.63,0.95,9.47,80.53,0,84.32,12.32,132.6,0,143.1,1.89,28.42,415.9,41.68,0,0,0.95,143.1,2.84,13.26,152.5,0.75,0.85,1.89,44.83,28.99,0,36.7,48,100,0,0,0,0,68.12,45.21,22.58,42.11,40.32,0,25,89.47,0,68.42,77.78,0,93.79,66.67,55.56,84.59,73.33,40,0,33.33,28.57,93.79,0,16.67,2,29,13,0,36,95,1,0,7,8,6,3,127,69,20,0,0,0,19,188,69,25,12,180,12,3,2,1,1,4,7,6,3,0,0,1,29,0,161,3,5,54,28,11,109,1,1,0,47,85,14,8,62,25,0,31,2,35,519,60,0,9.09,9,0,19,380,78,0,2,5,0,8,7,1,10,85,0,89,13,140,0,151,2,30,439,44,0,0,1,151,3,14,161,0.79,0.9,2
Universitatea Craiova,"Universitatea Craiova - Argeș, 3-1",2025-07-18 20:30:00,3,Home,26233,719,191642,4435361,5715689,0,26.53,0,27.47,76.74,101.4,82.42,0.95,0.95,4.74,3.79,1.89,143.1,68.21,19.89,0,0,0,15.5,15.16,208.4,83.37,25.58,10.42,159.2,12.32,0,0,0.95,0.95,1.89,8.53,8.53,0.95,0,2.84,0,48.32,0,162.9,11.37,2.84,22.14,54,24.63,13.26,5.68,42.63,99.47,32.21,8.53,89.05,38.84,0.95,19.89,0,43.58,19.02,447.2,48.32,0,64.3,17.05,309.8,0,5.68,4.74,0,7.58,8.53,0,11.37,70.11,0.95,102.3,11.37,112.7,0,148.7,11.37,23.68,367.6,26.53,0,0,0,148.7,2.84,7.58,162.9,1.38,0.78,1.89,42.86,29.17,0,40,40.74,100,0,0,25,0,62.5,47.73,36.17,56.25,43.62,0,25,91.36,20,75,70.83,0,91.28,100,43.86,82.2,54.9,40,0,0,62.5,91.28,100,15.38,0,28,12,0,29,81,0,1,1,5,4,2,151,72,21,0,0,0,16,220,88,27,11,168,13,0,0,1,1,2,9,9,1,0,3,0,51,0,172,12,3,57,26,14,107,1,1,6,45,105,34,9,94,41,1,21,0,46,472,51,0,6.08,8,0,18,327,87,0,6,5,0,8,9,0,12,74,1,108,12,119,0,157,12,25,388,28,0,0,0,157,3,8,172,1.46,0.82,2
Metaloglobus,"UTA Arad - Metaloglobus, 2-0",2025-11-02 14:30:00,0,Away,11943,719,191642,4435361,5715799,0,49.26,0,36.95,40.74,116.5,76.74,1.89,2.84,12.32,0.95,3.79,145.9,60.63,5.68,0,0,0,24.01,16.11,198.9,63.47,47.37,22.74,123.2,13.26,1.89,1.89,0.95,0.95,1.89,14.21,13.26,0.95,0,0,1.89,36,0.95,63.47,5.68,13.26,25.86,52.11,28.42,8.53,4.74,36,87.16,18.95,7.58,60.63,25.58,0,18.95,2.84,46.42,18.34,276.6,33.16,0,42.2,10.42,167.7,0,0.95,3.79,0.95,8.53,12.32,0,12.32,37.89,2.84,95.68,12.32,86.21,0.95,51.16,4.74,31.26,211.3,24.63,0,0,1.89,51.16,3.79,12.32,63.47,0.87,1.63,1.89,48.08,9.38,0,31.9,48,100,0,0,0,50,59.38,43.81,31.25,47.06,42.19,0,22.22,93.02,23.08,76.47,70,100,80.6,83.33,60,76.37,74.29,50,0,50,23.08,80.6,0,14.29,0,52,25,0,39,43,0,2,3,13,1,4,154,64,6,0,0,0,17,210,67,50,24,130,14,2,2,1,1,2,15,14,1,0,0,2,38,1,67,6,14,55,30,9,123,1,1,5,38,92,20,8,64,27,0,20,3,49,292,35,0,15.14,7,0,11,177,81,0,1,4,1,9,13,0,13,40,3,101,13,91,1,54,5,33,223,26,0,0,2,54,4,13,67,0.92,1.72,2
Petrolul 52,"Dinamo Bucureşti - Petrolul 52, 1-1",2026-01-30 19:00:00,1,Away,60390,719,191642,4435361,5715868,1.89,27.47,0,28.42,19.89,98.53,72,0.95,2.84,8.53,0.95,12.32,139.3,66.32,13.26,0.95,0,0,16.51,13.26,158.2,45.47,24.63,9.47,93.79,11.37,1.89,0.95,0.95,0.95,2.84,13.26,10.42,2.84,0,0.95,0.95,45.47,0.95,69.16,2.84,11.37,26.58,29.37,23.68,6.63,0.95,36.95,64.42,9.47,4.74,40.74,14.21,0,13.26,0.95,43.58,19.15,215.1,25.58,0,26,6.63,128.8,0,1.89,2.84,0.95,6.63,19.89,0,10.42,17.05,1.89,93.79,6.63,60.63,0.95,58.74,1.89,13.26,162,15.16,0,0,0,58.74,0,9.47,69.16,1.37,2.85,0.95,41.38,20,0,28.74,38.46,100,0,0,14.29,100,55.71,40.72,23.26,35.71,34.88,0,57.14,85.71,22.22,50,64.65,100,84.93,66.67,45.16,75.33,59.26,66.67,0,0,30,84.93,0,8.333,2,29,12,0,30,21,0,1,3,9,1,13,147,70,14,1,0,0,14,167,48,26,10,99,12,2,1,1,1,3,14,11,3,0,1,1,48,1,73,3,12,31,25,7,104,1,1,1,39,68,10,5,43,15,0,14,1,46,227,27,0,23.41,19,0,7,136,76,0,2,3,1,7,21,0,11,18,2,99,7,64,1,62,2,14,171,16,0,0,0,62,0,10,73,1.45,3.01,1
Farul Constanţa,"Farul Constanţa - Petrolul 52, 2-0",2026-03-15 14:00:00,3,Home,61242,719,191642,4437511,5822252,4.74,15.16,1.89,39.79,41.68,104.2,73.89,0,0,11.37,5.68,4.74,113.7,40.74,8.53,0,0,0,15.56,18,129.8,56.84,13.26,4.74,122.2,8.53,1.89,0.95,0.95,0.95,2.84,4.74,4.74,5.68,0,1.89,0,57.79,1.89,99.47,7.58,5.68,31.17,46.42,26.53,14.21,2.84,26.53,72.95,26.53,10.42,47.37,28.42,8.53,18,1.89,44.53,18.27,293.7,39.79,0,41.3,19.89,176.2,0,5.68,6.63,1.89,9.47,17.05,0.95,15.16,36,0,90,13.26,72,1.89,78.63,5.68,15.16,209.4,16.11,0,0,0.95,78.63,3.79,9.47,99.47,0.56,1,0.95,37.5,20.93,0,43.8,35.71,100,0,0,20,0,65.12,56.2,56,57.89,60,0,50,86.36,0,73.68,58.91,100,79.05,75,32.65,71.29,40.48,71.43,0,25,40,79.05,100,11.11,5,16,6,2,42,44,1,0,0,12,6,5,120,43,9,0,0,0,19,137,60,14,5,129,9,2,1,1,1,3,5,5,6,0,2,0,61,2,105,8,6,49,28,15,110,1,1,3,28,77,28,11,50,30,9,19,2,47,310,42,0,10.74,7,0,21,186,78,0,6,7,2,10,18,1,16,38,0,95,14,76,2,83,6,16,221,17,0,0,1,83,4,10,105,0.59,1.06,1
Botoşani,"Argeș - Botoşani, 0-0",2025-12-13 16:00:00,1,Away,11634,719,191642,4435361,5715833,1.89,57.79,0,41.68,44.53,126,90,0,5.68,14.21,4.74,2.84,147.8,58.74,16.11,0,0,0,17.18,14.21,230.2,83.37,47.37,13.26,160.1,12.32,0,0,0.95,0.95,0.95,6.63,5.68,1.89,0,0,0,31.26,2.84,94.74,6.63,3.79,21.55,53.05,44.53,21.79,2.84,39.79,98.53,19.89,8.53,69.16,28.42,1.89,27.47,2.84,43.58,16.46,363.8,56.84,0,62.5,9.47,214.1,0,3.79,5.68,2.84,12.32,8.53,0.95,14.21,37.89,3.79,88.11,9.47,106.1,2.84,77.68,5.68,28.42,274.7,35.05,0,0.95,0.95,77.68,0.95,11.37,94.74,0.81,0.66,0.95,29.51,27.42,0,36.21,28,100,0,0,0,0,67.74,42.8,28.77,60,41.1,0,7.69,85.11,26.67,66.67,66.27,100,82,85.71,53.57,75.52,61.67,16.67,100,100,41.67,82,0,7.692,2,61,18,0,44,47,1,0,6,15,5,3,156,62,17,0,0,0,15,243,88,50,14,169,13,0,0,1,1,1,7,6,2,0,0,0,33,3,100,7,4,56,47,23,133,1,1,3,42,104,21,9,73,30,2,29,3,46,384,60,0,4.96,3,0,10,226,95,0,4,6,3,13,9,1,15,40,4,93,10,112,3,82,6,30,290,37,0,1,1,82,1,12,100,0.86,0.7,1
Unirea Slobozia,"Unirea Slobozia - Farul Constanţa, 2-1",2026-02-07 12:00:00,3,Home,11663,719,191642,4435361,5715880,0,34.11,0.95,45.47,36.95,114.6,81.47,0.95,4.74,16.11,3.79,5.68,118.4,49.26,10.42,0,0,0,17.22,14.21,157.3,54.95,32.21,8.53,102.3,12.32,2.84,1.89,0.95,0.95,1.89,8.53,5.68,1.89,0,1.89,1.89,35.05,2.84,77.68,1.89,6.63,24.23,47.37,24.63,10.42,7.58,29.37,70.11,20.84,8.53,49.26,24.63,1.89,26.53,0,53.05,20.33,265.3,34.11,0,42.5,3.79,160.1,0,1.89,9.47,2.84,15.16,9.47,0,19.89,35.05,7.58,73.89,12.32,68.21,2.84,61.58,0,30.32,197.1,23.68,0,0,0,61.58,0,21.79,77.68,2.15,0.8,0.95,27.78,21.15,0,34.94,26.47,100,0,0,12.5,50,59.62,44.58,42.31,60,50,0,25,94.87,47.06,86.67,66.67,100,79.27,0,64,74.29,69.44,40,0,0,21.74,79.27,100,7.692,0,36,10,1,48,39,0,1,5,17,4,6,125,52,11,0,0,0,15,166,58,34,9,108,13,3,2,1,1,2,9,6,2,0,2,2,37,3,82,2,7,50,26,11,121,1,1,8,31,74,22,9,52,26,2,28,0,56,280,36,0,11.32,8,0,4,169,86,0,2,10,3,16,10,0,21,37,8,78,13,72,3,65,0,32,208,25,0,0,0,65,0,23,82,2.27,0.84,1
Botoşani,"Botoşani - Universitatea Craiova, 1-1",2025-08-31 17:30:00,1,Home,11634,719,191642,4435361,5715741,2.84,27.47,0.95,40.74,28.42,99.47,66.32,0.95,3.79,12.32,3.79,3.79,128.8,71.05,11.37,0,0,0,18.91,18.95,174.3,51.16,25.58,10.42,99.47,8.53,0.95,0.95,0.95,0.95,0.95,9.47,5.68,4.74,0,0.95,0.95,30.32,3.79,69.16,0,5.68,40.11,40.74,29.37,8.53,0,42.63,74.84,12.32,7.58,46.42,19.89,0.95,29.37,2.84,32.21,22,231.2,40.74,0,39.1,8.53,128.8,0,3.79,6.63,3.79,8.53,12.32,0.95,14.21,24.63,2.84,84.32,12.32,58.74,3.79,59.68,0,17.05,162,23.68,0,0.95,1.89,59.68,2.84,15.16,69.16,1.11,1.66,3.79,41.38,16,0,29.35,40.74,100,0,0,11.11,100,60,42.93,26.53,40,42.86,0,33.33,86.67,23.08,65,59.05,100,86.3,0,41.86,70.08,58.14,57.14,100,66.67,37.5,86.3,0,44.44,3,29,12,1,43,30,0,1,4,13,4,4,136,75,12,0,0,0,20,184,54,27,11,105,9,1,1,1,1,1,10,6,5,0,1,1,32,4,73,0,6,43,31,9,105,1,1,0,45,79,13,8,49,21,1,31,3,34,244,43,0,17.23,2,0,9,136,70,0,4,7,4,9,13,1,15,26,3,89,13,62,4,63,0,18,171,25,0,1,2,63,3,16,73,1.17,1.75,4
Farul Constanţa,"Unirea Slobozia - Farul Constanţa, 2-1",2026-02-07 12:00:00,0,Away,61242,719,191642,4435361,5715880,0,34.11,0.95,47.37,47.37,113.7,66.32,1.89,3.79,18,3.79,2.84,116.5,49.26,7.58,0,0,0,19.32,17.05,157.3,65.37,33.16,20.84,137.4,14.21,0.95,0,0.95,0.95,0.95,3.79,3.79,1.89,0,0.95,0,33.16,3.79,144,7.58,2.84,34.89,41.68,24.63,11.37,11.37,28.42,81.47,19.89,7.58,49.26,24.63,0,34.11,1.89,33.16,19.92,370.4,45.47,0,57.5,13.26,252.9,0,9.47,5.68,3.79,9.47,15.16,2.84,15.16,42.63,3.79,83.37,10.42,95.68,3.79,122.2,3.79,19.89,291.8,32.21,0,0.95,1.89,122.2,8.53,14.21,144,0.8,2.15,2.84,63.89,15.38,0,41.57,62.86,100,0,0,10,0,57.69,51.81,40.38,44.44,50,0,30,90,21.05,61.11,69.66,100,84.87,50,47.73,78.77,70.83,50,33.33,22.22,33.33,84.87,0,20,0,36,23,1,50,50,0,2,4,19,4,3,123,52,8,0,0,0,18,166,69,35,22,145,15,1,0,1,1,1,4,4,2,0,1,0,35,4,152,8,3,44,26,12,120,1,1,12,30,86,21,8,52,26,0,36,2,35,391,48,0,6.03,4,0,14,267,70,0,10,6,4,10,16,3,16,45,4,88,11,101,4,129,4,21,308,34,0,1,2,129,9,15,152,0.84,2.27,3
Hermannstadt,"UTA Arad - Hermannstadt, 3-2",2026-03-13 16:30:00,0,Away,55427,719,191642,4437511,5822253,1.89,45.47,1.89,53.05,51.16,114.6,84.32,2.84,2.84,18.95,5.68,2.84,143.1,65.37,16.11,0,0,0,15.4,22.74,219.8,79.58,40.74,16.11,152.5,12.32,4.74,0.95,0.95,0.95,1.89,5.68,4.74,1.89,0,1.89,1.89,32.21,3.79,141.2,7.58,4.74,25.63,39.79,18.95,5.68,4.74,41.68,96.63,30.32,13.26,90,38.84,0,24.63,0,31.26,17.8,405.5,42.63,0.95,57.8,18,255.8,0,0.95,7.58,3.79,11.37,5.68,0,25.58,46.42,7.58,92.84,16.11,109,3.79,120.3,5.68,19.89,321.2,32.21,0,0,0,120.3,1.89,18.95,141.2,1.97,0.4,2.84,41.67,24.64,0,36.21,39.53,100,0,0,16.67,100,63.77,43.97,33.68,58.33,43.16,0,41.67,90.74,40,70.83,71.43,100,85.23,75,50,79.21,75.56,50,0,0,35,85.23,0,23.08,2,48,20,2,56,54,0,3,3,20,6,3,151,69,17,0,0,0,24,232,84,43,17,161,13,5,1,1,1,2,6,5,2,0,2,2,34,4,149,8,5,42,20,6,121,1,1,5,44,102,32,14,95,41,0,26,0,33,428,45,1,6.03,4,0,19,270,89,0,1,8,4,12,6,0,27,49,8,98,17,115,4,127,6,21,339,34,0,0,0,127,2,20,149,2.08,0.42,3
Universitatea Craiova,"Argeș - Universitatea Craiova, 1-2",2025-11-21 19:30:00,3,Away,26233,719,191642,4435361,5715809,0.95,35.05,0,39.79,68.21,111.8,80.53,0.95,0,7.58,1.89,7.58,140.2,54.95,12.32,0,0,0,27.46,21.79,168.6,67.26,33.16,18,140.2,16.11,2.84,0.95,0.95,0.95,4.74,4.74,4.74,0.95,0,1.89,0.95,50.21,4.74,121.3,19.89,0,26.26,35.05,20.84,8.53,5.68,33.16,85.26,24.63,12.32,57.79,27.47,1.89,17.05,2.84,47.37,15.4,398.8,33.16,0,54.5,18.95,287.1,0,4.74,7.58,4.74,9.47,10.42,0.95,19.89,66.32,2.84,102.3,15.16,106.1,4.74,107,12.32,22.74,339.2,21.79,0,0.95,1.89,107,1.89,12.32,121.3,1.67,1.16,2.84,54.05,22.41,0,39.89,54.29,100,0,0,20,0,60.34,50.56,42.62,56.52,47.54,0,40,97.22,37.5,69.57,75.68,100,88.28,61.9,64.86,85.04,65.71,62.5,100,100,46.15,88.28,100,17.65,1,37,20,0,42,72,0,1,0,8,2,8,148,58,13,0,0,0,23,178,71,35,19,148,17,3,1,1,1,5,5,5,1,0,2,1,53,5,128,21,0,37,22,9,118,1,1,6,35,90,26,13,61,29,2,18,3,50,421,35,0,5.73,8,0,20,303,85,0,5,8,5,10,11,1,21,70,3,108,16,112,5,113,13,24,358,23,0,1,2,113,2,13,128,1.76,1.22,3
Hermannstadt,"Unirea Slobozia - Hermannstadt, 2-3",2026-01-31 13:30:00,3,Away,55427,719,191642,4435361,5715864,2.84,46.42,1.89,54,47.37,109,92.84,1.89,3.79,10.42,5.68,3.79,153.5,74.84,23.68,0.95,0,0,21.91,23.68,221.7,92.84,43.58,22.74,115.6,18,1.89,0.95,0.95,0.95,1.89,5.68,4.74,0.95,0,2.84,0.95,32.21,5.68,67.26,4.74,3.79,24.01,36.95,31.26,10.42,4.74,57.79,119.4,27.47,14.21,69.16,35.05,4.74,27.47,0,37.89,16.75,292.7,44.53,0,44.4,18.95,181.9,0,1.89,7.58,5.68,17.05,8.53,2.84,23.68,42.63,4.74,113.7,17.05,81.47,5.68,54.95,1.89,22.74,226.4,27.47,0,0.95,2.84,54.95,4.74,22.74,67.26,2.28,1.47,3.79,51.02,31.65,0,41.88,52.17,100,0,0,16.67,0,77.22,53.85,39.73,60,50.68,0,22.22,90,45.45,72,70.49,100,81.69,40,61.54,77.35,61.7,12.5,33.33,60,37.5,81.69,100,21.05,3,49,25,2,57,50,0,2,4,11,6,4,162,79,25,1,0,0,25,234,98,46,24,122,19,2,1,1,1,2,6,5,1,0,3,1,34,6,71,5,4,39,33,11,115,1,1,5,61,126,29,15,73,37,5,29,0,40,309,47,0,8.97,8,0,20,192,98,0,2,8,6,18,9,3,25,45,5,120,18,86,6,58,2,24,239,29,0,1,3,58,5,24,71,2.41,1.55,4
Universitatea Cluj,"Universitatea Cluj - Metaloglobus, 3-1",2025-11-07 17:00:00,3,Home,60374,719,191642,4435361,5715800,3.79,23.68,1.89,38.84,76.74,90,75.79,0.95,6.63,6.63,2.84,2.84,104.2,52.11,11.37,0,0,0,26.06,18.95,171.5,68.21,22.74,16.11,135.5,3.79,0.95,0,0.95,0.95,4.74,3.79,3.79,3.79,0,2.84,0.95,28.42,5.68,139.3,9.47,1.89,32.78,48.32,41.68,17.05,5.68,36.95,90.95,19.89,9.47,54,22.74,0,22.74,0,25.58,20.3,420.6,37.89,0,47.3,20.84,318.3,0,2.84,9.47,5.68,12.32,8.53,0.95,19.89,72.95,2.84,82.42,10.42,96.63,5.68,130.7,6.63,31.26,358.1,26.53,0,0,4.74,130.7,5.68,19.89,139.3,2.07,0.53,1.89,72,21.82,0,39.78,70.83,100,0,0,23.08,100,70.91,53.04,36.84,50,42.11,0,61.54,95.06,42.86,55,71.33,100,93.88,70,64.71,85.14,70,80,0,83.33,47.62,93.88,100,50,4,25,18,2,41,81,0,1,7,7,3,3,110,55,12,0,0,0,20,181,72,24,17,143,4,1,0,1,1,5,4,4,4,0,3,1,30,6,147,10,2,51,44,18,95,1,1,6,39,96,21,10,57,24,0,24,0,27,444,40,0,16.2,9,0,22,336,80,0,3,10,6,13,9,1,21,77,3,87,11,102,6,138,7,33,378,28,0,0,5,138,6,21,147,2.19,0.56,2
Unirea Slobozia,"Unirea Slobozia - Universitatea Craiova, 0-3",2026-02-22 19:00:00,0,Home,11663,719,191642,4435361,5715902,1.91,30.64,0,23.94,59.36,109.2,82.34,2.87,1.91,6.7,1.91,8.62,144.6,65.11,17.23,0,0,0,20.05,14.36,169.5,60.32,28.72,9.57,133.1,7.66,3.83,0.96,0.96,0,0.96,4.79,4.79,1.91,0,0,0,48.83,0,133.1,11.49,1.91,24.36,53.62,18.19,7.66,7.66,39.26,76.6,20.11,5.74,55.53,25.85,4.79,21.06,1.91,50.74,17.51,371.5,41.17,0,44.9,7.66,256.6,0,6.7,1.91,0,1.91,12.45,0.96,7.66,57.45,1.91,97.66,10.53,88.09,0,120.6,5.74,26.81,304.5,19.15,0,0,0,120.6,6.7,4.79,133.1,0,1.93,1.91,31.25,26.47,0,35.59,33.33,0,0,0,0,0,60.29,45.2,36.21,40,46.55,0,0,96.77,28.57,73.33,66.19,0,90.65,50,50,81.96,46.51,0,0,0,0,90.65,0,25,2,32,10,0,25,62,0,3,2,7,2,9,151,68,18,0,0,0,15,177,63,30,10,139,8,4,1,1,0,1,5,5,2,0,0,0,51,0,139,12,2,56,19,8,114,1,1,8,41,80,21,6,58,27,5,22,2,53,388,43,0,11.9,9,0,8,268,86,0,7,2,0,2,13,1,8,60,2,102,11,92,0,126,6,28,318,20,0,0,0,126,7,5,139,0,2.02,2
Argeș,"Metaloglobus - Argeș, 0-2",2026-01-23 16:00:00,3,Away,23334,719,191642,4435361,5715860,0.96,53.62,0,43.09,40.21,106.3,79.47,0,2.87,15.32,6.7,0.96,140.7,49.79,15.32,2.87,0.96,0,8.76,13.4,181.9,80.43,51.7,27.77,132.1,11.49,5.74,1.91,0.96,0.96,1.91,3.83,3.83,0.96,0,1.91,0,37.34,0.96,97.66,0.96,2.87,25.69,60.32,25.85,9.57,0.96,31.6,91.91,21.06,7.66,52.66,25.85,1.91,36.38,2.87,27.77,21.32,313.1,59.36,0,56.1,15.32,178.1,0,0.96,5.74,0.96,14.36,2.87,0,15.32,37.34,3.83,98.62,12.45,71.81,0.96,82.34,0.96,27.77,221.2,28.72,0,0,0,82.34,0,11.49,97.66,1.56,0.29,1.91,55.36,30.77,33.33,44.21,53.7,100,0,0,13.33,0,63.46,50.53,40,57.14,49.09,0,26.67,92.86,25,92.86,54.35,100,84.31,100,46.03,70.64,48.39,16.67,0,0,25,84.31,100,16.67,1,56,31,0,45,42,1,0,3,16,7,1,147,52,16,3,1,0,14,190,84,54,29,138,12,6,2,1,1,2,4,4,1,0,2,0,39,1,102,1,3,63,27,10,111,1,1,1,33,96,22,8,55,27,2,38,3,29,327,62,0,6.43,6,0,16,186,83,0,1,6,1,15,3,0,16,39,4,103,13,75,1,86,1,29,231,30,0,0,0,86,0,12,102,1.63,0.3,2
Hermannstadt,"Universitatea Cluj - Hermannstadt, 3-0",2025-12-07 14:00:00,0,Away,55427,719,191642,4435361,5715828,3.83,22.02,0,28.72,71.81,106.3,66.06,2.87,1.91,7.66,0.96,5.74,122.5,69.89,16.28,0.96,0,0,10.73,13.4,161.8,55.53,19.15,7.66,161.8,3.83,2.87,1.91,0.96,0.96,0.96,9.57,9.57,0.96,0,0,2.87,30.64,0.96,126.4,7.66,0.96,24.82,47.87,2.87,1.91,6.7,50.74,81.38,19.15,2.87,67.02,27.77,0,21.06,1.91,28.72,18.02,428.9,59.36,0,50,11.49,319.8,0,8.62,4.79,0.96,7.66,9.57,0,7.66,69.89,3.83,90.96,9.57,111.1,0.96,115.8,5.74,18.19,356.2,34.47,0,0,0,115.8,1.91,7.66,126.4,0.29,0.98,0,43.48,23.29,0,34.32,40,100,0,0,0,0,72.6,50.3,28.57,21.43,41.43,0,12.5,97.33,50,71.43,68.64,100,91.67,75,38,83.04,58.06,40,0,0,12.5,91.67,0,0,4,23,10,0,30,75,0,3,2,8,1,6,128,73,17,1,0,0,14,169,58,20,8,169,4,3,2,1,1,1,10,10,1,0,0,3,32,1,132,8,1,50,3,2,111,1,1,7,53,85,20,3,70,29,0,22,2,30,448,62,0,20.72,8,0,12,334,69,0,9,5,1,8,10,0,8,73,4,95,10,116,1,121,6,19,372,36,0,0,0,121,2,8,132,0.3,1.02,0
Metaloglobus,"Metaloglobus - Universitatea Cluj, 1-4",2025-07-11 18:00:00,0,Home,11943,719,191642,4435361,5715680,0.96,33.51,0,42.13,75.64,102.5,63.19,3.83,0.96,15.32,2.87,4.79,146.5,80.43,20.11,0,0,0,18.58,17.23,198.2,63.19,28.72,9.57,129.3,5.74,0.96,0,0.96,0.96,0.96,10.53,10.53,1.91,0,0.96,0.96,32.55,0.96,113.9,8.62,0.96,33.21,48.83,21.06,3.83,0.96,53.62,90.96,22.02,10.53,63.19,27.77,1.91,22.98,0,35.43,17.74,363.8,45,0,46.2,16.28,255.6,0,10.53,2.87,0.96,7.66,13.4,1.91,19.15,71.81,5.74,97.66,13.4,93.83,0.96,96.7,7.66,22.98,298.7,22.02,0,0.96,1.91,96.7,3.83,10.53,113.9,0.34,2.06,2.87,34.29,25,0,31.88,33.33,100,0,0,0,0,66.67,45.89,34.85,61.11,43.94,0,25,94.94,37.5,77.78,72.59,100,84.87,88.89,47.06,82.11,48.94,33.33,50,50,36.36,84.87,0,50,1,35,12,0,44,79,0,4,1,16,3,5,153,84,21,0,0,0,18,207,66,30,10,135,6,1,0,1,1,1,11,11,2,0,1,1,34,1,119,9,1,51,22,4,107,1,1,1,56,95,23,11,66,29,2,24,0,37,380,47,0,11.25,2,0,17,267,66,0,11,3,1,8,14,2,20,75,6,102,14,98,1,101,8,24,312,23,0,1,2,101,4,11,119,0.35,2.15,3
Petrolul 52,"Universitatea Craiova - Petrolul 52, 2-0",2025-08-24 17:30:00,0,Away,60390,719,191642,4435361,5715734,1.91,24.89,0,34.47,63.19,90,64.15,1.91,3.83,6.7,1.91,5.74,131.2,72.77,16.28,0,0,0,28.04,20.11,173.3,58.4,22.98,13.4,148.4,10.53,2.87,0.96,0.96,0,2.87,12.45,10.53,6.7,0,0,0.96,33.51,0.96,90,8.62,8.62,22.74,34.47,29.68,14.36,3.83,48.83,90,13.4,6.7,45.96,14.36,0.96,16.28,1.91,24.89,16.32,355.2,34.47,0,37.7,1.91,249.9,0,3.83,6.7,0.96,7.66,16.28,0,9.57,57.45,2.87,95.74,10.53,102.5,0.96,79.47,6.7,12.45,286.3,22.02,0,0,0.96,79.47,4.79,9.57,90,0.35,1.31,1.91,53.85,22.37,0,33.7,58.33,0,0,0,0,0,67.11,51.93,29.17,33.33,31.25,0,0,90.91,42.86,52.38,69.03,100,88.3,77.78,36.11,80.59,63.89,14.29,0,20,40,88.3,0,18.18,2,26,14,0,36,66,0,2,4,7,2,6,137,76,17,0,0,0,21,181,61,24,14,155,11,3,1,1,0,3,13,11,7,0,0,1,35,1,94,9,9,36,31,15,94,1,1,4,51,94,14,7,48,15,1,17,2,26,371,36,0,16.79,7,0,2,261,67,0,4,7,1,8,17,0,10,60,3,100,11,107,1,83,7,13,299,23,0,0,1,83,5,10,94,0.37,1.37,2
Metaloglobus,"Botoşani - Metaloglobus, 3-0",2026-02-08 16:00:00,0,Away,11943,719,191642,4435361,5715883,0.96,35.43,0,58.4,47.87,121.6,88.09,2.87,2.87,15.32,2.87,8.62,156.1,59.36,5.74,0,0,0,31.19,30.64,205.8,75.64,34.47,14.36,123.5,9.57,0,0,0.96,0.96,2.87,5.74,4.79,2.87,0,0,0,61.28,1.91,92.87,2.87,2.87,21.83,56.49,31.6,11.49,0,43.09,97.66,27.77,19.15,79.47,43.09,0.96,17.23,0.96,52.66,18.66,316.9,41.17,0,38.8,12.45,186.7,0,2.87,6.7,1.91,11.49,13.4,0.96,28.72,45,4.79,119.7,25.85,83.3,1.91,72.77,1.91,29.68,241.3,25.85,0,0.96,0,72.77,0.96,17.23,92.87,0.93,2.2,0,43.24,9.68,0,36.74,41.67,100,0,0,0,0,72.58,47.44,34.94,62.5,54.22,0,33.33,94,31.25,84.38,67.44,100,78.35,66.67,52.54,76.13,62.79,57.14,100,0,27.78,78.35,0,0,1,37,16,0,61,50,0,3,3,16,3,9,163,62,6,0,0,0,32,215,79,36,15,129,10,0,0,1,1,3,6,5,3,0,0,0,64,2,97,3,3,59,33,12,127,1,1,0,45,102,29,20,83,45,1,18,1,55,331,43,0,15,10,0,13,195,92,0,3,7,2,12,14,1,30,47,5,125,27,87,2,76,2,31,252,27,0,1,0,76,1,18,97,0.97,2.3,0
Universitatea Cluj,"Metaloglobus - Universitatea Cluj, 1-4",2025-07-11 18:00:00,3,Away,60374,719,191642,4435361,5715680,1.91,33.51,1.91,44.04,66.06,99.57,77.55,0.96,5.74,13.4,3.83,2.87,123.5,63.19,18.19,0,0,0,15.13,17.23,198.2,77.55,31.6,19.15,165.6,7.66,0,0,0.96,0.96,0.96,5.74,3.83,1.91,0,3.83,2.87,26.81,1.91,159.9,6.7,4.79,30.25,51.7,21.06,6.7,0,41.17,94.79,26.81,9.57,80.43,32.55,0,25.85,1.91,33.51,18.31,469.1,57.45,0,53.8,22.98,346.6,0,0.96,8.62,1.91,13.4,7.66,0,19.15,63.19,3.83,88.09,13.4,136.9,1.91,141.7,4.79,32.55,402.1,42.13,0,0,0.96,141.7,3.83,25.85,159.9,2.06,0.34,0.96,60,28.79,0,39.13,60.61,100,0,0,28.57,33.33,65.15,47.83,33.33,55.56,40.48,0,42.86,95.65,28.57,77.78,82.66,100,88.62,71.43,62.96,85.71,73.33,55.56,0,25,44.44,88.62,100,12.5,2,35,21,2,46,69,1,1,6,14,4,3,129,66,19,0,0,0,18,207,81,33,20,173,8,0,0,1,1,1,6,4,2,0,4,3,28,2,167,7,5,54,22,7,104,1,1,0,43,99,28,10,84,34,0,27,2,35,490,60,0,12.32,6,0,24,362,81,0,1,9,2,14,8,0,20,66,4,92,14,143,2,148,5,34,420,44,0,0,1,148,4,27,167,2.15,0.35,1
Csikszereda Miercurea Ciuc,"Csikszereda Miercurea Ciuc - Farul Constanţa, 1-0",2026-03-06 18:30:00,3,Home,22731,719,191642,4435361,5715913,1.91,41.17,0.96,30.64,51.7,105.3,77.55,0,3.83,8.62,1.91,1.91,136,55.53,12.45,0,0,0,20.09,13.4,182.9,71.81,38.3,19.15,120.6,6.7,2.87,2.87,0.96,0.96,2.87,3.83,3.83,0.96,0,0.96,3.83,39.26,2.87,104.4,4.79,3.83,30.09,47.87,32.55,17.23,2.87,38.3,92.87,16.28,4.79,53.62,21.06,0,18.19,0.96,37.34,18.72,326.5,46.91,0.96,44.9,12.45,221.2,0,5.74,5.74,2.87,8.62,1.91,0,11.49,47.87,1.91,98.62,6.7,84.26,2.87,90.96,2.87,24.89,262.3,31.6,0,0,3.83,90.96,5.74,10.53,104.4,1.93,0.54,0.96,51.16,22.41,0,39.27,50,100,0,0,11.11,50,68.97,50.79,30.36,35.71,39.29,0,55.56,92.59,22.22,50,69.84,100,87.16,60,52,80.35,67.35,83.33,0,66.67,54.55,87.16,100,14.29,2,43,22,1,32,54,1,0,4,9,2,2,142,58,13,0,0,0,14,191,75,40,20,126,7,3,3,1,1,3,4,4,1,0,1,4,41,3,109,5,4,50,34,18,110,1,1,3,40,97,17,5,56,22,0,19,1,39,341,49,1,12.36,4,0,13,231,81,0,6,6,3,9,2,0,12,50,2,103,7,88,3,95,3,26,274,33,0,0,4,95,6,11,109,2.02,0.56,1
Hermannstadt,"Hermannstadt - Rapid Bucureşti, 0-3",2026-02-03 19:30:00,0,Home,55427,719,191642,4435361,5715877,0,33.87,0,52.26,67.74,120,93.87,2.9,4.84,15.48,0.97,1.94,138.4,64.84,16.45,0,0,0,35.93,32.9,218.7,81.29,30.97,11.61,138.4,13.55,1.94,0.97,0.97,0.97,0.97,0.97,0,3.87,0,0,0,39.68,0,117.1,2.9,1.94,30.56,44.52,33.87,13.55,3.87,44.52,101.6,30.97,23.23,86.13,38.71,2.9,37.74,2.9,30.97,19.64,365.8,60,0,51,15.48,225.5,0,0,1.94,0,3.87,10.65,0,23.23,61.94,0,96.77,27.1,95.81,0,90,0,22.26,279.7,37.74,0,0,0,90,0.97,12.58,117.1,0.24,1.99,1.94,37.14,25.37,0,37.17,37.5,100,0,0,0,0,68.66,46.46,35.96,70.59,44.94,0,0,91.43,0,82.35,69.23,0,76.86,0,50,76.46,62.9,0,0,0,15.38,76.86,0,14.29,0,35,13,0,54,70,0,3,5,16,1,2,143,67,17,0,0,0,34,226,84,32,12,143,14,2,1,1,1,1,1,0,4,0,0,0,41,0,121,3,2,46,35,14,124,1,1,4,46,105,32,24,89,40,3,39,3,32,378,62,0,7.81,5,0,16,233,97,0,0,2,0,4,11,0,24,64,0,100,28,99,0,93,0,23,289,39,0,0,0,93,1,13,121,0.25,2.06,2
Petrolul 52,"FCS Bucureşti - Petrolul 52, 1-1",2025-11-22 19:30:00,1,Away,60390,719,191642,4435361,5715811,0,28.06,0.97,14.52,54.19,115.2,87.1,0.97,2.9,2.9,3.87,8.71,162.6,95.81,23.23,0,0,0,8.92,5.81,211,65.81,24.19,8.71,107.4,14.52,0,0,0.97,0.97,1.94,14.52,9.68,2.9,0,0.97,0,38.71,0.97,59.03,1.94,9.68,27.68,41.61,28.06,9.68,0,57.1,91.94,13.55,2.9,59.03,21.29,0.97,20.32,1.94,51.29,17.97,277.7,24.19,0,35.4,5.81,160.7,0,4.84,3.87,0.97,5.81,18.39,0,5.81,46.45,0.97,107.4,3.87,67.74,0.97,46.45,0.97,20.32,199.3,15.48,0,0,0.97,46.45,0.97,6.77,59.03,0.42,1.37,1.94,41.38,24.24,0,31.19,36,100,0,0,16.67,0,59.6,43.58,22.95,50,36.07,0,33.33,85.71,33.33,66.67,63.06,100,78.69,50,48.84,71.78,64,50,0,100,57.14,78.69,0,13.33,0,29,12,1,15,56,0,1,3,3,4,9,168,99,24,0,0,0,6,218,68,25,9,111,15,0,0,1,1,2,15,10,3,0,1,0,40,1,61,2,10,43,29,10,119,1,1,0,59,95,14,3,61,22,1,21,2,53,287,25,0,10.08,3,0,6,166,90,0,5,4,1,6,19,0,6,48,1,111,4,70,1,48,1,21,206,16,0,0,1,48,1,7,61,0.43,1.42,2
Universitatea Cluj,"UTA Arad - Universitatea Cluj, 0-2",2025-11-22 14:00:00,3,Away,60374,719,191642,4435361,5715810,0,35.81,0.97,44.52,50.32,100.7,66.77,0,4.84,10.65,7.74,4.84,126.8,62.9,13.55,0,0,0,17.26,18.39,173.2,64.84,27.1,8.71,135.5,7.74,0,0,0.97,0.97,2.9,7.74,5.81,5.81,0,1.94,0.97,28.06,1.94,111.3,5.81,6.77,26.48,36.77,12.58,5.81,1.94,40.65,80.32,19.35,6.77,61.94,30.97,0,20.32,5.81,38.71,16.74,353.2,34.84,0,45.7,11.61,249.7,0,4.84,10.65,1.94,15.48,10.65,0,15.48,45.48,2.9,83.23,13.55,97.74,1.94,96.77,4.84,17.42,289.4,23.23,0,0,0.97,96.77,2.9,19.35,111.3,1.75,0.48,1.94,40.54,21.54,0,37.43,32.14,100,0,0,12.5,100,64.62,46.37,31.25,36.84,50,0,37.5,90.38,27.27,73.68,72.14,100,86.96,83.33,47.37,81.92,66.67,72.73,0,33.33,55,86.96,100,25,0,37,15,1,46,52,1,0,5,11,8,5,131,65,14,0,0,0,19,179,67,28,9,140,8,0,0,1,1,3,8,6,6,0,2,1,29,2,115,6,7,38,13,6,104,1,1,2,42,83,20,7,64,32,0,21,6,40,365,36,0,16.5,8,0,12,258,69,0,5,11,2,16,11,0,16,47,3,86,14,101,2,100,5,18,299,24,0,0,1,100,3,20,115,1.81,0.5,2
Metaloglobus,"Metaloglobus - Hermannstadt, 1-1",2025-11-24 16:30:00,1,Home,11943,719,191642,4435361,5715808,2.93,35.22,0,42.07,48.91,122.3,79.24,0.98,4.89,11.74,2.93,8.8,147.7,84.13,19.57,0,0,0,19.02,18.59,194.7,66.52,30.33,14.67,149.7,15.65,0.98,0,0.98,0.98,0.98,4.89,3.91,3.91,0,0.98,0,28.37,0,126.2,17.61,3.91,21.02,43.04,13.7,3.91,3.91,51.85,94.89,22.5,8.8,61.63,26.41,0,18.59,2.93,42.07,25.36,395.2,52.83,0.98,51.1,13.7,275.9,0,1.96,4.89,0,11.74,10.76,0,13.7,47.93,0.98,96.85,11.74,99.78,0,110.5,13.7,17.61,317.9,35.22,0.98,0,0.98,110.5,2.93,7.83,126.2,1.24,1.3,1.96,47.22,23.26,0,34.17,48.39,100,0,0,8.333,0,61.63,48.74,36.51,47.37,42.86,100,33.33,98,8.33,63.16,66.67,0,87.6,77.78,40.91,80.45,66.67,20,0,33.33,25,87.6,0,12.5,3,36,17,0,43,50,0,1,5,12,3,9,151,86,20,0,0,0,19,199,68,31,15,153,16,1,0,1,1,1,5,4,4,0,1,0,29,0,129,18,4,44,14,4,125,1,1,4,53,97,23,9,63,27,0,19,3,43,404,54,1,11.72,10,0,14,282,81,0,2,5,0,12,11,0,14,49,1,99,12,102,0,113,14,18,325,36,1,0,1,113,3,8,129,1.27,1.33,2
Farul Constanţa,"Universitatea Cluj - Farul Constanţa, 1-0",2025-12-21 15:30:00,0,Away,61242,719,191642,4435361,5715843,0.98,39.13,0,31.3,71.41,105.7,83.15,0.98,5.87,8.8,2.93,1.96,158.5,77.28,18.59,0,0,0,26.95,15.65,188.8,65.54,31.3,13.7,150.7,7.83,2.93,1.96,0.98,0.98,1.96,9.78,9.78,1.96,0,0,0.98,42.07,1.96,154.6,7.83,1.96,26.33,48.91,15.65,5.87,3.91,46.96,88.04,17.61,6.85,56.74,23.48,0,27.39,0,31.3,15.94,450,46.96,0,56,9.78,325.8,0,7.83,4.89,1.96,5.87,12.72,0.98,9.78,68.48,0.98,106.6,10.76,107.6,1.96,140.9,6.85,23.48,370.8,30.33,0,0,0.98,140.9,2.93,10.76,154.6,0.56,0.78,0.98,45,24.05,0,34.72,43.75,100,0,0,0,100,60.76,46.63,31.03,43.75,41.38,0,33.33,95.89,11.11,68.75,71.43,100,91.14,87.5,48,82.39,64.58,60,0,33.33,18.18,91.14,0,12.5,1,40,18,0,32,73,0,1,6,9,3,2,162,79,19,0,0,0,16,193,67,32,14,154,8,3,2,1,1,2,10,10,2,0,0,1,43,2,158,8,2,50,16,6,108,1,1,4,48,90,18,7,58,24,0,28,0,32,460,48,0,9.13,9,0,10,333,85,0,8,5,2,6,13,1,10,70,1,109,11,110,2,144,7,24,379,31,0,0,1,144,3,11,158,0.57,0.8,1
Argeș,"FCS Bucureşti - Argeș, 0-2",2025-08-24 20:30:00,3,Away,23334,719,191642,4435361,5715730,0,40.59,0,31.76,29.12,113.8,78.53,0,10.59,9.71,3.53,5.29,161.5,68.82,13.24,0.88,0,0,6.09,13.24,182.7,57.35,37.06,15,101.5,12.35,0.88,0,1.76,1.76,3.53,7.06,7.06,0.88,0,1.76,0.88,52.06,1.76,59.12,1.76,7.06,27.5,38.82,15,4.41,3.53,52.94,91.76,16.76,6.18,58.24,22.06,0,15.88,2.65,49.41,20.26,215.3,38.82,0,30.6,9.71,117.3,0,0.88,3.53,1.76,8.82,11.47,0,8.82,24.71,0,122.7,9.71,64.41,1.76,44.12,0,19.41,151.8,22.06,0,0,0,44.12,1.76,11.47,59.12,0.75,0.68,0.88,43.48,19.23,0,31.4,40.48,100,0,0,10,0,76.92,50.24,28.79,46.67,37.88,0,30,84.85,0,73.33,63.48,100,74.63,0,50,70.49,56.82,75,0,0,23.08,74.63,100,7.143,0,46,20,0,36,33,1,0,12,11,4,6,183,78,15,1,0,0,15,207,65,42,17,115,14,1,0,2,2,4,8,8,1,0,2,1,59,2,67,2,8,44,17,5,129,1,1,4,60,104,19,7,66,25,0,18,3,56,244,44,0,13.21,8,0,11,133,89,0,1,4,2,10,13,0,10,28,0,139,11,73,2,50,0,22,172,25,0,0,0,50,2,13,67,0.85,0.77,1
Universitatea Craiova,"Universitatea Craiova - Rapid Bucureşti, 2-2",2025-11-02 19:30:00,1,Home,26233,719,191642,4435361,5715798,1.76,32.65,0,67.06,60.88,90,75,1.76,7.94,22.06,5.29,0.88,98.82,44.12,10.59,0,0,0,18.59,29.12,156.2,67.06,29.12,11.47,144.7,15.88,2.65,2.65,1.76,1.76,1.76,3.53,3.53,0.88,0,1.76,3.53,22.06,5.29,165,0,0,25.78,33.53,22.94,9.71,7.06,23.82,70.59,22.94,15,56.47,32.65,0,34.41,0.88,18.53,20.82,422.6,65.29,0.88,60,24.71,315,0,3.53,9.71,5.29,14.12,5.29,1.76,32.65,57.35,9.71,60,23.82,117.3,4.41,148.2,0,21.18,360,52.94,0.88,0.88,2.65,148.2,3.53,36.18,165,1.88,1.03,3.53,43.24,24,0,42.94,39.39,100,0,0,12.5,75,54,45.2,40.63,51.52,57.81,100,50,94.2,44,81.82,81.1,83.33,89.84,0,63.16,85.18,81.08,45.45,50,75,43.9,89.84,0,22.22,2,37,16,0,76,69,0,2,9,25,6,1,112,50,12,0,0,0,33,177,76,33,13,164,18,3,3,2,2,2,4,4,1,0,2,4,25,6,187,0,0,38,26,11,102,1,1,8,27,80,26,17,64,37,0,39,1,21,479,74,1,5.55,2,0,28,357,85,0,4,11,6,16,6,2,37,65,11,68,27,133,5,168,0,24,408,60,1,1,3,168,4,41,187,2.13,1.17,4
Farul Constanţa,"Farul Constanţa - Rapid Bucureşti, 3-1",2026-02-15 16:00:00,3,Home,61242,719,191642,4435361,5715892,0,38.7,0,39.6,45.9,127.8,81,0.9,4.5,11.7,0.9,7.2,153.9,64.8,14.4,1.8,0.9,0,16.72,17.1,183.6,69.3,33.3,18,129.6,6.3,4.5,1.8,1.8,1.8,2.7,8.1,6.3,1.8,0,2.7,0.9,50.4,1.8,80.1,3.6,7.2,36.59,49.5,30.6,8.1,9,38.7,89.1,21.6,9.9,49.5,26.1,0.9,20.7,0,51.3,19.36,297.9,36.9,0.9,44.7,3.6,185.4,0,0.9,1.8,1.8,10.8,13.5,0,18,40.5,3.6,109.8,12.6,85.5,1.8,63.9,2.7,27.9,221.4,20.7,0.9,0,0.9,63.9,2.7,10.8,80.1,2.3,1.52,3.6,53.49,22.22,50,37.75,54.05,100,0,0,25,0,59.72,48.53,43.64,57.89,52.73,100,41.67,88.24,30.77,73.68,65.97,100,79.78,75,56.36,74.32,56.1,100,0,33.33,33.33,79.78,100,57.14,0,43,23,0,44,51,0,1,5,13,1,8,171,72,16,2,1,0,19,204,77,37,20,144,7,5,2,2,2,3,9,7,2,0,3,1,56,2,89,4,8,55,34,9,142,1,1,10,43,99,24,11,55,29,1,23,0,57,331,41,1,12.86,10,0,4,206,90,0,1,2,2,12,15,0,20,45,4,122,14,95,2,71,3,31,246,23,1,0,1,71,3,12,89,2.55,1.69,4
Unirea Slobozia,"Unirea Slobozia - Petrolul 52, 1-0",2025-09-21 15:00:00,3,Home,11663,719,191642,4435361,5715759,2.7,36.9,0,52.2,46.8,98.1,68.4,0,2.7,11.7,4.5,7.2,117.9,36.9,6.3,0.9,0,0,18.75,28.8,162.9,63.9,30.6,14.4,123.3,5.4,3.6,2.7,1.8,1.8,3.6,6.3,5.4,0.9,0,0.9,1.8,44.1,1.8,102.6,0,1.8,30.57,49.5,27.9,3.6,4.5,23.4,69.3,25.2,9.9,61.2,36.9,0.9,17.1,1.8,41.4,19.05,323.1,40.5,0,48.9,17.1,207.9,0,7.2,6.3,1.8,11.7,11.7,0,18,43.2,4.5,84.6,18.9,88.2,1.8,91.8,0,27,261,29.7,0,0,0,91.8,0.9,13.5,102.6,1.13,0.64,0.9,46.34,17.07,0,39.23,47.06,100,0,0,7.692,0,63.41,42.54,41.18,34.38,60.29,0,30.77,92.31,38.46,65.63,71.53,100,89.47,0,54.55,80.78,73.33,85.71,0,0,40,89.47,100,16.67,3,41,19,0,58,52,1,0,3,13,5,8,131,41,7,1,0,0,32,181,71,34,16,137,6,4,3,2,2,4,7,6,1,0,1,2,49,2,114,0,2,55,31,4,109,1,1,5,26,77,28,11,68,41,1,19,2,46,359,45,0,15.25,1,0,19,231,76,0,8,7,2,13,13,0,20,48,5,94,21,98,2,102,0,30,290,33,0,0,0,102,1,15,114,1.25,0.71,1
Petrolul 52,"Argeș - Petrolul 52, 0-1",2025-10-04 16:30:00,3,Away,60390,719,191642,4435361,5715770,0.9,45.9,0.9,23.4,37.8,100.8,65.7,0,2.7,5.4,1.8,6.3,150.3,65.7,16.2,0.9,0,0,19.44,10.8,178.2,63,44.1,19.8,90.9,18,0.9,0,1.8,1.8,1.8,9,6.3,2.7,0,0.9,0.9,38.7,2.7,99,0.9,7.2,30.11,39.6,23.4,9,0,37.8,82.8,14.4,7.2,43.2,16.2,0.9,14.4,1.8,45.9,20.34,254.7,33.3,0,37.8,6.3,166.5,0,1.8,1.8,2.7,6.3,12.6,0.9,11.7,34.2,0.9,98.1,9,55.8,1.8,84.6,0.9,21.6,196.2,17.1,0,0.9,1.8,84.6,4.5,3.6,99,0.73,0.93,2.7,47.06,24.66,0,35.35,44.9,100,0,0,14.29,100,57.53,46.46,33.33,66.67,37.5,0,42.86,90.48,16.67,83.33,61.39,66.67,85.45,100,54.55,77.03,51.35,50,100,40,50,85.45,100,15,1,51,24,1,26,42,1,0,3,6,2,7,167,73,18,1,0,0,12,198,70,49,22,101,20,1,0,2,2,2,10,7,3,0,1,1,43,3,110,1,8,44,26,10,112,1,1,0,42,92,16,8,48,18,1,16,2,51,283,37,0,13.21,4,0,7,185,73,0,2,2,3,7,14,1,13,38,1,109,10,62,2,94,1,24,218,19,0,1,2,94,5,4,110,0.81,1.03,3
UTA Arad,"UTA Arad - Rapid Bucureşti, 1-2",2026-01-26 19:00:00,0,Home,30817,719,191642,4435361,5715862,0.9,53.1,0.9,38.7,44.1,108.9,75.6,1.8,1.8,14.4,3.6,7.2,128.7,47.7,12.6,0,0,0,13.78,13.5,193.5,72.9,45,18,121.5,14.4,0.9,0,1.8,1.8,1.8,9,8.1,2.7,0,0.9,0.9,27.9,2.7,100.8,3.6,8.1,25.32,39.6,18,6.3,0,32.4,87.3,27.9,5.4,74.7,33.3,0,24.3,2.7,37.8,19.81,308.7,40.5,0,51.2,14.4,188.1,0.9,0.9,4.5,2.7,10.8,13.5,0,10.8,42.3,2.7,81,10.8,76.5,2.7,84.6,2.7,12.6,234.9,23.4,0,0,0.9,84.6,0.9,13.5,100.8,0.59,2.61,1.8,38.98,26.42,0,37.67,40,100,0,0,8.333,100,67.92,45.12,37.35,40,44.58,0,25,95.92,18.75,80,62.96,100,83.93,75,31.82,76.09,57.78,40,0,100,33.33,83.93,0,12.5,1,59,23,1,43,49,0,2,2,16,4,8,143,53,14,0,0,0,15,215,81,50,20,135,16,1,0,2,2,2,10,9,3,0,1,1,31,3,112,4,9,44,20,7,121,1,1,0,36,97,31,6,83,37,0,27,3,42,343,45,0,10.48,8,0,16,209,84,1,1,5,3,12,15,0,12,47,3,90,12,85,3,94,3,14,261,26,0,0,1,94,1,15,112,0.65,2.9,2
Botoşani,"CFR Cluj - Botoşani, 3-3",2025-08-17 17:30:00,1,Away,11634,719,191642,4435361,5715720,2.73,48.18,1.82,20.91,40,120.9,75.45,2.73,0.91,4.55,2.73,12.73,161.8,69.09,12.73,0,0,0,13.19,10.91,202.7,55.45,43.64,10.91,140,13.64,0.91,0,1.82,1.82,1.82,10.91,10.91,12.73,0,2.73,1.82,44.55,1.82,83.64,5.45,3.64,32.45,56.36,39.09,11.82,3.64,40.91,78.18,10.91,2.73,46.36,16.36,0,14.55,5.45,47.27,19.75,310.9,36.36,0,48.8,12.73,177.3,0,7.27,3.64,1.82,5.45,24.55,0,7.27,34.55,1.82,100,5.45,91.82,1.82,71.82,0.91,33.64,234.6,20,0,0,2.73,71.82,4.55,8.18,83.64,1.04,2.06,2.73,30.19,18.42,0,27.35,25,100,0,0,50,100,59.21,38.57,23.53,25,35.29,0,50,86.36,40,50,65.58,100,85.87,16.67,59.68,75.44,55,50,0,60,55.56,85.87,0,20,3,53,16,2,23,44,0,3,1,5,3,14,178,76,14,0,0,0,12,223,61,48,12,154,15,1,0,2,2,2,12,12,14,0,3,2,49,2,92,6,4,62,43,13,133,1,1,4,45,86,12,3,51,18,0,16,6,52,342,40,0,7.41,6,0,14,195,83,0,8,4,2,6,27,0,8,38,2,110,6,101,2,79,1,37,258,22,0,0,3,79,5,9,92,1.14,2.27,3
Argeș,"UTA Arad - Argeș, 3-3",2025-09-13 15:00:00,1,Away,23334,719,191642,4435361,5715751,4.55,64.55,2.73,29.09,22.73,120.9,81.82,2.73,0.91,8.18,2.73,3.64,172.7,69.09,16.36,0,0,0.91,13.82,11.82,214.6,84.55,57.27,28.18,96.36,16.36,3.64,2.73,1.82,1.82,3.64,12.73,10.91,2.73,0,2.73,0,39.09,3.64,61.82,0,12.73,27.95,51.82,36.36,17.27,3.64,40,106.4,17.27,5.45,44.55,19.09,0.91,23.64,0.91,45.45,19.18,220,33.64,0,42.5,14.55,111.8,0.91,0,6.36,3.64,9.09,12.73,0,12.73,20,2.73,110.9,6.36,47.27,3.64,50,0,18.18,146.4,14.55,0,0,0,50,3.64,13.64,61.82,0.89,2.98,2.73,49.3,23.68,0,39.41,49.21,100,0,0,30,0,57.89,49.58,38.78,46.15,42.86,0,50,88,33.33,53.85,49.06,100,80.88,0,35.09,66.53,43.24,42.86,0,0,73.33,80.88,0,16.67,5,71,35,3,32,25,0,3,1,9,3,4,190,76,18,0,0,1,13,236,93,63,31,106,18,4,3,2,2,4,14,12,3,0,3,0,43,4,68,0,14,57,40,19,133,1,1,4,44,117,19,6,49,21,1,26,1,50,242,37,0,7.51,10,0,16,123,90,1,0,7,4,10,14,0,14,22,3,122,7,52,4,55,0,20,161,16,0,0,0,55,4,15,68,0.98,3.28,3
Dinamo Bucureşti,"Argeș - Dinamo Bucureşti, 1-1",2026-04-04 18:30:00,1,Away,11564,719,191642,4437530,5827664,4.55,41.82,0,50,67.27,102.7,75.45,0.91,6.36,15.45,2.73,2.73,131.8,52.73,14.55,0,0,0,21.45,21.82,189.1,72.73,40,16.36,166.4,9.09,0.91,0,1.82,1.82,2.73,6.36,5.45,3.64,0,0.91,0.91,37.27,4.55,103.6,12.73,5.45,29.38,29.09,32.73,10.91,3.64,41.82,91.82,20.91,10,61.82,29.09,0.91,20,0.91,33.64,15.75,429.1,41.82,0,63.4,19.09,310.9,0,0.91,4.55,4.55,11.82,10,0.91,22.73,62.73,8.18,97.27,17.27,123.6,4.55,95.45,9.09,17.27,359.1,23.64,0,0,0.91,95.45,2.73,21.82,103.6,2.05,2.18,3.64,43.48,27.59,0,38.46,40.91,100,0,0,7.692,100,79.31,48.56,33.82,45.83,47.06,0,38.46,93.24,52.94,79.17,74.32,100,92.11,71.43,59.38,83.69,56.52,80,0,33.33,45.83,92.11,0,40,5,46,20,0,55,74,0,1,7,17,3,3,145,58,16,0,0,0,24,208,80,44,18,183,10,1,0,2,2,3,7,6,4,0,1,1,41,5,114,14,6,32,36,12,113,1,1,4,46,101,23,11,68,32,1,22,1,37,472,46,0,5.74,3,0,21,342,83,0,1,5,5,13,11,1,25,69,9,107,19,136,5,105,10,19,395,26,0,0,1,105,3,24,114,2.26,2.4,4
Rapid Bucureşti,"Rapid Bucureşti - Dinamo Bucureşti, 3-2",2026-03-14 20:00:00,3,Home,11566,719,191642,4437530,5823151,0.91,33.64,1.82,29.09,54.55,84.55,74.55,1.82,6.36,8.18,2.73,3.64,106.4,54.55,10,0,0,0,19.81,11.82,176.4,60.91,24.55,8.18,121.8,12.73,3.64,1.82,1.82,1.82,1.82,1.82,1.82,2.73,0,2.73,1.82,18.18,4.55,132.7,7.27,0.91,28.37,49.09,34.55,14.55,1.82,35.45,83.64,21.82,4.55,53.64,24.55,0.91,21.82,0.91,20,25.99,357.3,46.36,0,47.8,13.64,257.3,0,1.82,7.27,4.55,9.09,5.45,0,11.82,51.82,3.64,65.45,7.27,82.73,4.55,121.8,6.36,17.27,294.6,26.36,0,0,0,121.8,1.82,10.91,132.7,1.22,1.33,4.55,35.14,18.33,0,34.54,33.33,100,0,0,30,50,65,47.42,40.68,38.46,45.76,0,40,95,44.44,61.54,67.91,100,91.78,87.5,35.19,82.44,56.86,50,0,0,50,91.78,100,35.71,1,37,13,2,32,60,0,2,7,9,3,4,117,60,11,0,0,0,13,194,67,27,9,134,14,4,2,2,2,2,2,2,3,0,3,2,20,5,146,8,1,54,38,16,93,1,1,2,39,92,24,5,59,27,1,24,1,22,393,51,0,13.64,10,0,15,283,82,0,2,8,5,10,6,0,13,57,4,72,8,91,5,134,7,19,324,29,0,0,0,134,2,12,146,1.34,1.46,5
Unirea Slobozia,"Dinamo Bucureşti - Unirea Slobozia, 1-0",2026-02-16 19:00:00,0,Away,11663,719,191642,4435361,5715895,2.76,43.16,0,14.69,35.82,110.2,75.31,0.92,1.84,1.84,1.84,13.78,165.3,71.63,12.86,0.92,0,0,8.16,6.43,175.4,50.51,41.33,14.69,94.59,8.27,2.76,0.92,1.84,1.84,6.43,5.51,2.76,5.51,0,0,0,50.51,0.92,51.43,3.67,5.51,31.69,48.67,24.8,5.51,5.51,46.84,82.65,13.78,2.76,35.82,15.61,0.92,19.29,1.84,47.76,19.79,218.6,28.47,0,30,4.59,120.3,0,0,1.84,0.92,6.43,24.8,0,6.43,27.55,1.84,113.9,5.51,58.78,0.92,44.08,2.76,24.8,160.7,12.86,0,0,0,44.08,4.59,7.35,51.43,0.46,3.79,1.84,38.3,17.95,0,28.8,35.56,100,0,0,0,0,65.38,47.12,38.46,42.86,43.59,0,28.57,76.92,100,85.71,62.14,100,85.71,75,50.94,73.53,45.16,50,0,0,12.5,85.71,0,22.22,3,47,18,0,16,39,0,1,2,2,2,15,180,78,14,1,0,0,7,191,55,45,16,103,9,3,1,2,2,7,6,3,6,0,0,0,55,1,56,4,6,53,27,6,120,1,1,6,51,90,15,3,39,17,1,21,2,52,238,31,0,19.45,16,0,5,131,82,0,0,2,1,7,27,0,7,30,2,124,6,64,1,48,3,27,175,14,0,0,0,48,5,8,56,0.5,4.13,2
Metaloglobus,"Argeș - Metaloglobus, 2-1",2025-08-31 15:00:00,0,Away,11943,719,191642,4435361,5715740,0,53.27,0,38.57,68.88,102.9,64.29,1.84,2.76,10.1,0,6.43,140.5,55.1,10.1,0.92,0,0,15.44,19.29,193.8,67.96,49.59,17.45,154.3,15.61,3.67,1.84,1.84,1.84,4.59,8.27,8.27,2.76,0,0.92,0,32.14,1.84,125.8,2.76,5.51,29.8,44.08,17.45,4.59,6.43,32.14,78.06,21.12,12.86,67.96,33.06,0,11.02,0,36.73,17.43,415.1,51.43,0,60.5,8.27,302.1,0,5.51,7.35,1.84,9.18,13.78,0,16.53,63.37,1.84,84.49,16.53,119.4,1.84,113,2.76,22.96,353.6,36.73,0,0,0.92,113,1.84,11.94,125.8,1.58,2.03,2.76,37.93,18.33,0,35.07,35.19,100,0,0,10,0,58.33,40.28,31.08,66.67,48.65,0,20,92,18.18,85.71,77.38,100,89.78,100,52.08,85.18,71.43,62.5,0,50,23.08,89.78,0,17.65,0,58,22,0,42,75,0,2,3,11,0,7,153,60,11,1,0,0,21,211,74,54,19,168,17,4,2,2,2,5,9,9,3,0,1,0,35,2,137,3,6,48,19,5,112,1,1,7,35,85,23,14,74,36,0,12,0,40,452,56,0,5.93,5,0,9,329,70,0,6,8,2,10,15,0,18,69,2,92,18,130,2,123,3,25,385,40,0,0,1,123,2,13,137,1.72,2.21,3
FCS Bucureşti,"Rapid Bucureşti - FCS Bucureşti, 2-2",2025-08-17 20:30:00,1,Away,11565,719,191642,4435361,5715725,0,33.98,1.84,31.22,53.27,91.84,59.69,1.84,3.67,5.51,1.84,6.43,126.7,56.94,12.86,0.92,0,0,25.45,14.69,170.8,60.61,31.22,11.02,113,11.02,0.92,0,1.84,1.84,3.67,7.35,7.35,0.92,0,1.84,1.84,35.82,2.76,96.43,10.1,8.27,26.38,29.39,26.63,10.1,5.51,32.14,77.14,21.12,5.51,53.27,23.88,1.84,11.94,0,38.57,19.05,298.5,30.31,0,42.6,11.94,214,0,4.59,5.51,2.76,11.02,10.1,0,11.94,49.59,0.92,81.73,8.27,83.57,2.76,88.16,8.27,19.29,251.6,19.29,0,0,1.84,88.16,2.76,8.27,96.43,1.3,1.26,2.76,40.54,22.58,0,35.48,35.29,100,0,0,16.67,50,56.45,45.16,39.66,37.5,44.83,0,50,93.1,16.67,56.25,73.98,100,91.43,81.82,65.63,84.31,63.64,66.67,0,66.67,77.78,91.43,0,25,0,37,15,2,34,58,0,2,4,6,2,7,138,62,14,1,0,0,16,186,66,34,12,123,12,1,0,2,2,4,8,8,1,0,2,2,39,3,105,11,9,32,29,11,100,1,1,6,35,84,23,6,58,26,2,13,0,42,325,33,0,19.81,3,0,13,233,65,0,5,6,3,12,11,0,13,54,1,89,9,91,3,96,9,21,274,21,0,0,2,96,3,9,105,1.42,1.37,3
FCS Bucureşti,"FCS Bucureşti - CFR Cluj, 1-4",2026-01-25 19:00:00,0,Home,11565,719,191642,4435361,5715856,2.76,28.47,0,58.78,75.31,110.2,82.65,3.67,8.27,22.04,4.59,2.76,88.16,36.73,12.86,0,0,0,18.05,18.37,177.2,74.39,25.71,7.35,162.6,9.18,0,0,1.84,1.84,2.76,1.84,0.92,1.84,0,0.92,0.92,22.96,2.76,169,1.84,2.76,30.91,49.59,49.59,24.8,2.76,22.96,76.22,19.29,10.1,62.45,27.55,0.92,34.9,0,22.96,19.05,461.9,65.2,0,62.5,20.2,324.2,0,0,8.27,2.76,15.61,10.1,2.76,26.63,69.8,9.18,55.1,14.69,116.6,2.76,155.2,0.92,30.31,385.7,45.92,0,0.92,0.92,155.2,2.76,19.29,169,2.08,1.66,0.92,32.26,35,0,41.97,28.57,100,0,0,5.882,0,62.5,43.01,30.88,55,44.12,0,41.18,92.68,41.67,80,71.75,100,91.85,50,61.11,83.5,70.42,66.67,33.33,33.33,52.38,91.85,0,10,3,31,10,0,64,82,0,4,9,24,5,3,96,40,14,0,0,0,20,193,81,28,8,177,10,0,0,2,2,3,2,1,2,0,1,1,25,3,184,2,3,54,54,27,120,1,1,3,25,83,21,11,68,30,1,38,0,25,503,71,0,8.59,4,0,22,353,90,0,0,9,3,17,11,3,29,76,10,60,16,127,3,169,1,33,420,50,0,1,1,169,3,21,184,2.27,1.81,1
Farul Constanţa,"Farul Constanţa - Unirea Slobozia, 0-1",2026-04-05 16:30:00,0,Home,61242,719,191642,4437511,5828022,0,27.55,0,75.31,65.2,116.6,101,0.92,10.1,20.2,7.35,4.59,85.41,29.39,6.43,1.84,0,0,29.36,33.98,168.1,78.06,22.96,11.94,183.7,3.67,2.76,0,1.84,1.84,2.76,5.51,4.59,1.84,0,0,2.76,28.47,2.76,181.8,3.67,2.76,34.14,58.78,37.65,15.61,6.43,17.45,82.65,34.9,19.29,73.47,41.33,0.92,33.06,0,26.63,19.22,510.6,68.88,0,64.2,8.27,365.5,0,3.67,15.61,2.76,21.12,7.35,0,24.8,64.29,3.67,60.61,26.63,142.3,2.76,156.1,1.84,35.82,428,45.92,0,0,3.67,156.1,9.18,20.2,181.8,1.59,0.56,0,53.33,21.88,0,46.45,52,100,0,0,0,0,59.38,49.18,47.5,56.76,56.25,0,8.7,98.59,18.18,78.38,77.5,100,85.86,50,60.94,83.81,66.67,35.29,0,40,31.82,85.86,0,0,0,30,16,0,82,71,0,1,11,22,8,5,93,32,7,2,0,0,37,183,85,25,13,200,4,3,0,2,2,3,6,5,2,0,0,3,31,3,198,4,3,64,41,17,127,1,1,7,19,90,38,21,80,45,1,36,0,29,556,75,0,9.82,8,0,9,398,110,0,4,17,3,23,8,0,27,70,4,66,29,155,3,170,2,39,466,50,0,0,4,170,10,22,198,1.73,0.61,0
UTA Arad,"Universitatea Cluj - UTA Arad, 1-1",2025-07-19 17:30:00,1,Away,30817,719,191642,4435361,5715690,0,27.55,0,37.65,34.9,98.27,64.29,0.92,1.84,4.59,6.43,7.35,140.5,68.88,12.86,0,0,0,16.1,20.2,162.6,50.51,22.96,11.02,86.33,8.27,2.76,0,1.84,1.84,3.67,13.78,11.94,2.76,0,0.92,0.92,44.08,2.76,60.61,0.92,8.27,19.54,32.14,17.45,7.35,4.59,41.33,74.39,11.94,7.35,48.67,16.53,0,21.12,0.92,27.55,14.93,219.5,23.88,0,31.3,13.78,138.7,0,7.35,5.51,2.76,12.86,18.37,0,13.78,33.06,0.92,99.18,10.1,53.27,2.76,50.51,0.92,18.37,164.4,11.94,0,0,0,50.51,0,13.78,60.61,1.58,2.06,1.84,50,18.67,0,31.07,48,100,0,0,7.143,0,60,45.76,24.53,36.36,33.96,0,42.86,94.74,20,50,61.7,100,83.33,100,57.14,74.9,50,83.33,0,0,53.33,83.33,0,22.22,0,30,15,0,41,38,0,1,2,5,7,8,153,75,14,0,0,0,22,177,55,25,12,94,9,3,0,2,2,4,15,13,3,0,1,1,48,3,66,1,9,35,19,8,107,1,1,5,45,81,13,8,53,18,0,23,1,30,239,26,0,13.97,8,0,15,151,70,0,8,6,3,14,20,0,15,36,1,108,11,58,3,55,1,20,179,13,0,0,0,55,0,15,66,1.72,2.24,2
UTA Arad,"CFR Cluj - UTA Arad, 1-1",2025-09-21 17:15:00,1,Away,30817,719,191642,4435361,5715752,1.84,28.47,0.92,49.59,54.18,119.4,84.49,0.92,5.51,10.1,1.84,3.67,126.7,58.78,11.94,0.92,0,0,25.84,22.96,172.7,57.86,26.63,12.86,150.6,9.18,2.76,1.84,1.84,1.84,4.59,10.1,9.18,4.59,0,0.92,1.84,39.49,2.76,85.41,8.27,3.67,23.54,56.94,27.55,8.27,5.51,33.06,75.31,19.29,9.18,57.86,22.96,0,21.12,0.92,28.47,16.84,339.8,45,0,46.9,14.69,220.4,0,6.43,6.43,2.76,11.94,12.86,4.59,17.45,50.51,2.76,87.24,11.94,98.27,2.76,75.31,5.51,28.47,264.5,27.55,0,1.84,3.67,75.31,7.35,14.69,85.41,0.9,1.02,1.84,51.61,20.31,0,33.51,48.28,100,0,0,7.692,0,56.25,43.62,33.33,40,39.68,0,30.77,93.22,27.27,52,65.24,100,88.17,66.67,50,77.84,61.22,71.43,40,50,18.75,88.17,0,20,2,31,16,1,54,59,0,1,6,11,2,4,138,64,13,1,0,0,25,188,63,29,14,164,10,3,2,2,2,5,11,10,5,0,1,2,43,3,93,9,4,62,30,9,130,1,1,6,36,82,21,10,63,25,0,23,1,31,370,49,0,10.26,12,0,16,240,92,0,7,7,3,13,14,5,19,55,3,95,13,107,3,82,6,31,288,30,0,2,4,82,8,16,93,0.98,1.11,2
Metaloglobus,"CFR Cluj - Metaloglobus, 4-2",2026-01-30 16:00:00,0,Away,11943,719,191642,4435361,5715866,0.93,33.4,0,25.98,39.9,133.6,89.07,3.71,0.93,8.35,2.78,12.06,140.1,62.16,11.13,0,0,0,16.16,8.35,171.7,48.25,30.62,7.42,141,6.49,2.78,1.86,1.86,0.93,2.78,10.21,4.64,5.57,0,1.86,0,44.54,0.93,68.66,2.78,8.35,26.38,41.75,20.41,4.64,3.71,41.75,73.3,18.56,3.71,55.67,24.12,1.86,22.27,0.93,54.74,18.01,307.1,42.68,0,41.3,11.13,183.7,0,1.86,4.64,0.93,8.35,19.48,0.93,10.21,36.19,2.78,94.64,6.49,85.36,0,49.18,1.86,18.56,219.9,24.12,0,0,0.93,49.18,1.86,8.35,68.66,1.41,2.87,0.93,25,17.91,0,28.11,24.24,50,0,0,22.22,0,67.16,42.7,33.33,44.44,43.33,0,44.44,90.7,33.33,77.78,60.53,0,71.62,66.67,44.44,71.6,56.52,40,0,50,44.44,71.62,0,14.29,1,36,9,0,28,43,0,4,1,9,3,13,151,67,12,0,0,0,9,185,52,33,8,152,7,3,2,2,1,3,11,5,6,0,2,0,48,1,74,3,9,45,22,5,144,1,1,4,45,79,20,4,60,26,2,24,1,59,331,46,0,26.17,5,0,12,198,96,0,2,5,1,9,21,1,11,39,3,102,7,92,0,53,2,20,237,26,0,0,1,53,2,9,74,1.52,3.09,1
FCS Bucureşti,"Botoşani - FCS Bucureşti, 3-1",2025-09-19 19:30:00,0,Away,11565,719,191642,4435361,5715756,1.86,40.82,0.93,51.03,51.03,95.57,65.88,2.78,5.57,13.92,2.78,6.49,128,59.38,12.06,0,0,0,21.35,25.98,191.1,77.01,35.26,19.48,118.8,12.99,4.64,0.93,1.86,0.93,2.78,8.35,8.35,1.86,0,0.93,2.78,27.84,1.86,129.9,3.71,0.93,25.57,51.03,22.27,8.35,3.71,37.11,97.42,29.69,13.92,68.66,34.33,4.64,22.27,0,34.33,19.2,334,39.9,0,61.9,16.7,216.2,0,7.42,6.49,1.86,10.21,13.92,0.93,26.91,48.25,6.49,87.22,16.7,80.72,1.86,109.5,3.71,30.62,265.4,17.63,0,0.93,1.86,109.5,1.86,21.34,129.9,0.71,2.76,3.71,54.55,20.31,0,40.29,55.26,50,0,0,9.091,66.67,62.5,50.97,43.24,53.57,50,0,54.55,94.55,46.67,64.29,67.97,100,84.29,100,60,79.44,44.19,57.14,100,100,52.17,84.29,0,28.57,2,44,24,1,55,55,0,3,6,15,3,7,138,64,13,0,0,0,28,206,83,38,21,128,14,5,1,2,1,3,9,9,2,0,1,3,30,2,140,4,1,55,24,9,103,1,1,4,40,105,32,15,74,37,5,24,0,37,360,43,0,9.61,0,0,18,233,71,0,8,7,2,11,15,1,29,52,7,94,18,87,2,118,4,33,286,19,0,1,2,118,2,23,140,0.76,2.98,4
Botoşani,"Hermannstadt - Botoşani, 3-1",2026-02-27 16:00:00,0,Away,11634,719,191642,4435361,5715907,0,39.38,0.94,20.63,52.5,124.7,75.94,2.81,3.75,5.63,1.88,3.75,158.4,71.25,15.94,0,0,0,10.17,5.63,175.3,61.88,37.5,14.06,166.9,9.38,3.75,0,1.88,1.88,3.75,0.94,0.94,1.88,0,0.94,0.94,47.81,2.81,142.5,2.81,0.94,24.36,51.56,24.38,8.44,6.56,43.13,87.19,19.69,2.81,40.31,21.56,1.88,15,1.88,54.38,17.23,402.2,53.44,0,57.8,11.25,275.6,0,1.88,3.75,2.81,9.38,7.5,0,8.44,46.88,0.94,106.9,3.75,109.7,2.81,133.1,2.81,27.19,315.9,32.81,0,0,0,133.1,1.88,6.56,142.5,0.5,1.94,0.94,40.48,22.37,0,35.29,37.5,100,0,0,10,100,60.53,49.73,48.84,50,53.49,0,50,89.29,16.67,66.67,65.73,100,93.42,100,52.73,78.55,61.4,50,0,0,42.86,93.42,0,10,0,42,17,1,22,56,0,3,4,6,2,4,169,76,17,0,0,0,6,187,66,40,15,178,10,4,0,2,2,4,1,1,2,0,1,1,51,3,152,3,1,55,26,9,133,1,1,7,46,93,21,3,43,23,2,16,2,58,429,57,0,8.43,5,0,12,294,81,0,2,4,3,10,8,0,9,50,1,114,4,117,3,142,3,29,337,35,0,0,0,142,2,7,152,0.53,2.07,1
Metaloglobus,"Metaloglobus - Csikszereda Miercurea Ciuc, 0-1",2026-02-04 15:00:00,0,Home,11943,719,191642,4435361,5715873,1.88,66.56,0,71.25,60.94,135,103.1,0.94,7.5,20.63,3.75,6.56,159.4,60,19.69,0,0,0,26.72,36.56,225.9,92.81,60.94,18.75,174.4,12.19,3.75,1.88,1.88,1.88,1.88,6.56,5.63,3.75,0,0,0.94,32.81,2.81,125.6,9.38,2.81,28.61,53.44,21.56,7.5,5.63,37.5,102.2,34.69,19.69,77.81,43.13,0.94,32.81,1.88,41.25,20.55,414.4,60.94,0,70,23.44,263.4,0,3.75,7.5,2.81,13.13,13.13,0.94,28.13,54.38,6.56,92.81,25.31,120,2.81,109.7,4.69,23.44,323.4,40.31,0,0,0,109.7,2.81,15.94,125.6,0.77,1.55,1.88,33.8,32.81,0,41.08,30.77,100,0,0,0,0,62.5,45.23,44.58,53.85,55.42,0,14.29,89.23,31.82,69.23,68.82,100,87.31,50,43.86,78.05,66.15,75,0,0,29.41,87.31,0,15.38,2,71,24,0,76,65,0,1,8,22,4,7,170,64,21,0,0,0,39,241,99,65,20,186,13,4,2,2,2,2,7,6,4,0,0,1,35,3,134,10,3,57,23,8,144,1,1,6,40,109,37,21,83,46,1,35,2,44,442,65,0,4.36,11,0,25,281,110,0,4,8,3,14,14,1,30,58,7,99,27,128,3,117,5,25,345,43,0,0,0,117,3,17,134,0.82,1.65,2
CFR Cluj,"UTA Arad - CFR Cluj, 0-1",2026-02-04 17:00:00,3,Away,11611,719,191642,4435361,5715872,0.94,36.56,0.94,30,42.19,147.2,98.44,0,1.88,4.69,8.44,1.88,166.9,77.81,17.81,0,0,0,21.53,13.13,195.9,72.19,34.69,21.56,127.5,10.31,1.88,0,1.88,0.94,1.88,6.56,2.81,2.81,0,0.94,0,52.5,3.75,102.2,5.63,6.56,24.8,55.31,23.44,7.5,0,59.06,106.9,17.81,4.69,58.13,24.38,1.88,21.56,5.63,55.31,19.65,307.5,56.25,0,47.8,9.38,179.1,0,0,6.56,3.75,11.25,3.75,0.94,10.31,41.25,1.88,134.1,7.5,68.44,3.75,81.56,4.69,21.56,216.6,24.38,0,0,0.94,81.56,1.88,17.81,102.2,0.95,0.32,4.69,61.54,22.89,0,36.84,62.16,50,0,0,8.333,0,75.9,54.55,30.65,35.71,41.94,0,33.33,97.78,40,57.14,53.68,100,79.82,83.33,38.98,70.43,43.33,57.14,0,50,47.37,79.82,100,45.45,1,39,24,1,32,45,1,0,2,5,9,2,178,83,19,0,0,0,14,209,77,37,23,136,11,2,0,2,1,2,7,3,3,0,1,0,56,4,109,6,7,59,25,8,157,1,1,0,63,114,19,5,62,26,2,23,6,59,328,60,0,10.96,4,0,10,191,105,0,0,7,4,12,4,1,11,44,2,143,8,73,4,87,5,23,231,26,0,0,1,87,2,19,109,1.01,0.34,5
Universitatea Craiova,"Farul Constanţa - Universitatea Craiova, 4-1",2026-02-01 16:15:00,0,Away,26233,719,191642,4435361,5715870,0,21.56,0.94,79.69,79.69,110.6,85.31,3.75,12.19,19.69,7.5,1.88,92.81,42.19,9.38,0,0,0.94,9.83,33.75,175.3,75,16.88,9.38,165,6.56,3.75,2.81,1.88,0.94,0,2.81,2.81,0,0,0.94,1.88,29.06,4.69,164.1,12.19,0,25.57,42.19,31.88,13.13,2.81,24.38,79.69,31.88,21.56,79.69,42.19,1.88,42.19,0.94,33.75,16.87,524.1,66.56,0,71.1,20.63,385.3,0.94,2.81,16.88,4.69,24.38,5.63,1.88,35.63,76.88,7.5,63.75,30,125.6,4.69,146.2,11.25,17.81,435.9,46.88,0,0,0.94,146.2,1.88,31.88,164.1,2.68,0.93,0.94,47.83,22.22,0,42.78,55.56,50,0,0,3.846,50,57.78,45.45,40,63.89,52.94,0,26.92,96.47,38.1,88.89,76.14,100,89.14,92.31,42.22,83.18,70.42,61.11,0,50,38.24,89.14,0,14.29,0,23,11,1,85,85,0,4,13,21,8,2,99,45,10,0,0,1,36,187,80,18,10,176,7,4,3,2,1,0,3,3,0,0,1,2,31,5,175,13,0,45,34,14,118,1,1,3,26,85,34,23,85,45,2,45,1,36,559,71,0,5.97,6,0,22,411,91,1,3,18,5,26,6,2,38,82,8,68,32,134,5,156,12,19,465,50,0,0,1,156,2,34,175,2.86,0.99,1
Metaloglobus,"Oţelul - Metaloglobus, 4-0",2025-10-06 16:30:00,0,Away,11943,719,191642,4435361,5715774,0.95,37.89,0,33.16,54,108,76.74,3.79,4.74,7.58,2.84,8.53,140.2,62.53,17.05,0,0,0,21.95,15.16,190.4,71.05,32.21,16.11,108,15.16,3.79,0.95,1.89,1.89,0.95,11.37,9.47,1.89,0,0,1.89,39.79,0,97.58,6.63,6.63,17.11,42.63,20.84,7.58,4.74,36.95,87.16,24.63,6.63,69.16,28.42,0.95,22.74,1.89,45.47,17.29,314.5,36,0.95,51.2,7.58,207.5,0,4.74,5.68,0,8.53,16.11,1.89,11.37,52.11,1.89,94.74,8.53,71.05,0,81.47,4.74,23.68,251.1,19.89,0,0,0,81.47,2.84,2.84,97.58,1.09,1.58,1.89,47.5,27.27,0,37.31,50,100,0,0,0,50,59.09,45.77,35.62,43.75,41.1,0,33.33,96.49,25,56.25,65.79,0,83.5,71.43,55.56,79.82,55.26,50,0,0,33.33,83.5,0,12.5,1,40,19,0,35,57,0,4,5,8,3,9,148,66,18,0,0,0,16,201,75,34,17,114,16,4,1,2,2,1,12,10,2,0,0,2,42,0,103,7,7,45,22,8,114,1,1,5,39,92,26,7,73,30,1,24,2,48,332,38,1,9.3,8,0,8,219,81,0,5,6,0,9,17,2,12,55,2,100,9,75,0,86,5,25,265,21,0,0,0,86,3,3,103,1.15,1.67,2
Dinamo Bucureşti,"Dinamo Bucureşti - Oţelul, 1-0",2025-11-29 19:45:00,3,Home,11564,719,191642,4435361,5715821,0,28.42,0.95,22.74,57.79,81.47,65.37,0,2.84,6.63,0.95,3.79,125,65.37,15.16,0,0,0,14.17,11.37,187.6,64.42,26.53,12.32,132.6,14.21,1.89,0.95,1.89,0.95,2.84,7.58,6.63,3.79,0,0.95,0.95,31.26,1.89,114.6,8.53,3.79,25.61,31.26,20.84,7.58,0.95,45.47,88.11,21.79,7.58,72.95,28.42,1.89,16.11,1.89,29.37,15.8,392.2,32.21,0,51.1,18.95,294.6,0,3.79,1.89,1.89,4.74,8.53,0,10.42,57.79,1.89,90,9.47,97.58,1.89,105.2,5.68,18.95,345.8,20.84,0,0,0,105.2,0,7.58,114.6,0.22,0.3,1.89,46.67,23.19,0,34.34,46.43,50,0,0,20,100,69.57,46.97,29.87,66.67,38.96,0,20,100,28.57,83.33,73.57,100,91.74,66.67,60.61,88.16,64.71,50,0,0,37.5,91.74,100,13.33,0,30,14,1,24,61,1,0,3,7,1,4,132,69,16,0,0,0,12,198,68,28,13,140,15,2,1,2,1,3,8,7,4,0,1,1,33,2,121,9,4,33,22,8,86,1,1,1,48,93,23,8,77,30,2,17,2,31,414,34,0,10.93,1,0,20,311,69,0,4,2,2,5,9,0,11,61,2,95,10,103,2,111,6,20,365,22,0,0,0,111,0,8,121,0.23,0.32,2
Rapid Bucureşti,"Universitatea Cluj - Rapid Bucureşti, 0-0",2025-09-12 20:00:00,1,Away,11566,719,191642,4435361,5715749,0,27.47,0,27.47,64.42,100.4,72.95,0,1.89,6.63,1.89,6.63,121.3,58.74,7.58,1.89,0,0,23.83,14.21,178.1,55.89,22.74,9.47,130.7,9.47,3.79,1.89,1.89,0.95,2.84,0,0,1.89,0,0,0,35.05,1.89,117.5,2.84,1.89,29.06,42.63,26.53,12.32,4.74,45.47,89.05,20.84,7.58,65.37,25.58,1.89,24.63,0,34.11,18.01,373.3,29.37,0,42,16.11,259.6,0,2.84,3.79,1.89,6.63,7.58,0,10.42,58.74,0,90.95,10.42,94.74,1.89,99.47,1.89,21.79,304.1,18.95,0,0,0,99.47,1.89,9.47,117.5,0.85,0.75,0,37.93,12.9,0,31.38,41.67,50,0,0,0,0,77.42,50,31.88,53.33,39.13,0,42.86,91.18,0,73.33,72.46,100,84.68,66.67,51.11,81.47,64.52,75,0,0,50,84.68,0,0,0,29,11,0,29,68,1,0,2,7,2,7,128,62,8,2,0,0,15,188,59,24,10,138,10,4,2,2,1,3,0,0,2,0,0,0,37,2,124,3,2,45,28,13,106,1,1,5,48,94,22,8,69,27,2,26,0,36,394,31,0,22.28,9,0,17,274,77,0,3,4,2,7,8,0,11,62,0,96,11,100,2,105,2,23,321,20,0,0,0,105,2,10,124,0.9,0.79,0
Oţelul,"Oţelul - Unirea Slobozia, 3-0",2025-12-05 19:30:00,3,Home,11571,719,191642,4435361,5715831,0,26.81,2.87,42.13,95.74,117.8,86.17,0,2.87,15.32,4.79,1.91,130.2,63.19,10.53,0,0,0,18.35,14.36,183.8,69.89,24.89,8.62,166.6,10.53,0.96,0.96,1.91,1.91,1.91,11.49,10.53,0,0,2.87,2.87,40.21,6.7,141.7,11.49,4.79,19.81,44.04,32.55,15.32,2.87,36.38,90,27.77,9.57,61.28,33.51,0.96,22.98,1.91,42.13,17.31,462.4,53.62,0,61.4,12.45,333.2,0,6.7,11.49,6.7,12.45,7.66,0,17.23,87.13,2.87,87.13,10.53,132.1,6.7,123.5,9.57,24.89,385.9,39.26,0,0,1.91,123.5,2.87,16.28,141.7,2.29,0.42,0.96,39.29,16.67,0,38.02,34.62,100,0,0,23.08,0,57.58,48.96,45.31,66.67,54.69,0,38.46,91,18.75,73.33,79.31,100,87.16,83.33,56.52,83.44,73.21,58.33,0,66.67,47.06,87.16,100,9.091,0,28,11,3,44,100,1,0,3,16,5,2,136,66,11,0,0,0,15,192,73,26,9,174,11,1,1,2,2,2,12,11,0,0,3,3,42,7,148,12,5,46,34,16,123,1,1,3,38,94,29,10,64,35,1,24,2,44,483,56,0,7.62,2,0,13,348,90,0,7,12,7,13,8,0,18,91,3,91,11,138,7,129,10,26,403,41,0,0,2,129,3,17,148,2.39,0.44,1
Universitatea Cluj,"Universitatea Cluj - Oţelul, 4-0",2026-02-27 19:00:00,3,Home,60374,719,191642,4435361,5715911,2.87,31.6,3.83,45.96,72.77,103.4,79.47,0,4.79,11.49,8.62,3.83,110.1,41.17,8.62,0.96,0.96,0,8.66,13.4,168.5,76.6,27.77,15.32,136.9,6.7,1.91,1.91,1.91,1.91,2.87,0,0,1.91,0,3.83,1.91,37.34,7.66,167.6,22.02,0,31.49,47.87,32.55,18.19,2.87,26.81,86.17,23.94,6.7,63.19,32.55,1.91,30.64,0.96,35.43,18.23,452.9,36.38,0,58.3,22.02,335.1,0,8.62,13.4,7.66,19.15,8.62,1.91,18.19,69.89,2.87,81.38,12.45,109.2,7.66,146.5,17.23,29.68,389.7,27.77,0,0.96,1.91,146.5,3.83,25.85,167.6,2.15,0.92,0,54.55,20.93,100,45.45,55.17,100,0,0,20,0,65.12,51.14,37.88,50,51.52,0,40,96.05,25,92.86,79.72,100,87.43,78.26,62,86.05,76.32,50,50,50,48.15,87.43,100,0,3,33,18,4,48,76,1,0,5,12,9,4,115,43,9,1,1,0,14,176,80,29,16,143,7,2,2,2,2,3,0,0,2,0,4,2,39,8,175,23,0,50,34,19,108,1,1,3,28,90,25,7,66,34,2,32,1,37,473,38,0,11.83,10,0,23,350,83,0,9,14,8,20,9,2,19,73,3,85,13,114,8,153,18,31,407,29,0,1,2,153,4,27,175,2.25,0.96,0
Rapid Bucureşti,"Argeș - Rapid Bucureşti, 0-2",2025-07-11 20:30:00,3,Away,11566,719,191642,4435361,5715681,6.43,33.06,0,31.22,52.35,105.6,67.04,0,0.92,7.35,1.84,7.35,114.8,52.35,9.18,0.92,0.92,0,25.11,16.53,187.3,63.37,28.47,7.35,116.6,14.69,2.76,0.92,2.76,1.84,3.67,7.35,5.51,2.76,0,1.84,0,29.39,0,86.33,1.84,5.51,22.39,39.49,28.47,13.78,4.59,29.39,83.57,30.31,9.18,73.47,30.31,0,14.69,0.92,41.33,16.45,313.2,34.9,0,46.5,8.27,204.8,0,2.76,4.59,0,7.35,12.86,0,14.69,47.76,0.92,68.88,9.18,79.9,0,75.31,1.84,18.37,249.8,25.71,0,0,0,75.31,1.84,6.43,86.33,0.39,1.68,3.67,30.56,17.54,100,33.82,25.81,66.67,0,0,25,0,56.14,44.61,41.25,55.56,41.25,0,62.5,91.23,12.5,55.56,68.5,0,87.23,100,46.51,79.77,73.68,60,0,0,85.71,87.23,100,25,7,36,11,0,34,57,1,0,1,8,2,8,125,57,10,1,1,0,18,204,69,31,8,127,16,3,1,3,2,4,8,6,3,0,2,0,32,0,94,2,6,43,31,15,115,1,1,5,32,91,33,10,80,33,0,16,1,45,341,38,0,14.06,9,0,9,223,73,0,3,5,0,8,14,0,16,52,1,75,10,87,0,82,2,20,272,28,0,0,0,82,2,7,94,0.42,1.83,4
Unirea Slobozia,"Petrolul 52 - Unirea Slobozia, 1-0",2026-02-03 15:00:00,0,Away,11663,719,191642,4435361,5715879,2.76,39.49,0,22.96,39.49,129.5,73.47,0.92,2.76,4.59,2.76,13.78,161.6,59.69,11.94,0,0,0,17.81,10.1,173.6,49.59,33.06,10.1,112,6.43,0,0,2.76,2.76,3.67,12.86,10.1,8.27,0,0,1.84,62.45,0.92,63.37,0,11.02,29.91,55.1,31.22,11.02,5.51,42.24,75.31,8.27,3.67,43.16,12.86,0.92,18.37,0.92,62.45,18.5,257.1,39.49,0,35.4,7.35,142.3,0,1.84,3.67,0.92,7.35,23.88,0.92,10.1,33.98,1.84,118.5,4.59,60.61,0.92,44.08,0,19.29,170.8,13.78,0,0.92,1.84,44.08,7.35,4.59,63.37,0.62,3.17,0.92,34.88,20,0,28.57,30.56,100,0,0,0,100,70.77,43.39,19.15,36.36,29.79,0,50,86.05,40,45.45,54.1,100,69.57,0,35,66.43,34.88,25,100,25,40,69.57,0,14.29,3,43,15,0,25,43,0,1,3,5,3,15,176,65,13,0,0,0,11,189,54,36,11,122,7,0,0,3,3,4,14,11,9,0,0,2,68,1,69,0,12,60,34,12,141,1,1,6,46,82,9,4,47,14,1,20,1,68,280,43,0,21.5,6,0,8,155,80,0,2,4,1,8,26,1,11,37,2,129,5,66,1,48,0,21,186,15,0,1,2,48,8,5,69,0.67,3.45,1
Argeș,"Rapid Bucureşti - Argeș, 2-0",2025-11-08 19:30:00,0,Away,23334,719,191642,4435361,5715801,0.96,42.13,0,43.09,41.17,99.57,84.26,1.91,6.7,11.49,1.91,1.91,127.3,61.28,13.4,0,0,0,7.11,21.06,204.9,77.55,34.47,19.15,112,7.66,3.83,0.96,2.87,2.87,4.79,3.83,2.87,0,0,0,3.83,23.94,1.91,102.5,2.87,3.83,25.45,48.83,26.81,12.45,5.74,44.04,99.57,20.11,9.57,74.68,28.72,1.91,33.51,0.96,22.98,18.72,297.8,59.36,0,42.9,12.45,179,0,0,8.62,1.91,10.53,7.66,0,14.36,38.3,3.83,90.96,14.36,76.6,1.91,90.96,2.87,30.64,233.6,36.38,0,0,0,90.96,0.96,14.36,102.5,0.44,0.62,0.96,54.55,21.88,0,37.85,55.56,100,0,0,0,0,71.88,48.6,26.92,45.45,38.46,0,9.09,93.02,33.33,68.18,68.38,100,88.79,100,62.75,78.46,61.29,55.56,0,0,26.67,88.79,0,12.5,1,44,24,0,45,43,0,2,7,12,2,2,133,64,14,0,0,0,22,214,81,36,20,117,8,4,1,3,3,5,4,3,0,0,0,4,25,2,107,3,4,51,28,13,104,1,1,6,46,104,21,10,78,30,2,35,1,24,311,62,0,14.71,12,0,13,187,88,0,0,9,2,11,8,0,15,40,4,95,15,80,2,95,3,32,244,38,0,0,0,95,1,15,107,0.46,0.65,1
Dinamo Bucureşti,"Botoşani - Dinamo Bucureşti, 1-1",2025-11-24 19:30:00,1,Away,11564,719,191642,4435361,5715815,0,50.74,0,48.83,66.06,120.6,89.04,0.96,6.7,13.4,3.83,7.66,155.1,70.85,13.4,0,0,0,17.81,22.02,246.1,104.4,42.13,22.98,172.3,16.28,0.96,0,2.87,1.91,1.91,7.66,7.66,2.87,0,0.96,0.96,33.51,1.91,140.7,1.91,2.87,24.02,67.98,54.57,27.77,0,48.83,130.2,24.89,13.4,69.89,34.47,4.79,17.23,0.96,49.79,17.03,441.4,39.26,0,57.4,12.45,290.1,0,5.74,6.7,1.91,11.49,10.53,1.91,24.89,60.32,4.79,111.1,19.15,120.6,1.91,120.6,0.96,39.26,354.3,25.85,0,0.96,0,120.6,0.96,22.98,140.7,1.13,0.49,1.91,56.6,18.92,0,42.41,54.55,66.67,0,0,8.333,100,68.92,52.92,35.62,60.87,49.32,0,50,91.3,35.71,86.96,70,100,85.71,50,57.75,80.26,65.85,71.43,50,0,50,85.71,0,11.77,0,53,30,0,51,69,0,1,7,14,4,8,162,74,14,0,0,0,23,257,109,44,24,180,17,1,0,3,2,2,8,8,3,0,1,1,35,2,147,2,3,71,57,29,126,1,1,0,51,136,26,14,73,36,5,18,1,52,461,41,0,9.68,0,0,13,303,93,0,6,7,2,12,11,2,26,63,5,116,20,126,2,126,1,41,370,27,0,1,0,126,1,24,147,1.18,0.51,2
